source,processing,spectrum_unit,fft_resolution_hz,peak_frequency_hz,peak_rms_amplitude,peak_prominence,match_status,matched_family,component_identified,matched_machine_frequency,harmonic_order,theoretical_frequency_hz,difference_hz,tolerance_hz,all_candidates_within_tolerance,sideband_analysis,diagnostic_interpretation
timesignal.uff,velocity_native,mm/s,0.312481728,1.87489037,7.87487742,6.54653359,Yes,bearing,Output shaft bearing 250,Cage FTF/Cage,2,1.84,0.0348903658,0.624963455,Output shaft bearing 250 Cage FTF/Cage H2 1.840 Hz; Output shaft bearing 250/251 Cage FTF/Cage H2 1.840 Hz; Output shaft Shaft rotation H1 2.050 Hz,No clear sideband pattern,Bearing characteristic match (secondary attention for this spectrum type): Output shaft bearing 250 Cage FTF/Cage H2. No clear sideband family detected from significant peaks.
timesignal.uff,velocity_native,mm/s,0.312481728,4.99970764,1.41242567,0.609999893,Yes,bearing,Output shaft bearing 250,Cage FTF/Cage,5,4.6,0.399707642,0.624963455,Output shaft bearing 250 Cage FTF/Cage H5 4.600 Hz; Output shaft bearing 250/251 Cage FTF/Cage H5 4.600 Hz; Output shaft bearing 250 Cage FTF/Cage H6 5.520 Hz; Output shaft bearing 250/251 Cage FTF/Cage H6 5.520 Hz,"2 sideband(s), spacing 1.042 Hz ~ Output shaft bearing 250 Cage FTF/Cage (0.920 Hz)",Bearing characteristic match (secondary attention for this spectrum type): Output shaft bearing 250 Cage FTF/Cage H5. Sidebands present with Output shaft bearing 250 Cage FTF/Cage spacing.
timesignal.uff,velocity_native,mm/s,0.312481728,55.6217475,0.711569068,0.68533111,Yes,bearing,Input shaft bearing 151,Cage FTF/Cage,8,55.44,0.181747518,0.624963455,Input shaft bearing 151 Cage FTF/Cage H8 55.440 Hz,"2 sideband(s), spacing 50.622 Hz ~ 2nd shaft bearing 350 OR BPFO/Outer race (50.230 Hz)",Bearing characteristic match (secondary attention for this spectrum type): Input shaft bearing 151 Cage FTF/Cage H8. Sidebands present with 2nd shaft bearing 350 OR BPFO/Outer race spacing.
timesignal.uff,velocity_native,mm/s,0.312481728,111.243495,0.892631387,0.844010254,Yes,bearing,2nd shaft bearing 350,RE BSF/Rolling element,5,110.25,0.993495037,1.1025,2nd shaft bearing 350 RE BSF/Rolling element H5 110.250 Hz,No clear sideband pattern,Bearing characteristic match (secondary attention for this spectrum type): 2nd shaft bearing 350 RE BSF/Rolling element H5. No clear sideband family detected from significant peaks.
timesignal.uff,velocity_native,mm/s,0.312481728,125.305173,0.568446428,0.520318807,Yes,bearing,Input shaft bearing 151,OR BPFO/Outer race,1,125.9,0.59482722,1.259,Input shaft bearing 151 OR BPFO/Outer race H1 125.900 Hz,"2 sideband(s), spacing 7.031 Hz ~ Input shaft bearing 151 Cage FTF/Cage (6.930 Hz)",Bearing characteristic match (secondary attention for this spectrum type): Input shaft bearing 151 OR BPFO/Outer race H1. Sidebands present with Input shaft bearing 151 Cage FTF/Cage spacing.
timesignal.uff,velocity_native,mm/s,0.312481728,153.116047,0.755498167,0.731140177,Yes,bearing,2nd shaft bearing 350,RE BSF/Rolling element,7,154.35,1.23395346,1.5435,2nd shaft bearing 350 RE BSF/Rolling element H7 154.350 Hz,"2 sideband(s), spacing 24.165 Hz ~ Output shaft bearing 250/251 OR BPFO/Outer race (23.980 Hz)",Bearing characteristic match (secondary attention for this spectrum type): 2nd shaft bearing 350 RE BSF/Rolling element H7. Sidebands present with Output shaft bearing 250/251 OR BPFO/Outer race spacing.
timesignal.uff,velocity_native,mm/s,0.312481728,225.611807,1.13811885,1.01178064,Yes,bearing,Input shaft bearing 150,RE BSF/Rolling element,4,226.96,1.34819265,2.2696,Input shaft bearing 150 RE BSF/Rolling element H4 226.960 Hz,"3 sideband(s), spacing 8.125 Hz ~ 2nd shaft Shaft rotation (8.110 Hz)",Bearing characteristic match (secondary attention for this spectrum type): Input shaft bearing 150 RE BSF/Rolling element H4. Sidebands present with 2nd shaft Shaft rotation spacing.
timesignal.uff,velocity_native,mm/s,0.312481728,241.860857,1.08945456,1.0002367,Yes,bearing,Output shaft bearing 250/251,OR BPFO/Outer race,10,239.8,2.06085719,2.398,Output shaft bearing 250/251 OR BPFO/Outer race H10 239.800 Hz; Output shaft bearing 250 OR BPFO/Outer race H10 239.700 Hz,"3 sideband(s), spacing 8.125 Hz ~ 2nd shaft Shaft rotation (8.110 Hz)",Bearing characteristic match (secondary attention for this spectrum type): Output shaft bearing 250/251 OR BPFO/Outer race H10. Sidebands present with 2nd shaft Shaft rotation spacing.
timesignal.uff,velocity_native,mm/s,0.312481728,249.985382,1.13235914,1.0536386,Yes,bearing,2nd shaft bearing 350/351,OR BPFO/Outer race,5,249.65,0.335382105,2.4965,2nd shaft bearing 350/351 OR BPFO/Outer race H5 249.650 Hz; 2nd shaft bearing 350 OR BPFO/Outer race H5 251.150 Hz; Input shaft bearing 151 OR BPFO/Outer race H2 251.800 Hz,"4 sideband(s), spacing 2.708 Hz ~ Output shaft Shaft rotation (2.050 Hz)",Bearing characteristic match (secondary attention for this spectrum type): 2nd shaft bearing 350/351 OR BPFO/Outer race H5. Sidebands present with Output shaft Shaft rotation spacing.
timesignal.uff,velocity_native,mm/s,0.312481728,258.109907,1.12296898,1.07087051,Yes,bearing,Input shaft bearing 151,RE BSF/Rolling element,5,259.05,0.940092977,2.5905,Input shaft bearing 151 RE BSF/Rolling element H5 259.050 Hz; Input shaft bearing 150 OR BPFO/Outer race H2 255.780 Hz,"3 sideband(s), spacing 8.125 Hz ~ 2nd shaft Shaft rotation (8.110 Hz)",Bearing characteristic match (secondary attention for this spectrum type): Input shaft bearing 151 RE BSF/Rolling element H5. Sidebands present with 2nd shaft Shaft rotation spacing.
timesignal.uff,velocity_native,mm/s,0.312481728,462.785439,0.947893392,0.922671837,Yes,gear,Gear mesh,GMF Stage 1,1,462,0.785438621,4.62,Gear mesh GMF Stage 1 H1 462.000 Hz; Input shaft bearing 151 RE BSF/Rolling element H9 466.290 Hz,No clear sideband pattern,Gear characteristic match (primary attention for this spectrum type): Gear mesh GMF Stage 1 H1. No clear sideband family detected from significant peaks.
timesignal.uff,velocity_native,mm/s,0.312481728,555.904993,1.05357529,0.981470364,No,,,,,,,,,No clear sideband pattern,Significant peak; no table match within tolerance. Trend and inspect if amplitude is high.
timesignal.uff,velocity_native,mm/s,0.312481728,725.27009,0.593587487,0.563071097,Yes,gear,Gear mesh,GMF Stage 2,5,729.45,4.17991017,7.2945,Gear mesh GMF Stage 2 H5 729.450 Hz,No clear sideband pattern,Gear characteristic match (primary attention for this spectrum type): Gear mesh GMF Stage 2 H5. No clear sideband family detected from significant peaks.
timesignal (1).uff,velocity_from_acceleration,mm/s,0.062500032,0.62500032,115.479759,107.152223,No,,,,,,,,,No clear sideband pattern,Significant peak; no table match within tolerance. Trend and inspect if amplitude is high.
timesignal (2).uff,acceleration,m/s²,0.999999283,462.999668,2.89046818,2.65904168,Yes,gear,Gear mesh,GMF Stage 1,1,462,0.999668122,4.62,Gear mesh GMF Stage 1 H1 462.000 Hz; Input shaft bearing 151 RE BSF/Rolling element H9 466.290 Hz,No clear sideband pattern,Gear characteristic match (secondary attention for this spectrum type): Gear mesh GMF Stage 1 H1. No clear sideband family detected from significant peaks.
timesignal (2).uff,acceleration,m/s²,0.999999283,555.999601,3.56311552,3.0743188,No,,,,,,,,,No clear sideband pattern,Significant peak; no table match within tolerance. Trend and inspect if amplitude is high.
timesignal (2).uff,acceleration,m/s²,0.999999283,724.99948,2.78452577,2.16715502,Yes,gear,Gear mesh,GMF Stage 2,5,729.45,4.45051968,7.2945,Gear mesh GMF Stage 2 H5 729.450 Hz,No clear sideband pattern,Gear characteristic match (secondary attention for this spectrum type): Gear mesh GMF Stage 2 H5. No clear sideband family detected from significant peaks.
timesignal (2).uff,acceleration,m/s²,0.999999283,2381.99829,2.79924919,2.3813728,No,,,,,,,,,No clear sideband pattern,Significant peak; no table match within tolerance. Trend and inspect if amplitude is high.
timesignal (2).uff,acceleration,m/s²,0.999999283,2883.99793,3.84129565,3.29743415,No,,,,,,,,,No clear sideband pattern,Significant peak; no table match within tolerance. Trend and inspect if amplitude is high.
timesignal (2).uff,acceleration,m/s²,0.999999283,3008.99784,4.83846085,3.74816632,No,,,,,,,,,No clear sideband pattern,Significant peak; no table match within tolerance. Trend and inspect if amplitude is high.
timesignal (2).uff,acceleration,m/s²,0.999999283,3133.99775,6.0821888,5.09325952,No,,,,,,,,,No clear sideband pattern,Significant peak; no table match within tolerance. Trend and inspect if amplitude is high.
timesignal (2).uff,acceleration,m/s²,0.999999283,5014.99641,3.32007616,2.38246516,No,,,,,,,,,No clear sideband pattern,Significant peak; no table match within tolerance. Trend and inspect if amplitude is high.
timesignal (2).uff,acceleration,m/s²,0.999999283,5139.99632,2.96823147,2.38281178,No,,,,,,,,,No clear sideband pattern,Significant peak; no table match within tolerance. Trend and inspect if amplitude is high.
timesignal (2).uff,acceleration,m/s²,0.999999283,5265.99623,3.91926103,3.04259402,No,,,,,,,,,No clear sideband pattern,Significant peak; no table match within tolerance. Trend and inspect if amplitude is high.
timesignal (2).uff,acceleration,m/s²,0.999999283,5390.99614,2.39909422,1.76280001,No,,,,,,,,,No clear sideband pattern,Significant peak; no table match within tolerance. Trend and inspect if amplitude is high.
timesignal (2).uff,acceleration,m/s²,0.999999283,5516.99605,2.84907259,1.86210378,No,,,,,,,,,No clear sideband pattern,Significant peak; no table match within tolerance. Trend and inspect if amplitude is high.
timesignal (2).uff,acceleration,m/s²,0.999999283,5633.99596,3.41989319,2.08758715,No,,,,,,,,,No clear sideband pattern,Significant peak; no table match within tolerance. Trend and inspect if amplitude is high.
timesignal (3).uff,envelope,m/s²,0.0999756859,8.09803056,0.801367163,0.674596363,Yes,gear,2nd shaft,Shaft rotation,1,8.11,0.011969441,0.199951372,2nd shaft Shaft rotation H1 8.110 Hz; Output shaft Shaft rotation H4 8.200 Hz; Output shaft Wobbling H2 8.220 Hz; Output shaft bearing 250 Cage FTF/Cage H9 8.280 Hz; Output shaft bearing 250/251 Cage FTF/Cage H9 8.280 Hz,"2 sideband(s), spacing 24.161 Hz ~ Output shaft bearing 250/251 OR BPFO/Outer race (23.980 Hz)",Gear characteristic match (secondary attention for this spectrum type): 2nd shaft Shaft rotation H1. Sidebands present with Output shaft bearing 250/251 OR BPFO/Outer race spacing.
timesignal (3).uff,envelope,m/s²,0.0999756859,32.4920979,0.6018558,0.491791729,Yes,gear,2nd shaft,Shaft rotation,4,32.44,0.0520979218,0.3244,2nd shaft Shaft rotation H4 32.440 Hz; 2nd shaft Wobbling H2 32.420 Hz,"2 sideband(s), spacing 24.044 Hz ~ Output shaft bearing 250/251 OR BPFO/Outer race (23.980 Hz)",Gear characteristic match (secondary attention for this spectrum type): 2nd shaft Shaft rotation H4. Sidebands present with Output shaft bearing 250/251 OR BPFO/Outer race spacing.
timesignal (3).uff,envelope,m/s²,0.0999756859,48.0883049,0.732376582,0.63016033,Yes,bearing,Output shaft bearing 250/251,OR BPFO/Outer race,2,47.96,0.128304924,0.4796,Output shaft bearing 250/251 OR BPFO/Outer race H2 47.960 Hz; Output shaft bearing 250 OR BPFO/Outer race H2 47.940 Hz; Input shaft bearing 151 Cage FTF/Cage H7 48.510 Hz,No clear sideband pattern,Bearing characteristic match (primary attention for this spectrum type): Output shaft bearing 250/251 OR BPFO/Outer race H2. No clear sideband family detected from significant peaks.
timesignal (3).uff,envelope,m/s²,0.0999756859,80.5804028,0.54573715,0.446912846,Yes,gear,2nd shaft,Wobbling,5,81.05,0.469597154,0.8105,2nd shaft Wobbling H5 81.050 Hz; 2nd shaft Shaft rotation H10 81.100 Hz,"3 sideband(s), spacing 8.098 Hz ~ 2nd shaft Shaft rotation (8.110 Hz)",Gear characteristic match (secondary attention for this spectrum type): 2nd shaft Wobbling H5. Sidebands present with 2nd shaft Shaft rotation spacing.
timesignal (3).uff,envelope,m/s²,0.0999756859,88.6784334,0.650815327,0.532447939,Yes,bearing,Output shaft bearing 250/251,RE BSF/Rolling element,9,88.56,0.118433405,0.8856,Output shaft bearing 250/251 RE BSF/Rolling element H9 88.560 Hz; Output shaft bearing 250 IR BPFI/Inner race H3 88.350 Hz; Output shaft bearing 250/251 IR BPFI/Inner race H3 88.350 Hz; 2nd shaft bearing 350 RE BSF/Rolling element H4 88.200 Hz; Output shaft bearing 250 RE BSF/Rolling element H9 88.200 Hz,"2 sideband(s), spacing 8.098 Hz ~ 2nd shaft Shaft rotation (8.110 Hz)",Bearing characteristic match (primary attention for this spectrum type): Output shaft bearing 250/251 RE BSF/Rolling element H9. Sidebands present with 2nd shaft Shaft rotation spacing.
timesignal (3).uff,envelope,m/s²,0.0999756859,104.97447,0.517754577,0.430900845,No,,,,,,,,,No clear sideband pattern,Significant peak; no table match within tolerance. Trend and inspect if amplitude is high.
timesignal (3).uff,envelope,m/s²,0.0999756859,125.36951,7.12394758,7.02281497,Yes,bearing,Input shaft bearing 151,OR BPFO/Outer race,1,125.9,0.530489865,1.259,Input shaft bearing 151 OR BPFO/Outer race H1 125.900 Hz,No clear sideband pattern,Bearing characteristic match (primary attention for this spectrum type): Input shaft bearing 151 OR BPFO/Outer race H1. No clear sideband family detected from significant peaks.
timesignal (3).uff,envelope,m/s²,0.0999756859,250.73902,4.27692434,4.18960042,Yes,bearing,2nd shaft bearing 350,OR BPFO/Outer race,5,251.15,0.41097973,2.5115,2nd shaft bearing 350 OR BPFO/Outer race H5 251.150 Hz; Input shaft bearing 151 OR BPFO/Outer race H2 251.800 Hz; 2nd shaft bearing 350/351 OR BPFO/Outer race H5 249.650 Hz,No clear sideband pattern,Bearing characteristic match (primary attention for this spectrum type): 2nd shaft bearing 350 OR BPFO/Outer race H5. No clear sideband family detected from significant peaks.
timesignal (3).uff,envelope,m/s²,0.0999756859,376.208506,2.04176595,1.97114337,Yes,bearing,Input shaft bearing 151,OR BPFO/Outer race,3,377.7,1.49149391,3.777,Input shaft bearing 151 OR BPFO/Outer race H3 377.700 Hz,No clear sideband pattern,Bearing characteristic match (primary attention for this spectrum type): Input shaft bearing 151 OR BPFO/Outer race H3. No clear sideband family detected from significant peaks.
timesignal (3).uff,envelope,m/s²,0.0999756859,501.578016,1.88250437,1.80602579,Yes,bearing,2nd shaft bearing 350/351,IR BPFI/Inner race,7,501.55,0.0280162265,5.0155,2nd shaft bearing 350/351 IR BPFI/Inner race H7 501.550 Hz; 2nd shaft bearing 350 OR BPFO/Outer race H10 502.300 Hz; Input shaft bearing 151 OR BPFO/Outer race H4 503.600 Hz; 2nd shaft bearing 350 IR BPFI/Inner race H7 499.450 Hz; 2nd shaft bearing 350/351 OR BPFO/Outer race H10 499.300 Hz,No clear sideband pattern,Bearing characteristic match (primary attention for this spectrum type): 2nd shaft bearing 350/351 IR BPFI/Inner race H7. No clear sideband family detected from significant peaks.
timesignal (3).uff,envelope,m/s²,0.0999756859,626.947526,1.02857243,0.959322834,Yes,bearing,Input shaft bearing 151,OR BPFO/Outer race,5,629.5,2.55247364,6.295,Input shaft bearing 151 OR BPFO/Outer race H5 629.500 Hz,No clear sideband pattern,Bearing characteristic match (primary attention for this spectrum type): Input shaft bearing 151 OR BPFO/Outer race H5. No clear sideband family detected from significant peaks.
timesignal (3).uff,envelope,m/s²,0.0999756859,752.317036,1.58596897,1.5175103,Yes,bearing,Input shaft bearing 151,OR BPFO/Outer race,6,755.4,3.0829635,7.554,Input shaft bearing 151 OR BPFO/Outer race H6 755.400 Hz,No clear sideband pattern,Bearing characteristic match (primary attention for this spectrum type): Input shaft bearing 151 OR BPFO/Outer race H6. No clear sideband family detected from significant peaks.
timesignal (3).uff,envelope,m/s²,0.0999756859,877.686547,1.64845765,1.5760878,Yes,bearing,Input shaft bearing 151,OR BPFO/Outer race,7,881.3,3.61345337,8.813,Input shaft bearing 151 OR BPFO/Outer race H7 881.300 Hz,"2 sideband(s), spacing 31.342 Hz ~ Input/Motor shaft Wobbling (33.000 Hz)",Bearing characteristic match (primary attention for this spectrum type): Input shaft bearing 151 OR BPFO/Outer race H7. Sidebands present with Input/Motor shaft Wobbling spacing.
timesignal (3).uff,envelope,m/s²,0.0999756859,1003.05606,1.58322579,1.51591122,Yes,bearing,Input shaft bearing 151,OR BPFO/Outer race,8,1007.2,4.14394323,10.072,Input shaft bearing 151 OR BPFO/Outer race H8 1007.200 Hz,"2 sideband(s), spacing 31.342 Hz ~ Input/Motor shaft Wobbling (33.000 Hz)",Bearing characteristic match (primary attention for this spectrum type): Input shaft bearing 151 OR BPFO/Outer race H8. Sidebands present with Input/Motor shaft Wobbling spacing.
timesignal (3).uff,envelope,m/s²,0.0999756859,1128.42557,1.55476705,1.45971353,Yes,bearing,Input shaft bearing 151,OR BPFO/Outer race,9,1133.1,4.6744331,11.331,Input shaft bearing 151 OR BPFO/Outer race H9 1133.100 Hz,"2 sideband(s), spacing 31.342 Hz ~ Input/Motor shaft Wobbling (33.000 Hz)",Bearing characteristic match (primary attention for this spectrum type): Input shaft bearing 151 OR BPFO/Outer race H9. Sidebands present with Input/Motor shaft Wobbling spacing.
timesignal (3).uff,envelope,m/s²,0.0999756859,1253.89505,1.17514451,1.09842003,Yes,bearing,Input shaft bearing 151,OR BPFO/Outer race,10,1259,5.10494728,12.59,Input shaft bearing 151 OR BPFO/Outer race H10 1259.000 Hz,No clear sideband pattern,Bearing characteristic match (primary attention for this spectrum type): Input shaft bearing 151 OR BPFO/Outer race H10. No clear sideband family detected from significant peaks.
timesignal (4).uff,envelope,m/s²,0.0999756859,32.4920979,0.542089496,0.45080159,Yes,gear,2nd shaft,Shaft rotation,4,32.44,0.0520979218,0.3244,2nd shaft Shaft rotation H4 32.440 Hz; 2nd shaft Wobbling H2 32.420 Hz,No clear sideband pattern,Gear characteristic match (secondary attention for this spectrum type): 2nd shaft Shaft rotation H4. No clear sideband family detected from significant peaks.
timesignal (4).uff,envelope,m/s²,0.0999756859,48.0883049,0.566246671,0.451015172,Yes,bearing,Output shaft bearing 250/251,OR BPFO/Outer race,2,47.96,0.128304924,0.4796,Output shaft bearing 250/251 OR BPFO/Outer race H2 47.960 Hz; Output shaft bearing 250 OR BPFO/Outer race H2 47.940 Hz; Input shaft bearing 151 Cage FTF/Cage H7 48.510 Hz,No clear sideband pattern,Bearing characteristic match (primary attention for this spectrum type): Output shaft bearing 250/251 OR BPFO/Outer race H2. No clear sideband family detected from significant peaks.
timesignal (4).uff,envelope,m/s²,0.0999756859,55.5864814,0.499171254,0.429202022,Yes,bearing,Input shaft bearing 151,Cage FTF/Cage,8,55.44,0.146481368,0.5544,Input shaft bearing 151 Cage FTF/Cage H8 55.440 Hz,No clear sideband pattern,Bearing characteristic match (primary attention for this spectrum type): Input shaft bearing 151 Cage FTF/Cage H8. No clear sideband family detected from significant peaks.
timesignal (4).uff,envelope,m/s²,0.0999756859,80.5804028,0.480112664,0.410452724,Yes,gear,2nd shaft,Wobbling,5,81.05,0.469597154,0.8105,2nd shaft Wobbling H5 81.050 Hz; 2nd shaft Shaft rotation H10 81.100 Hz,No clear sideband pattern,Gear characteristic match (secondary attention for this spectrum type): 2nd shaft Wobbling H5. No clear sideband family detected from significant peaks.
timesignal (4).uff,envelope,m/s²,0.0999756859,117.27148,0.522474243,0.451916115,Yes,bearing,Output shaft bearing 250,IR BPFI/Inner race,4,117.8,0.528520424,1.178,Output shaft bearing 250 IR BPFI/Inner race H4 117.800 Hz; Output shaft bearing 250/251 IR BPFI/Inner race H4 117.800 Hz,No clear sideband pattern,Bearing characteristic match (primary attention for this spectrum type): Output shaft bearing 250 IR BPFI/Inner race H4. No clear sideband family detected from significant peaks.
timesignal (4).uff,envelope,m/s²,0.0999756859,125.36951,6.64092724,6.53321483,Yes,bearing,Input shaft bearing 151,OR BPFO/Outer race,1,125.9,0.530489865,1.259,Input shaft bearing 151 OR BPFO/Outer race H1 125.900 Hz,No clear sideband pattern,Bearing characteristic match (primary attention for this spectrum type): Input shaft bearing 151 OR BPFO/Outer race H1. No clear sideband family detected from significant peaks.
timesignal (4).uff,envelope,m/s²,0.0999756859,233.643178,0.540522029,0.47545646,Yes,bearing,Output shaft bearing 250,IR BPFI/Inner race,8,235.6,1.95682202,2.356,Output shaft bearing 250 IR BPFI/Inner race H8 235.600 Hz; Output shaft bearing 250/251 IR BPFI/Inner race H8 235.600 Hz,No clear sideband pattern,Bearing characteristic match (primary attention for this spectrum type): Output shaft bearing 250 IR BPFI/Inner race H8. No clear sideband family detected from significant peaks.
timesignal (4).uff,envelope,m/s²,0.0999756859,250.838996,4.90973485,4.83357753,Yes,bearing,2nd shaft bearing 350,OR BPFO/Outer race,5,251.15,0.311004044,2.5115,2nd shaft bearing 350 OR BPFO/Outer race H5 251.150 Hz; Input shaft bearing 151 OR BPFO/Outer race H2 251.800 Hz; 2nd shaft bearing 350/351 OR BPFO/Outer race H5 249.650 Hz,No clear sideband pattern,Bearing characteristic match (primary attention for this spectrum type): 2nd shaft bearing 350 OR BPFO/Outer race H5. No clear sideband family detected from significant peaks.
timesignal (4).uff,envelope,m/s²,0.0999756859,376.208506,2.9853265,2.91054798,Yes,bearing,Input shaft bearing 151,OR BPFO/Outer race,3,377.7,1.49149391,3.777,Input shaft bearing 151 OR BPFO/Outer race H3 377.700 Hz,No clear sideband pattern,Bearing characteristic match (primary attention for this spectrum type): Input shaft bearing 151 OR BPFO/Outer race H3. No clear sideband family detected from significant peaks.
timesignal (4).uff,envelope,m/s²,0.0999756859,501.578016,1.8125688,1.75020746,Yes,bearing,2nd shaft bearing 350/351,IR BPFI/Inner race,7,501.55,0.0280162265,5.0155,2nd shaft bearing 350/351 IR BPFI/Inner race H7 501.550 Hz; 2nd shaft bearing 350 OR BPFO/Outer race H10 502.300 Hz; Input shaft bearing 151 OR BPFO/Outer race H4 503.600 Hz; 2nd shaft bearing 350 IR BPFI/Inner race H7 499.450 Hz; 2nd shaft bearing 350/351 OR BPFO/Outer race H10 499.300 Hz,No clear sideband pattern,Bearing characteristic match (primary attention for this spectrum type): 2nd shaft bearing 350/351 IR BPFI/Inner race H7. No clear sideband family detected from significant peaks.
timesignal (4).uff,envelope,m/s²,0.0999756859,627.047502,0.618728246,0.564394168,Yes,bearing,Input shaft bearing 151,OR BPFO/Outer race,5,629.5,2.45249795,6.295,Input shaft bearing 151 OR BPFO/Outer race H5 629.500 Hz,No clear sideband pattern,Bearing characteristic match (primary attention for this spectrum type): Input shaft bearing 151 OR BPFO/Outer race H5. No clear sideband family detected from significant peaks.
timesignal (4).uff,envelope,m/s²,0.0999756859,752.417012,1.01728246,0.957669089,Yes,bearing,Input shaft bearing 151,OR BPFO/Outer race,6,755.4,2.98298782,7.554,Input shaft bearing 151 OR BPFO/Outer race H6 755.400 Hz,No clear sideband pattern,Bearing characteristic match (primary attention for this spectrum type): Input shaft bearing 151 OR BPFO/Outer race H6. No clear sideband family detected from significant peaks.
timesignal (4).uff,envelope,m/s²,0.0999756859,877.886498,1.49970149,1.44477328,Yes,bearing,Input shaft bearing 151,OR BPFO/Outer race,7,881.3,3.413502,8.813,Input shaft bearing 151 OR BPFO/Outer race H7 881.300 Hz,"2 sideband(s), spacing 31.367 Hz ~ Input/Motor shaft Wobbling (33.000 Hz)",Bearing characteristic match (primary attention for this spectrum type): Input shaft bearing 151 OR BPFO/Outer race H7. Sidebands present with Input/Motor shaft Wobbling spacing.
timesignal (4).uff,envelope,m/s²,0.0999756859,1003.25601,1.75890854,1.69904351,Yes,bearing,Input shaft bearing 151,OR BPFO/Outer race,8,1007.2,3.94399186,10.072,Input shaft bearing 151 OR BPFO/Outer race H8 1007.200 Hz,"2 sideband(s), spacing 31.342 Hz ~ Input/Motor shaft Wobbling (33.000 Hz)",Bearing characteristic match (primary attention for this spectrum type): Input shaft bearing 151 OR BPFO/Outer race H8. Sidebands present with Input/Motor shaft Wobbling spacing.
timesignal (4).uff,envelope,m/s²,0.0999756859,1128.62552,1.35125244,1.30016728,Yes,bearing,Input shaft bearing 151,OR BPFO/Outer race,9,1133.1,4.47448173,11.331,Input shaft bearing 151 OR BPFO/Outer race H9 1133.100 Hz,"2 sideband(s), spacing 31.342 Hz ~ Input/Motor shaft Wobbling (33.000 Hz)",Bearing characteristic match (primary attention for this spectrum type): Input shaft bearing 151 OR BPFO/Outer race H9. Sidebands present with Input/Motor shaft Wobbling spacing.
timesignal (4).uff,envelope,m/s²,0.0999756859,1254.095,0.717530404,0.662649579,Yes,bearing,Input shaft bearing 151,OR BPFO/Outer race,10,1259,4.9049959,12.59,Input shaft bearing 151 OR BPFO/Outer race H10 1259.000 Hz,No clear sideband pattern,Bearing characteristic match (primary attention for this spectrum type): Input shaft bearing 151 OR BPFO/Outer race H10. No clear sideband family detected from significant peaks.
timesignal (5).uff,velocity_native,mm/s,0.312481728,1.87489037,13.787151,10.515817,Yes,bearing,Output shaft bearing 250,Cage FTF/Cage,2,1.84,0.0348903658,0.624963455,Output shaft bearing 250 Cage FTF/Cage H2 1.840 Hz; Output shaft bearing 250/251 Cage FTF/Cage H2 1.840 Hz; Output shaft Shaft rotation H1 2.050 Hz,No clear sideband pattern,Bearing characteristic match (secondary attention for this spectrum type): Output shaft bearing 250 Cage FTF/Cage H2. No clear sideband family detected from significant peaks.
timesignal (5).uff,velocity_native,mm/s,0.312481728,4.68722591,3.32240409,0.836662422,Yes,bearing,Output shaft bearing 250,Cage FTF/Cage,5,4.6,0.0872259145,0.624963455,Output shaft bearing 250 Cage FTF/Cage H5 4.600 Hz; Output shaft bearing 250/251 Cage FTF/Cage H5 4.600 Hz; Output shaft Wobbling H1 4.110 Hz; Output shaft Shaft rotation H2 4.100 Hz,No clear sideband pattern,Bearing characteristic match (secondary attention for this spectrum type): Output shaft bearing 250 Cage FTF/Cage H5. No clear sideband family detected from significant peaks.
timesignal (5).uff,velocity_native,mm/s,0.312481728,111.243495,1.49450332,1.45726978,Yes,bearing,2nd shaft bearing 350,RE BSF/Rolling element,5,110.25,0.993495037,1.1025,2nd shaft bearing 350 RE BSF/Rolling element H5 110.250 Hz,"2 sideband(s), spacing 33.123 Hz ~ Input/Motor shaft Wobbling (33.000 Hz)",Bearing characteristic match (secondary attention for this spectrum type): 2nd shaft bearing 350 RE BSF/Rolling element H5. Sidebands present with Input/Motor shaft Wobbling spacing.
timesignal (5).uff,velocity_native,mm/s,0.312481728,177.489621,1.04000567,0.974700378,Yes,bearing,Output shaft bearing 250,IR BPFI/Inner race,6,176.7,0.789621294,1.767,Output shaft bearing 250 IR BPFI/Inner race H6 176.700 Hz; Output shaft bearing 250/251 IR BPFI/Inner race H6 176.700 Hz; 2nd shaft bearing 350 RE BSF/Rolling element H8 176.400 Hz,"3 sideband(s), spacing 16.041 Hz ~ Input/Motor shaft Shaft rotation (16.500 Hz)",Bearing characteristic match (secondary attention for this spectrum type): Output shaft bearing 250 IR BPFI/Inner race H6. Sidebands present with Input/Motor shaft Shaft rotation spacing.
timesignal (5).uff,velocity_native,mm/s,0.312481728,225.611807,1.21266024,1.11528931,Yes,bearing,Input shaft bearing 150,RE BSF/Rolling element,4,226.96,1.34819265,2.2696,Input shaft bearing 150 RE BSF/Rolling element H4 226.960 Hz,"3 sideband(s), spacing 8.125 Hz ~ 2nd shaft Shaft rotation (8.110 Hz)",Bearing characteristic match (secondary attention for this spectrum type): Input shaft bearing 150 RE BSF/Rolling element H4. Sidebands present with 2nd shaft Shaft rotation spacing.
timesignal (5).uff,velocity_native,mm/s,0.312481728,241.860857,1.77166297,1.58560616,Yes,bearing,Output shaft bearing 250/251,OR BPFO/Outer race,10,239.8,2.06085719,2.398,Output shaft bearing 250/251 OR BPFO/Outer race H10 239.800 Hz; Output shaft bearing 250 OR BPFO/Outer race H10 239.700 Hz,"3 sideband(s), spacing 8.125 Hz ~ 2nd shaft Shaft rotation (8.110 Hz)",Bearing characteristic match (secondary attention for this spectrum type): Output shaft bearing 250/251 OR BPFO/Outer race H10. Sidebands present with 2nd shaft Shaft rotation spacing.
timesignal (5).uff,velocity_native,mm/s,0.312481728,249.985382,1.63722975,1.58280276,Yes,bearing,2nd shaft bearing 350/351,OR BPFO/Outer race,5,249.65,0.335382105,2.4965,2nd shaft bearing 350/351 OR BPFO/Outer race H5 249.650 Hz; 2nd shaft bearing 350 OR BPFO/Outer race H5 251.150 Hz; Input shaft bearing 151 OR BPFO/Outer race H2 251.800 Hz,"4 sideband(s), spacing 2.708 Hz ~ Output shaft Shaft rotation (2.050 Hz)",Bearing characteristic match (secondary attention for this spectrum type): 2nd shaft bearing 350/351 OR BPFO/Outer race H5. Sidebands present with Output shaft Shaft rotation spacing.
timesignal (5).uff,velocity_native,mm/s,0.312481728,258.109907,1.69848115,1.58050456,Yes,bearing,Input shaft bearing 151,RE BSF/Rolling element,5,259.05,0.940092977,2.5905,Input shaft bearing 151 RE BSF/Rolling element H5 259.050 Hz; Input shaft bearing 150 OR BPFO/Outer race H2 255.780 Hz,"3 sideband(s), spacing 8.125 Hz ~ 2nd shaft Shaft rotation (8.110 Hz)",Bearing characteristic match (secondary attention for this spectrum type): Input shaft bearing 151 RE BSF/Rolling element H5. Sidebands present with 2nd shaft Shaft rotation spacing.
timesignal (5).uff,velocity_native,mm/s,0.312481728,555.904993,1.5857738,1.50117161,No,,,,,,,,,No clear sideband pattern,Significant peak; no table match within tolerance. Trend and inspect if amplitude is high.
timesignal (6).uff,velocity_from_acceleration,mm/s,0.062500032,0.562500288,70.37334,57.1475072,No,,,,,,,,,No clear sideband pattern,Significant peak; no table match within tolerance. Trend and inspect if amplitude is high.
timesignal (7).uff,acceleration,m/s²,0.999999283,241.999827,2.96997242,2.50360594,Yes,bearing,Output shaft bearing 250/251,OR BPFO/Outer race,10,239.8,2.19982653,2.398,Output shaft bearing 250/251 OR BPFO/Outer race H10 239.800 Hz; Output shaft bearing 250 OR BPFO/Outer race H10 239.700 Hz,"2 sideband(s), spacing 4.000 Hz ~ Output shaft Wobbling (4.110 Hz)",Bearing characteristic match (primary attention for this spectrum type): Output shaft bearing 250/251 OR BPFO/Outer race H10. Sidebands present with Output shaft Wobbling spacing.
timesignal (7).uff,acceleration,m/s²,0.999999283,249.999821,2.94110707,2.53952493,Yes,bearing,2nd shaft bearing 350/351,OR BPFO/Outer race,5,249.65,0.3498208,2.4965,2nd shaft bearing 350/351 OR BPFO/Outer race H5 249.650 Hz; 2nd shaft bearing 350 OR BPFO/Outer race H5 251.150 Hz; Input shaft bearing 151 OR BPFO/Outer race H2 251.800 Hz,"4 sideband(s), spacing 2.667 Hz ~ Output shaft Shaft rotation (2.050 Hz)",Bearing characteristic match (primary attention for this spectrum type): 2nd shaft bearing 350/351 OR BPFO/Outer race H5. Sidebands present with Output shaft Shaft rotation spacing.
timesignal (7).uff,acceleration,m/s²,0.999999283,257.999815,3.42687656,3.02529441,Yes,bearing,Input shaft bearing 151,RE BSF/Rolling element,5,259.05,1.05018493,2.5905,Input shaft bearing 151 RE BSF/Rolling element H5 259.050 Hz; Input shaft bearing 150 OR BPFO/Outer race H2 255.780 Hz,"2 sideband(s), spacing 4.000 Hz ~ Output shaft Wobbling (4.110 Hz)",Bearing characteristic match (primary attention for this spectrum type): Input shaft bearing 151 RE BSF/Rolling element H5. Sidebands present with Output shaft Wobbling spacing.
timesignal (7).uff,acceleration,m/s²,0.999999283,555.999601,6.24949526,5.73382475,No,,,,,,,,,No clear sideband pattern,Significant peak; no table match within tolerance. Trend and inspect if amplitude is high.
timesignal (7).uff,acceleration,m/s²,0.999999283,732.999475,2.93266472,2.18366727,Yes,gear,Gear mesh,GMF Stage 2,5,729.45,3.54947459,7.2945,Gear mesh GMF Stage 2 H5 729.450 Hz,No clear sideband pattern,Gear characteristic match (secondary attention for this spectrum type): Gear mesh GMF Stage 2 H5. No clear sideband family detected from significant peaks.
timesignal (8).uff,envelope,m/s²,0.0999756859,8.09803056,2.55853111,2.32654347,Yes,gear,2nd shaft,Shaft rotation,1,8.11,0.011969441,0.199951372,2nd shaft Shaft rotation H1 8.110 Hz; Output shaft Shaft rotation H4 8.200 Hz; Output shaft Wobbling H2 8.220 Hz; Output shaft bearing 250 Cage FTF/Cage H9 8.280 Hz; Output shaft bearing 250/251 Cage FTF/Cage H9 8.280 Hz,"2 sideband(s), spacing 8.098 Hz ~ 2nd shaft Shaft rotation (8.110 Hz)",Gear characteristic match (secondary attention for this spectrum type): 2nd shaft Shaft rotation H1. Sidebands present with 2nd shaft Shaft rotation spacing.
timesignal (8).uff,envelope,m/s²,0.0999756859,16.1960611,1.3635674,1.18296515,Yes,gear,2nd shaft,Wobbling,1,16.21,0.0139388821,0.199951372,2nd shaft Wobbling H1 16.210 Hz; 2nd shaft Shaft rotation H2 16.220 Hz,"3 sideband(s), spacing 16.296 Hz ~ 2nd shaft Wobbling (16.210 Hz)",Gear characteristic match (secondary attention for this spectrum type): 2nd shaft Wobbling H1. Sidebands present with 2nd shaft Wobbling spacing.
timesignal (8).uff,envelope,m/s²,0.0999756859,32.4920979,2.20804902,2.02284646,Yes,gear,2nd shaft,Shaft rotation,4,32.44,0.0520979218,0.3244,2nd shaft Shaft rotation H4 32.440 Hz; 2nd shaft Wobbling H2 32.420 Hz,"3 sideband(s), spacing 16.296 Hz ~ 2nd shaft Wobbling (16.210 Hz)",Gear characteristic match (secondary attention for this spectrum type): 2nd shaft Shaft rotation H4. Sidebands present with 2nd shaft Wobbling spacing.
timesignal (8).uff,envelope,m/s²,0.0999756859,48.0883049,1.87639911,1.65181253,Yes,bearing,Output shaft bearing 250/251,OR BPFO/Outer race,2,47.96,0.128304924,0.4796,Output shaft bearing 250/251 OR BPFO/Outer race H2 47.960 Hz; Output shaft bearing 250 OR BPFO/Outer race H2 47.940 Hz; Input shaft bearing 151 Cage FTF/Cage H7 48.510 Hz,"4 sideband(s), spacing 8.098 Hz ~ 2nd shaft Shaft rotation (8.110 Hz)",Bearing characteristic match (primary attention for this spectrum type): Output shaft bearing 250/251 OR BPFO/Outer race H2. Sidebands present with 2nd shaft Shaft rotation spacing.
timesignal (8).uff,envelope,m/s²,0.0999756859,56.1863355,1.00072694,0.864822567,Yes,bearing,Input shaft bearing 150,RE BSF/Rolling element,1,56.74,0.553664517,0.5674,Input shaft bearing 150 RE BSF/Rolling element H1 56.740 Hz,"5 sideband(s), spacing 8.098 Hz ~ 2nd shaft Shaft rotation (8.110 Hz)",Bearing characteristic match (primary attention for this spectrum type): Input shaft bearing 150 RE BSF/Rolling element H1. Sidebands present with 2nd shaft Shaft rotation spacing.
timesignal (8).uff,envelope,m/s²,0.0999756859,64.284366,0.712604009,0.562212695,Yes,bearing,2nd shaft bearing 350/351,RE BSF/Rolling element,3,64.44,0.155633958,0.6444,2nd shaft bearing 350/351 RE BSF/Rolling element H3 64.440 Hz; Input shaft bearing 150 Cage FTF/Cage H9 63.990 Hz; 2nd shaft Wobbling H4 64.840 Hz; 2nd shaft Shaft rotation H8 64.880 Hz,"6 sideband(s), spacing 8.098 Hz ~ 2nd shaft Shaft rotation (8.110 Hz)",Bearing characteristic match (primary attention for this spectrum type): 2nd shaft bearing 350/351 RE BSF/Rolling element H3. Sidebands present with 2nd shaft Shaft rotation spacing.
timesignal (8).uff,envelope,m/s²,0.0999756859,72.4823723,0.7924131,0.631497073,Yes,gear,2nd shaft,Shaft rotation,9,72.99,0.507627713,0.7299,2nd shaft Shaft rotation H9 72.990 Hz; Output shaft bearing 250/251 OR BPFO/Outer race H3 71.940 Hz; Output shaft bearing 250 OR BPFO/Outer race H3 71.910 Hz,"6 sideband(s), spacing 8.198 Hz ~ 2nd shaft Shaft rotation (8.110 Hz)",Gear characteristic match (secondary attention for this spectrum type): 2nd shaft Shaft rotation H9. Sidebands present with 2nd shaft Shaft rotation spacing.
timesignal (8).uff,envelope,m/s²,0.0999756859,80.5804028,2.3688005,2.19348235,Yes,gear,2nd shaft,Wobbling,5,81.05,0.469597154,0.8105,2nd shaft Wobbling H5 81.050 Hz; 2nd shaft Shaft rotation H10 81.100 Hz,"3 sideband(s), spacing 8.098 Hz ~ 2nd shaft Shaft rotation (8.110 Hz)",Gear characteristic match (secondary attention for this spectrum type): 2nd shaft Wobbling H5. Sidebands present with 2nd shaft Shaft rotation spacing.
timesignal (8).uff,envelope,m/s²,0.0999756859,88.6784334,2.37254949,2.22198592,Yes,bearing,Output shaft bearing 250/251,RE BSF/Rolling element,9,88.56,0.118433405,0.8856,Output shaft bearing 250/251 RE BSF/Rolling element H9 88.560 Hz; Output shaft bearing 250 IR BPFI/Inner race H3 88.350 Hz; Output shaft bearing 250/251 IR BPFI/Inner race H3 88.350 Hz; 2nd shaft bearing 350 RE BSF/Rolling element H4 88.200 Hz; Output shaft bearing 250 RE BSF/Rolling element H9 88.200 Hz,"2 sideband(s), spacing 8.098 Hz ~ 2nd shaft Shaft rotation (8.110 Hz)",Bearing characteristic match (primary attention for this spectrum type): Output shaft bearing 250/251 RE BSF/Rolling element H9. Sidebands present with 2nd shaft Shaft rotation spacing.
timesignal (8).uff,envelope,m/s²,0.0999756859,96.776464,0.814004068,0.590436771,Yes,gear,2nd shaft,Wobbling,6,97.26,0.483536036,0.9726,2nd shaft Wobbling H6 97.260 Hz; Output shaft bearing 250/251 OR BPFO/Outer race H4 95.920 Hz; Output shaft bearing 250 OR BPFO/Outer race H4 95.880 Hz,"4 sideband(s), spacing 8.098 Hz ~ 2nd shaft Shaft rotation (8.110 Hz)",Gear characteristic match (secondary attention for this spectrum type): 2nd shaft Wobbling H6. Sidebands present with 2nd shaft Shaft rotation spacing.
timesignal (8).uff,envelope,m/s²,0.0999756859,125.36951,1.01108913,0.874338084,Yes,bearing,Input shaft bearing 151,OR BPFO/Outer race,1,125.9,0.530489865,1.259,Input shaft bearing 151 OR BPFO/Outer race H1 125.900 Hz,"2 sideband(s), spacing 28.593 Hz ~ Output shaft bearing 250 IR BPFI/Inner race (29.450 Hz)",Bearing characteristic match (primary attention for this spectrum type): Input shaft bearing 151 OR BPFO/Outer race H1. Sidebands present with Output shaft bearing 250 IR BPFI/Inner race spacing.
timesignal (8).uff,envelope,m/s²,0.0999756859,241.641233,0.657240724,0.549802398,Yes,bearing,Output shaft bearing 250/251,OR BPFO/Outer race,10,239.8,1.84123285,2.398,Output shaft bearing 250/251 OR BPFO/Outer race H10 239.800 Hz; Output shaft bearing 250 OR BPFO/Outer race H10 239.700 Hz,No clear sideband pattern,Bearing characteristic match (primary attention for this spectrum type): Output shaft bearing 250/251 OR BPFO/Outer race H10. No clear sideband family detected from significant peaks.
timesignal (8).uff,envelope,m/s²,0.0999756859,314.123605,0.691891876,0.609863998,No,,,,,,,,,No clear sideband pattern,Significant peak; no table match within tolerance. Trend and inspect if amplitude is high.
timesignal (8).uff,envelope,m/s²,0.0999756859,322.221636,0.792363747,0.679150382,No,,,,,,,,,No clear sideband pattern,Significant peak; no table match within tolerance. Trend and inspect if amplitude is high.
timesignal (9).uff,envelope,m/s²,0.0999756859,8.09803056,2.2022173,2.02130634,Yes,gear,2nd shaft,Shaft rotation,1,8.11,0.011969441,0.199951372,2nd shaft Shaft rotation H1 8.110 Hz; Output shaft Shaft rotation H4 8.200 Hz; Output shaft Wobbling H2 8.220 Hz; Output shaft bearing 250 Cage FTF/Cage H9 8.280 Hz; Output shaft bearing 250/251 Cage FTF/Cage H9 8.280 Hz,"2 sideband(s), spacing 8.098 Hz ~ 2nd shaft Shaft rotation (8.110 Hz)",Gear characteristic match (secondary attention for this spectrum type): 2nd shaft Shaft rotation H1. Sidebands present with 2nd shaft Shaft rotation spacing.
timesignal (9).uff,envelope,m/s²,0.0999756859,16.1960611,0.903637595,0.723252508,Yes,gear,2nd shaft,Wobbling,1,16.21,0.0139388821,0.199951372,2nd shaft Wobbling H1 16.210 Hz; 2nd shaft Shaft rotation H2 16.220 Hz,"3 sideband(s), spacing 56.186 Hz ~ Input shaft bearing 150 RE BSF/Rolling element (56.740 Hz)",Gear characteristic match (secondary attention for this spectrum type): 2nd shaft Wobbling H1. Sidebands present with Input shaft bearing 150 RE BSF/Rolling element spacing.
timesignal (9).uff,envelope,m/s²,0.0999756859,32.4920979,1.61782018,1.45704701,Yes,gear,2nd shaft,Shaft rotation,4,32.44,0.0520979218,0.3244,2nd shaft Shaft rotation H4 32.440 Hz; 2nd shaft Wobbling H2 32.420 Hz,"3 sideband(s), spacing 16.296 Hz ~ 2nd shaft Wobbling (16.210 Hz)",Gear characteristic match (secondary attention for this spectrum type): 2nd shaft Shaft rotation H4. Sidebands present with 2nd shaft Wobbling spacing.
timesignal (9).uff,envelope,m/s²,0.0999756859,48.0883049,1.32452559,1.16673588,Yes,bearing,Output shaft bearing 250/251,OR BPFO/Outer race,2,47.96,0.128304924,0.4796,Output shaft bearing 250/251 OR BPFO/Outer race H2 47.960 Hz; Output shaft bearing 250 OR BPFO/Outer race H2 47.940 Hz; Input shaft bearing 151 Cage FTF/Cage H7 48.510 Hz,"3 sideband(s), spacing 8.098 Hz ~ 2nd shaft Shaft rotation (8.110 Hz)",Bearing characteristic match (primary attention for this spectrum type): Output shaft bearing 250/251 OR BPFO/Outer race H2. Sidebands present with 2nd shaft Shaft rotation spacing.
timesignal (9).uff,envelope,m/s²,0.0999756859,56.1863355,0.727784927,0.613275091,Yes,bearing,Input shaft bearing 150,RE BSF/Rolling element,1,56.74,0.553664517,0.5674,Input shaft bearing 150 RE BSF/Rolling element H1 56.740 Hz,"5 sideband(s), spacing 23.694 Hz ~ Output shaft bearing 250/251 OR BPFO/Outer race (23.980 Hz)",Bearing characteristic match (primary attention for this spectrum type): Input shaft bearing 150 RE BSF/Rolling element H1. Sidebands present with Output shaft bearing 250/251 OR BPFO/Outer race spacing.
timesignal (9).uff,envelope,m/s²,0.0999756859,72.3823966,0.598911312,0.500768619,Yes,bearing,Output shaft bearing 250/251,OR BPFO/Outer race,3,71.94,0.442396601,0.7194,Output shaft bearing 250/251 OR BPFO/Outer race H3 71.940 Hz; Output shaft bearing 250 OR BPFO/Outer race H3 71.910 Hz; 2nd shaft Shaft rotation H9 72.990 Hz,"6 sideband(s), spacing 8.198 Hz ~ 2nd shaft Shaft rotation (8.110 Hz)",Bearing characteristic match (primary attention for this spectrum type): Output shaft bearing 250/251 OR BPFO/Outer race H3. Sidebands present with 2nd shaft Shaft rotation spacing.
timesignal (9).uff,envelope,m/s²,0.0999756859,80.5804028,2.25035964,2.13089017,Yes,gear,2nd shaft,Wobbling,5,81.05,0.469597154,0.8105,2nd shaft Wobbling H5 81.050 Hz; 2nd shaft Shaft rotation H10 81.100 Hz,"4 sideband(s), spacing 8.098 Hz ~ 2nd shaft Shaft rotation (8.110 Hz)",Gear characteristic match (secondary attention for this spectrum type): 2nd shaft Wobbling H5. Sidebands present with 2nd shaft Shaft rotation spacing.
timesignal (9).uff,envelope,m/s²,0.0999756859,88.6784334,1.95482041,1.83614668,Yes,bearing,Output shaft bearing 250/251,RE BSF/Rolling element,9,88.56,0.118433405,0.8856,Output shaft bearing 250/251 RE BSF/Rolling element H9 88.560 Hz; Output shaft bearing 250 IR BPFI/Inner race H3 88.350 Hz; Output shaft bearing 250/251 IR BPFI/Inner race H3 88.350 Hz; 2nd shaft bearing 350 RE BSF/Rolling element H4 88.200 Hz; Output shaft bearing 250 RE BSF/Rolling element H9 88.200 Hz,"4 sideband(s), spacing 8.098 Hz ~ 2nd shaft Shaft rotation (8.110 Hz)",Bearing characteristic match (primary attention for this spectrum type): Output shaft bearing 250/251 RE BSF/Rolling element H9. Sidebands present with 2nd shaft Shaft rotation spacing.
timesignal (9).uff,envelope,m/s²,0.0999756859,96.776464,0.85944224,0.681593705,Yes,gear,2nd shaft,Wobbling,6,97.26,0.483536036,0.9726,2nd shaft Wobbling H6 97.260 Hz; Output shaft bearing 250/251 OR BPFO/Outer race H4 95.920 Hz; Output shaft bearing 250 OR BPFO/Outer race H4 95.880 Hz,"5 sideband(s), spacing 8.098 Hz ~ 2nd shaft Shaft rotation (8.110 Hz)",Gear characteristic match (secondary attention for this spectrum type): 2nd shaft Wobbling H6. Sidebands present with 2nd shaft Shaft rotation spacing.
timesignal (9).uff,envelope,m/s²,0.0999756859,104.874495,0.812692159,0.686121968,No,,,,,,,,,No clear sideband pattern,Significant peak; no table match within tolerance. Trend and inspect if amplitude is high.
timesignal (9).uff,envelope,m/s²,0.0999756859,112.972525,0.620244217,0.482445756,Yes,gear,2nd shaft,Wobbling,7,113.47,0.497474918,1.1347,2nd shaft Wobbling H7 113.470 Hz; Input shaft bearing 150 RE BSF/Rolling element H2 113.480 Hz,"4 sideband(s), spacing 8.098 Hz ~ 2nd shaft Shaft rotation (8.110 Hz)",Gear characteristic match (secondary attention for this spectrum type): 2nd shaft Wobbling H7. Sidebands present with 2nd shaft Shaft rotation spacing.
timesignal (9).uff,envelope,m/s²,0.0999756859,125.36951,1.06323761,0.941055117,Yes,bearing,Input shaft bearing 151,OR BPFO/Outer race,1,125.9,0.530489865,1.259,Input shaft bearing 151 OR BPFO/Outer race H1 125.900 Hz,"3 sideband(s), spacing 6.832 Hz ~ Input shaft bearing 151 Cage FTF/Cage (6.930 Hz)",Bearing characteristic match (primary attention for this spectrum type): Input shaft bearing 151 OR BPFO/Outer race H1. Sidebands present with Input shaft bearing 151 Cage FTF/Cage spacing.
timesignal (9).uff,envelope,m/s²,0.0999756859,152.962799,0.582314312,0.471493851,Yes,bearing,2nd shaft bearing 350,RE BSF/Rolling element,7,154.35,1.38720055,1.5435,2nd shaft bearing 350 RE BSF/Rolling element H7 154.350 Hz,"3 sideband(s), spacing 16.246 Hz ~ 2nd shaft Wobbling (16.210 Hz)",Bearing characteristic match (primary attention for this spectrum type): 2nd shaft bearing 350 RE BSF/Rolling element H7. Sidebands present with 2nd shaft Wobbling spacing.
timesignal (9).uff,envelope,m/s²,0.0999756859,161.06083,0.727483037,0.622823038,Yes,gear,2nd shaft,Wobbling,10,162.1,1.03916999,1.621,2nd shaft Wobbling H10 162.100 Hz,"3 sideband(s), spacing 24.394 Hz ~ Output shaft bearing 250/251 OR BPFO/Outer race (23.980 Hz)",Gear characteristic match (secondary attention for this spectrum type): 2nd shaft Wobbling H10. Sidebands present with Output shaft bearing 250/251 OR BPFO/Outer race spacing.
timesignal (9).uff,envelope,m/s²,0.0999756859,185.454897,0.602449628,0.481273088,No,,,,,,,,,No clear sideband pattern,Significant peak; no table match within tolerance. Trend and inspect if amplitude is high.
timesignal (9).uff,envelope,m/s²,0.0999756859,241.641233,0.764026272,0.681621944,Yes,bearing,Output shaft bearing 250/251,OR BPFO/Outer race,10,239.8,1.84123285,2.398,Output shaft bearing 250/251 OR BPFO/Outer race H10 239.800 Hz; Output shaft bearing 250 OR BPFO/Outer race H10 239.700 Hz,"2 sideband(s), spacing 4.549 Hz ~ 2nd shaft bearing 350 Cage FTF/Cage (3.350 Hz)",Bearing characteristic match (primary attention for this spectrum type): Output shaft bearing 250/251 OR BPFO/Outer race H10. Sidebands present with 2nd shaft bearing 350 Cage FTF/Cage spacing.
timesignal (9).uff,envelope,m/s²,0.0999756859,250.73902,0.727779651,0.611158487,Yes,bearing,2nd shaft bearing 350,OR BPFO/Outer race,5,251.15,0.41097973,2.5115,2nd shaft bearing 350 OR BPFO/Outer race H5 251.150 Hz; Input shaft bearing 151 OR BPFO/Outer race H2 251.800 Hz; 2nd shaft bearing 350/351 OR BPFO/Outer race H5 249.650 Hz,"2 sideband(s), spacing 21.761 Hz ~ 2nd shaft bearing 350 RE BSF/Rolling element (22.050 Hz)",Bearing characteristic match (primary attention for this spectrum type): 2nd shaft bearing 350 OR BPFO/Outer race H5. Sidebands present with 2nd shaft bearing 350 RE BSF/Rolling element spacing.
timesignal (9).uff,envelope,m/s²,0.0999756859,322.221636,0.604740399,0.526418021,No,,,,,,,,,No clear sideband pattern,Significant peak; no table match within tolerance. Trend and inspect if amplitude is high.
timesignal (10).uff,velocity_native,mm/s,0.312481728,1.87489037,5.538698,3.02706211,Yes,bearing,Output shaft bearing 250,Cage FTF/Cage,2,1.84,0.0348903658,0.624963455,Output shaft bearing 250 Cage FTF/Cage H2 1.840 Hz; Output shaft bearing 250/251 Cage FTF/Cage H2 1.840 Hz; Output shaft Shaft rotation H1 2.050 Hz,No clear sideband pattern,Bearing characteristic match (secondary attention for this spectrum type): Output shaft bearing 250 Cage FTF/Cage H2. No clear sideband family detected from significant peaks.
timesignal (10).uff,velocity_native,mm/s,0.312481728,55.6217475,2.11834507,2.05562742,Yes,bearing,Input shaft bearing 151,Cage FTF/Cage,8,55.44,0.181747518,0.624963455,Input shaft bearing 151 Cage FTF/Cage H8 55.440 Hz,"3 sideband(s), spacing 8.437 Hz ~ 2nd shaft Shaft rotation (8.110 Hz)",Bearing characteristic match (secondary attention for this spectrum type): Input shaft bearing 151 Cage FTF/Cage H8. Sidebands present with 2nd shaft Shaft rotation spacing.
timesignal (10).uff,velocity_native,mm/s,0.312481728,72.4957608,0.95106926,0.845146168,Yes,gear,2nd shaft,Shaft rotation,9,72.99,0.49423919,0.7299,2nd shaft Shaft rotation H9 72.990 Hz; Output shaft bearing 250/251 OR BPFO/Outer race H3 71.940 Hz; Output shaft bearing 250 OR BPFO/Outer race H3 71.910 Hz,"3 sideband(s), spacing 8.125 Hz ~ 2nd shaft Shaft rotation (8.110 Hz)",Gear characteristic match (primary attention for this spectrum type): 2nd shaft Shaft rotation H9. Sidebands present with 2nd shaft Shaft rotation spacing.
timesignal (10).uff,velocity_native,mm/s,0.312481728,80.6202857,2.02621221,1.95747284,Yes,gear,2nd shaft,Wobbling,5,81.05,0.429714271,0.8105,2nd shaft Wobbling H5 81.050 Hz; 2nd shaft Shaft rotation H10 81.100 Hz,"2 sideband(s), spacing 8.125 Hz ~ 2nd shaft Shaft rotation (8.110 Hz)",Gear characteristic match (primary attention for this spectrum type): 2nd shaft Wobbling H5. Sidebands present with 2nd shaft Shaft rotation spacing.
timesignal (10).uff,velocity_native,mm/s,0.312481728,88.7448106,1.33216995,1.25858945,Yes,bearing,Output shaft bearing 250/251,RE BSF/Rolling element,9,88.56,0.184810647,0.8856,Output shaft bearing 250/251 RE BSF/Rolling element H9 88.560 Hz; Output shaft bearing 250 IR BPFI/Inner race H3 88.350 Hz; Output shaft bearing 250/251 IR BPFI/Inner race H3 88.350 Hz; 2nd shaft bearing 350 RE BSF/Rolling element H4 88.200 Hz; Output shaft bearing 250 RE BSF/Rolling element H9 88.200 Hz,"4 sideband(s), spacing 8.125 Hz ~ 2nd shaft Shaft rotation (8.110 Hz)",Bearing characteristic match (secondary attention for this spectrum type): Output shaft bearing 250/251 RE BSF/Rolling element H9. Sidebands present with 2nd shaft Shaft rotation spacing.
timesignal (10).uff,velocity_native,mm/s,0.312481728,96.8693356,0.488155901,0.422741119,Yes,gear,2nd shaft,Wobbling,6,97.26,0.390664434,0.9726,2nd shaft Wobbling H6 97.260 Hz; Output shaft bearing 250/251 OR BPFO/Outer race H4 95.920 Hz,"4 sideband(s), spacing 8.125 Hz ~ 2nd shaft Shaft rotation (8.110 Hz)",Gear characteristic match (primary attention for this spectrum type): 2nd shaft Wobbling H6. Sidebands present with 2nd shaft Shaft rotation spacing.
timesignal (10).uff,velocity_native,mm/s,0.312481728,111.243495,0.97278905,0.813285607,Yes,bearing,2nd shaft bearing 350,RE BSF/Rolling element,5,110.25,0.993495037,1.1025,2nd shaft bearing 350 RE BSF/Rolling element H5 110.250 Hz,"3 sideband(s), spacing 3.541 Hz ~ 2nd shaft bearing 350 Cage FTF/Cage (3.350 Hz)",Bearing characteristic match (secondary attention for this spectrum type): 2nd shaft bearing 350 RE BSF/Rolling element H5. Sidebands present with 2nd shaft bearing 350 Cage FTF/Cage spacing.
timesignal (10).uff,velocity_native,mm/s,0.312481728,121.867874,0.610432242,0.541545194,No,,,,,,,,,No clear sideband pattern,Significant peak; no table match within tolerance. Trend and inspect if amplitude is high.
timesignal (10).uff,velocity_native,mm/s,0.312481728,124.992691,1.06819189,1.01577572,Yes,bearing,Input shaft bearing 151,OR BPFO/Outer race,1,125.9,0.907308948,1.259,Input shaft bearing 151 OR BPFO/Outer race H1 125.900 Hz,"4 sideband(s), spacing 6.875 Hz ~ Input shaft bearing 151 Cage FTF/Cage (6.930 Hz)",Bearing characteristic match (secondary attention for this spectrum type): Input shaft bearing 151 OR BPFO/Outer race H1. Sidebands present with Input shaft bearing 151 Cage FTF/Cage spacing.
timesignal (10).uff,velocity_native,mm/s,0.312481728,136.866997,0.39346825,0.340728036,No,,,,,,,,,No clear sideband pattern,Significant peak; no table match within tolerance. Trend and inspect if amplitude is high.
timesignal (10).uff,velocity_native,mm/s,0.312481728,144.991522,1.69022047,1.63980869,Yes,gear,Gear mesh,GMF Stage 2,1,145.89,0.898478379,1.4589,Gear mesh GMF Stage 2 H1 145.890 Hz; 2nd shaft Wobbling H9 145.890 Hz; Output shaft bearing 250/251 OR BPFO/Outer race H6 143.880 Hz; Output shaft bearing 250 OR BPFO/Outer race H6 143.820 Hz,"5 sideband(s), spacing 8.125 Hz ~ 2nd shaft Shaft rotation (8.110 Hz)",Gear characteristic match (primary attention for this spectrum type): Gear mesh GMF Stage 2 H1. Sidebands present with 2nd shaft Shaft rotation spacing.
timesignal (10).uff,velocity_native,mm/s,0.312481728,153.116047,2.34737915,2.26207697,Yes,bearing,2nd shaft bearing 350,RE BSF/Rolling element,7,154.35,1.23395346,1.5435,2nd shaft bearing 350 RE BSF/Rolling element H7 154.350 Hz,"4 sideband(s), spacing 24.374 Hz ~ Output shaft bearing 250/251 OR BPFO/Outer race (23.980 Hz)",Bearing characteristic match (secondary attention for this spectrum type): 2nd shaft bearing 350 RE BSF/Rolling element H7. Sidebands present with Output shaft bearing 250/251 OR BPFO/Outer race spacing.
timesignal (10).uff,velocity_native,mm/s,0.312481728,161.240571,0.708972216,0.61984303,Yes,gear,2nd shaft,Wobbling,10,162.1,0.859428542,1.621,2nd shaft Wobbling H10 162.100 Hz,"6 sideband(s), spacing 8.125 Hz ~ 2nd shaft Shaft rotation (8.110 Hz)",Gear characteristic match (primary attention for this spectrum type): 2nd shaft Wobbling H10. Sidebands present with 2nd shaft Shaft rotation spacing.
timesignal (10).uff,velocity_native,mm/s,0.312481728,169.365096,1.32461029,1.19879018,Yes,bearing,Input shaft bearing 150,IR BPFI/Inner race,1,169.11,0.255096376,1.6911,Input shaft bearing 150 IR BPFI/Inner race H1 169.110 Hz; Input shaft bearing 150 RE BSF/Rolling element H3 170.220 Hz; Output shaft bearing 250/251 OR BPFO/Outer race H7 167.860 Hz; Output shaft bearing 250 OR BPFO/Outer race H7 167.790 Hz,"5 sideband(s), spacing 8.125 Hz ~ 2nd shaft Shaft rotation (8.110 Hz)",Bearing characteristic match (secondary attention for this spectrum type): Input shaft bearing 150 IR BPFI/Inner race H1. Sidebands present with 2nd shaft Shaft rotation spacing.
timesignal (10).uff,velocity_native,mm/s,0.312481728,177.489621,1.30791569,1.23290936,Yes,bearing,Output shaft bearing 250,IR BPFI/Inner race,6,176.7,0.789621294,1.767,Output shaft bearing 250 IR BPFI/Inner race H6 176.700 Hz; Output shaft bearing 250/251 IR BPFI/Inner race H6 176.700 Hz; 2nd shaft bearing 350 RE BSF/Rolling element H8 176.400 Hz,"5 sideband(s), spacing 8.125 Hz ~ 2nd shaft Shaft rotation (8.110 Hz)",Bearing characteristic match (secondary attention for this spectrum type): Output shaft bearing 250 IR BPFI/Inner race H6. Sidebands present with 2nd shaft Shaft rotation spacing.
timesignal (10).uff,velocity_native,mm/s,0.312481728,185.614146,0.541882899,0.475608351,No,,,,,,,,,No clear sideband pattern,Significant peak; no table match within tolerance. Trend and inspect if amplitude is high.
timesignal (10).uff,velocity_native,mm/s,0.312481728,225.611807,0.950755176,0.852080952,Yes,bearing,Input shaft bearing 150,RE BSF/Rolling element,4,226.96,1.34819265,2.2696,Input shaft bearing 150 RE BSF/Rolling element H4 226.960 Hz,"4 sideband(s), spacing 24.374 Hz ~ Output shaft bearing 250/251 OR BPFO/Outer race (23.980 Hz)",Bearing characteristic match (secondary attention for this spectrum type): Input shaft bearing 150 RE BSF/Rolling element H4. Sidebands present with Output shaft bearing 250/251 OR BPFO/Outer race spacing.
timesignal (10).uff,velocity_native,mm/s,0.312481728,233.736332,0.596848562,0.50595299,Yes,bearing,Output shaft bearing 250,IR BPFI/Inner race,8,235.6,1.86366773,2.356,Output shaft bearing 250 IR BPFI/Inner race H8 235.600 Hz; Output shaft bearing 250/251 IR BPFI/Inner race H8 235.600 Hz,"4 sideband(s), spacing 8.125 Hz ~ 2nd shaft Shaft rotation (8.110 Hz)",Bearing characteristic match (secondary attention for this spectrum type): Output shaft bearing 250 IR BPFI/Inner race H8. Sidebands present with 2nd shaft Shaft rotation spacing.
timesignal (10).uff,velocity_native,mm/s,0.312481728,249.985382,1.08697737,1.03250472,Yes,bearing,2nd shaft bearing 350/351,OR BPFO/Outer race,5,249.65,0.335382105,2.4965,2nd shaft bearing 350/351 OR BPFO/Outer race H5 249.650 Hz; 2nd shaft bearing 350 OR BPFO/Outer race H5 251.150 Hz; Input shaft bearing 151 OR BPFO/Outer race H2 251.800 Hz,"4 sideband(s), spacing 8.125 Hz ~ 2nd shaft Shaft rotation (8.110 Hz)",Bearing characteristic match (secondary attention for this spectrum type): 2nd shaft bearing 350/351 OR BPFO/Outer race H5. Sidebands present with 2nd shaft Shaft rotation spacing.
timesignal (10).uff,velocity_native,mm/s,0.312481728,258.109907,0.708433691,0.628802092,Yes,bearing,Input shaft bearing 151,RE BSF/Rolling element,5,259.05,0.940092977,2.5905,Input shaft bearing 151 RE BSF/Rolling element H5 259.050 Hz; Input shaft bearing 150 OR BPFO/Outer race H2 255.780 Hz,"4 sideband(s), spacing 8.125 Hz ~ 2nd shaft Shaft rotation (8.110 Hz)",Bearing characteristic match (secondary attention for this spectrum type): Input shaft bearing 151 RE BSF/Rolling element H5. Sidebands present with 2nd shaft Shaft rotation spacing.
timesignal (10).uff,velocity_native,mm/s,0.312481728,266.234432,0.598177009,0.540782169,Yes,bearing,Output shaft bearing 250,IR BPFI/Inner race,9,265.05,1.18443194,2.6505,Output shaft bearing 250 IR BPFI/Inner race H9 265.050 Hz; Output shaft bearing 250/251 IR BPFI/Inner race H9 265.050 Hz; Input/Motor shaft Wobbling H8 264.000 Hz,"3 sideband(s), spacing 8.125 Hz ~ 2nd shaft Shaft rotation (8.110 Hz)",Bearing characteristic match (secondary attention for this spectrum type): Output shaft bearing 250 IR BPFI/Inner race H9. Sidebands present with 2nd shaft Shaft rotation spacing.
timesignal (10).uff,velocity_native,mm/s,0.312481728,322.481143,0.393804183,0.36724478,No,,,,,,,,,No clear sideband pattern,Significant peak; no table match within tolerance. Trend and inspect if amplitude is high.
timesignal (10).uff,velocity_native,mm/s,0.312481728,463.09792,0.490563048,0.469681097,Yes,gear,Gear mesh,GMF Stage 1,1,462,1.09792035,4.62,Gear mesh GMF Stage 1 H1 462.000 Hz; Input shaft bearing 151 RE BSF/Rolling element H9 466.290 Hz,"3 sideband(s), spacing 70.308 Hz ~ 2nd shaft bearing 350 IR BPFI/Inner race (71.350 Hz)",Gear characteristic match (primary attention for this spectrum type): Gear mesh GMF Stage 1 H1. Sidebands present with 2nd shaft bearing 350 IR BPFI/Inner race spacing.
timesignal (10).uff,velocity_native,mm/s,0.312481728,556.217475,0.693682972,0.642169024,No,,,,,,,,,No clear sideband pattern,Significant peak; no table match within tolerance. Trend and inspect if amplitude is high.
timesignal (11).uff,velocity_from_acceleration,mm/s,0.062500032,0.687500352,13.2453733,11.3465732,No,,,,,,,,,No clear sideband pattern,Significant peak; no table match within tolerance. Trend and inspect if amplitude is high.
timesignal (11).uff,velocity_from_acceleration,mm/s,0.062500032,55.6875285,1.98864165,1.97577703,Yes,bearing,Input shaft bearing 151,Cage FTF/Cage,8,55.44,0.247528512,0.5544,Input shaft bearing 151 Cage FTF/Cage H8 55.440 Hz,"2 sideband(s), spacing 8.333 Hz ~ 2nd shaft Shaft rotation (8.110 Hz)",Bearing characteristic match (secondary attention for this spectrum type): Input shaft bearing 151 Cage FTF/Cage H8. Sidebands present with 2nd shaft Shaft rotation spacing.
timesignal (11).uff,velocity_from_acceleration,mm/s,0.062500032,80.6875413,2.05142985,2.02753681,Yes,gear,2nd shaft,Wobbling,5,81.05,0.362458688,0.8105,2nd shaft Wobbling H5 81.050 Hz; 2nd shaft Shaft rotation H10 81.100 Hz,No clear sideband pattern,Gear characteristic match (primary attention for this spectrum type): 2nd shaft Wobbling H5. No clear sideband family detected from significant peaks.
timesignal (11).uff,velocity_from_acceleration,mm/s,0.062500032,88.8125455,1.2973684,1.26599232,Yes,bearing,Output shaft bearing 250/251,RE BSF/Rolling element,9,88.56,0.252545472,0.8856,Output shaft bearing 250/251 RE BSF/Rolling element H9 88.560 Hz; Output shaft bearing 250 IR BPFI/Inner race H3 88.350 Hz; Output shaft bearing 250/251 IR BPFI/Inner race H3 88.350 Hz; 2nd shaft bearing 350 RE BSF/Rolling element H4 88.200 Hz; Output shaft bearing 250 RE BSF/Rolling element H9 88.200 Hz,No clear sideband pattern,Bearing characteristic match (secondary attention for this spectrum type): Output shaft bearing 250/251 RE BSF/Rolling element H9. No clear sideband family detected from significant peaks.
timesignal (11).uff,velocity_from_acceleration,mm/s,0.062500032,145.125074,1.8351289,1.81589189,Yes,gear,Gear mesh,GMF Stage 2,1,145.89,0.764925696,1.4589,Gear mesh GMF Stage 2 H1 145.890 Hz; 2nd shaft Wobbling H9 145.890 Hz; Output shaft bearing 250/251 OR BPFO/Outer race H6 143.880 Hz; Output shaft bearing 250 OR BPFO/Outer race H6 143.820 Hz,No clear sideband pattern,Gear characteristic match (primary attention for this spectrum type): Gear mesh GMF Stage 2 H1. No clear sideband family detected from significant peaks.
timesignal (11).uff,velocity_from_acceleration,mm/s,0.062500032,153.250078,2.24886599,2.22497655,Yes,bearing,2nd shaft bearing 350,RE BSF/Rolling element,7,154.35,1.09992154,1.5435,2nd shaft bearing 350 RE BSF/Rolling element H7 154.350 Hz,No clear sideband pattern,Bearing characteristic match (secondary attention for this spectrum type): 2nd shaft bearing 350 RE BSF/Rolling element H7. No clear sideband family detected from significant peaks.
timesignal (12).uff,acceleration,m/s²,0.999999283,152.99989,2.11141403,1.90822604,Yes,bearing,2nd shaft bearing 350,RE BSF/Rolling element,7,154.35,1.35010967,1.99999857,2nd shaft bearing 350 RE BSF/Rolling element H7 154.350 Hz,No clear sideband pattern,Bearing characteristic match (primary attention for this spectrum type): 2nd shaft bearing 350 RE BSF/Rolling element H7. No clear sideband family detected from significant peaks.
timesignal (12).uff,acceleration,m/s²,0.999999283,249.999821,1.91692371,1.63626382,Yes,bearing,2nd shaft bearing 350/351,OR BPFO/Outer race,5,249.65,0.3498208,2.4965,2nd shaft bearing 350/351 OR BPFO/Outer race H5 249.650 Hz; 2nd shaft bearing 350 OR BPFO/Outer race H5 251.150 Hz; Input shaft bearing 151 OR BPFO/Outer race H2 251.800 Hz,No clear sideband pattern,Bearing characteristic match (primary attention for this spectrum type): 2nd shaft bearing 350/351 OR BPFO/Outer race H5. No clear sideband family detected from significant peaks.
timesignal (12).uff,acceleration,m/s²,0.999999283,555.999601,2.1719845,1.8108477,No,,,,,,,,,No clear sideband pattern,Significant peak; no table match within tolerance. Trend and inspect if amplitude is high.
timesignal (12).uff,acceleration,m/s²,0.999999283,5647.99595,1.96135177,1.42152523,No,,,,,,,,,No clear sideband pattern,Significant peak; no table match within tolerance. Trend and inspect if amplitude is high.
timesignal (12).uff,acceleration,m/s²,0.999999283,6275.9955,2.32148457,1.41413067,No,,,,,,,,,No clear sideband pattern,Significant peak; no table match within tolerance. Trend and inspect if amplitude is high.
timesignal (12).uff,acceleration,m/s²,0.999999283,6398.99541,2.42474492,1.55939092,No,,,,,,,,,No clear sideband pattern,Significant peak; no table match within tolerance. Trend and inspect if amplitude is high.
timesignal (12).uff,acceleration,m/s²,0.999999283,6474.99536,2.93823998,1.79419921,No,,,,,,,,,No clear sideband pattern,Significant peak; no table match within tolerance. Trend and inspect if amplitude is high.
timesignal (12).uff,acceleration,m/s²,0.999999283,6547.99531,2.1701049,1.53710758,No,,,,,,,,,No clear sideband pattern,Significant peak; no table match within tolerance. Trend and inspect if amplitude is high.
timesignal (13).uff,envelope,m/s²,0.0999756859,8.09803056,2.95974907,2.78690165,Yes,gear,2nd shaft,Shaft rotation,1,8.11,0.011969441,0.199951372,2nd shaft Shaft rotation H1 8.110 Hz; Output shaft Shaft rotation H4 8.200 Hz; Output shaft Wobbling H2 8.220 Hz; Output shaft bearing 250 Cage FTF/Cage H9 8.280 Hz; Output shaft bearing 250/251 Cage FTF/Cage H9 8.280 Hz,"4 sideband(s), spacing 8.198 Hz ~ 2nd shaft Shaft rotation (8.110 Hz)",Gear characteristic match (secondary attention for this spectrum type): 2nd shaft Shaft rotation H1. Sidebands present with 2nd shaft Shaft rotation spacing.
timesignal (13).uff,envelope,m/s²,0.0999756859,16.2960368,1.34650586,1.15388087,Yes,gear,2nd shaft,Shaft rotation,2,16.22,0.0760368038,0.199951372,2nd shaft Shaft rotation H2 16.220 Hz; 2nd shaft Wobbling H1 16.210 Hz; Output shaft Shaft rotation H8 16.400 Hz; Output shaft Wobbling H4 16.440 Hz,"4 sideband(s), spacing 8.198 Hz ~ 2nd shaft Shaft rotation (8.110 Hz)",Gear characteristic match (secondary attention for this spectrum type): 2nd shaft Shaft rotation H2. Sidebands present with 2nd shaft Shaft rotation spacing.
timesignal (13).uff,envelope,m/s²,0.0999756859,24.3940674,1.44142747,1.24298397,Yes,gear,2nd shaft,Shaft rotation,3,24.33,0.0640673628,0.2433,2nd shaft Shaft rotation H3 24.330 Hz,"5 sideband(s), spacing 8.098 Hz ~ 2nd shaft Shaft rotation (8.110 Hz)",Gear characteristic match (secondary attention for this spectrum type): 2nd shaft Shaft rotation H3. Sidebands present with 2nd shaft Shaft rotation spacing.
timesignal (13).uff,envelope,m/s²,0.0999756859,32.4920979,1.81660421,1.57525808,Yes,gear,2nd shaft,Shaft rotation,4,32.44,0.0520979218,0.3244,2nd shaft Shaft rotation H4 32.440 Hz; 2nd shaft Wobbling H2 32.420 Hz,"6 sideband(s), spacing 8.098 Hz ~ 2nd shaft Shaft rotation (8.110 Hz)",Gear characteristic match (secondary attention for this spectrum type): 2nd shaft Shaft rotation H4. Sidebands present with 2nd shaft Shaft rotation spacing.
timesignal (13).uff,envelope,m/s²,0.0999756859,40.5901285,1.13625493,0.923458821,Yes,gear,2nd shaft,Shaft rotation,5,40.55,0.0401284808,0.4055,2nd shaft Shaft rotation H5 40.550 Hz,"7 sideband(s), spacing 8.098 Hz ~ 2nd shaft Shaft rotation (8.110 Hz)",Gear characteristic match (secondary attention for this spectrum type): 2nd shaft Shaft rotation H5. Sidebands present with 2nd shaft Shaft rotation spacing.
timesignal (13).uff,envelope,m/s²,0.0999756859,48.0883049,1.83912123,1.64734326,Yes,bearing,Output shaft bearing 250/251,OR BPFO/Outer race,2,47.96,0.128304924,0.4796,Output shaft bearing 250/251 OR BPFO/Outer race H2 47.960 Hz; Output shaft bearing 250 OR BPFO/Outer race H2 47.940 Hz; Input shaft bearing 151 Cage FTF/Cage H7 48.510 Hz,"4 sideband(s), spacing 8.198 Hz ~ 2nd shaft Shaft rotation (8.110 Hz)",Bearing characteristic match (primary attention for this spectrum type): Output shaft bearing 250/251 OR BPFO/Outer race H2. Sidebands present with 2nd shaft Shaft rotation spacing.
timesignal (13).uff,envelope,m/s²,0.0999756859,56.2863112,0.950319559,0.75834604,Yes,bearing,Input shaft bearing 150,RE BSF/Rolling element,1,56.74,0.453688831,0.5674,Input shaft bearing 150 RE BSF/Rolling element H1 56.740 Hz; 2nd shaft Shaft rotation H7 56.770 Hz,"5 sideband(s), spacing 8.198 Hz ~ 2nd shaft Shaft rotation (8.110 Hz)",Bearing characteristic match (primary attention for this spectrum type): Input shaft bearing 150 RE BSF/Rolling element H1. Sidebands present with 2nd shaft Shaft rotation spacing.
timesignal (13).uff,envelope,m/s²,0.0999756859,64.3843417,1.40951487,1.26459711,Yes,bearing,2nd shaft bearing 350/351,RE BSF/Rolling element,3,64.44,0.0556582719,0.6444,2nd shaft bearing 350/351 RE BSF/Rolling element H3 64.440 Hz; Input shaft bearing 150 Cage FTF/Cage H9 63.990 Hz; 2nd shaft Wobbling H4 64.840 Hz; 2nd shaft Shaft rotation H8 64.880 Hz,"5 sideband(s), spacing 8.098 Hz ~ 2nd shaft Shaft rotation (8.110 Hz)",Bearing characteristic match (primary attention for this spectrum type): 2nd shaft bearing 350/351 RE BSF/Rolling element H3. Sidebands present with 2nd shaft Shaft rotation spacing.
timesignal (13).uff,envelope,m/s²,0.0999756859,72.4823723,0.996629986,0.858433172,Yes,gear,2nd shaft,Shaft rotation,9,72.99,0.507627713,0.7299,2nd shaft Shaft rotation H9 72.990 Hz; Output shaft bearing 250/251 OR BPFO/Outer race H3 71.940 Hz; Output shaft bearing 250 OR BPFO/Outer race H3 71.910 Hz,"6 sideband(s), spacing 8.098 Hz ~ 2nd shaft Shaft rotation (8.110 Hz)",Gear characteristic match (secondary attention for this spectrum type): 2nd shaft Shaft rotation H9. Sidebands present with 2nd shaft Shaft rotation spacing.
timesignal (13).uff,envelope,m/s²,0.0999756859,80.5804028,3.38701839,3.19450018,Yes,gear,2nd shaft,Wobbling,5,81.05,0.469597154,0.8105,2nd shaft Wobbling H5 81.050 Hz; 2nd shaft Shaft rotation H10 81.100 Hz,"5 sideband(s), spacing 8.098 Hz ~ 2nd shaft Shaft rotation (8.110 Hz)",Gear characteristic match (secondary attention for this spectrum type): 2nd shaft Wobbling H5. Sidebands present with 2nd shaft Shaft rotation spacing.
timesignal (13).uff,envelope,m/s²,0.0999756859,88.6784334,2.41037154,2.23901937,Yes,bearing,Output shaft bearing 250/251,RE BSF/Rolling element,9,88.56,0.118433405,0.8856,Output shaft bearing 250/251 RE BSF/Rolling element H9 88.560 Hz; Output shaft bearing 250 IR BPFI/Inner race H3 88.350 Hz; Output shaft bearing 250/251 IR BPFI/Inner race H3 88.350 Hz; 2nd shaft bearing 350 RE BSF/Rolling element H4 88.200 Hz; Output shaft bearing 250 RE BSF/Rolling element H9 88.200 Hz,"6 sideband(s), spacing 8.098 Hz ~ 2nd shaft Shaft rotation (8.110 Hz)",Bearing characteristic match (primary attention for this spectrum type): Output shaft bearing 250/251 RE BSF/Rolling element H9. Sidebands present with 2nd shaft Shaft rotation spacing.
timesignal (13).uff,envelope,m/s²,0.0999756859,104.97447,1.33021606,1.18800107,No,,,,,,,,,No clear sideband pattern,Significant peak; no table match within tolerance. Trend and inspect if amplitude is high.
timesignal (13).uff,envelope,m/s²,0.0999756859,113.072501,1.21493184,1.05423297,Yes,gear,2nd shaft,Wobbling,7,113.47,0.397499232,1.1347,2nd shaft Wobbling H7 113.470 Hz; Input shaft bearing 150 RE BSF/Rolling element H2 113.480 Hz,"5 sideband(s), spacing 8.098 Hz ~ 2nd shaft Shaft rotation (8.110 Hz)",Gear characteristic match (secondary attention for this spectrum type): 2nd shaft Wobbling H7. Sidebands present with 2nd shaft Shaft rotation spacing.
timesignal (13).uff,envelope,m/s²,0.0999756859,121.170531,0.752238481,0.584072263,No,,,,,,,,,No clear sideband pattern,Significant peak; no table match within tolerance. Trend and inspect if amplitude is high.
timesignal (13).uff,envelope,m/s²,0.0999756859,125.469486,1.05253512,0.907463795,Yes,bearing,Input shaft bearing 151,OR BPFO/Outer race,1,125.9,0.430514179,1.259,Input shaft bearing 151 OR BPFO/Outer race H1 125.900 Hz,"3 sideband(s), spacing 1.066 Hz ~ Output shaft bearing 250 Cage FTF/Cage (0.920 Hz)",Bearing characteristic match (primary attention for this spectrum type): Input shaft bearing 151 OR BPFO/Outer race H1. Sidebands present with Output shaft bearing 250 Cage FTF/Cage spacing.
timesignal (13).uff,envelope,m/s²,0.0999756859,128.668708,0.686985838,0.532586314,Yes,bearing,2nd shaft bearing 350/351,RE BSF/Rolling element,6,128.88,0.21129223,1.2888,2nd shaft bearing 350/351 RE BSF/Rolling element H6 128.880 Hz; Input shaft bearing 150 OR BPFO/Outer race H1 127.890 Hz; 2nd shaft Wobbling H8 129.680 Hz,"5 sideband(s), spacing 23.694 Hz ~ Output shaft bearing 250/251 OR BPFO/Outer race (23.980 Hz)",Bearing characteristic match (primary attention for this spectrum type): 2nd shaft bearing 350/351 RE BSF/Rolling element H6. Sidebands present with Output shaft bearing 250/251 OR BPFO/Outer race spacing.
timesignal (13).uff,envelope,m/s²,0.0999756859,153.062775,1.14026738,1.01951362,Yes,bearing,2nd shaft bearing 350,RE BSF/Rolling element,7,154.35,1.28722487,1.5435,2nd shaft bearing 350 RE BSF/Rolling element H7 154.350 Hz,"5 sideband(s), spacing 8.098 Hz ~ 2nd shaft Shaft rotation (8.110 Hz)",Bearing characteristic match (primary attention for this spectrum type): 2nd shaft bearing 350 RE BSF/Rolling element H7. Sidebands present with 2nd shaft Shaft rotation spacing.
timesignal (13).uff,envelope,m/s²,0.0999756859,161.160806,1.37213835,1.23774744,Yes,gear,2nd shaft,Wobbling,10,162.1,0.939194308,1.621,2nd shaft Wobbling H10 162.100 Hz,"5 sideband(s), spacing 8.098 Hz ~ 2nd shaft Shaft rotation (8.110 Hz)",Gear characteristic match (secondary attention for this spectrum type): 2nd shaft Wobbling H10. Sidebands present with 2nd shaft Shaft rotation spacing.
timesignal (13).uff,envelope,m/s²,0.0999756859,169.358812,0.92466504,0.798826757,Yes,bearing,Input shaft bearing 150,IR BPFI/Inner race,1,169.11,0.248811937,1.6911,Input shaft bearing 150 IR BPFI/Inner race H1 169.110 Hz; Input shaft bearing 150 RE BSF/Rolling element H3 170.220 Hz; Output shaft bearing 250/251 OR BPFO/Outer race H7 167.860 Hz; Output shaft bearing 250 OR BPFO/Outer race H7 167.790 Hz,"4 sideband(s), spacing 8.198 Hz ~ 2nd shaft Shaft rotation (8.110 Hz)",Bearing characteristic match (primary attention for this spectrum type): Input shaft bearing 150 IR BPFI/Inner race H1. Sidebands present with 2nd shaft Shaft rotation spacing.
timesignal (13).uff,envelope,m/s²,0.0999756859,185.554873,0.67355171,0.540571758,No,,,,,,,,,No clear sideband pattern,Significant peak; no table match within tolerance. Trend and inspect if amplitude is high.
timesignal (13).uff,envelope,m/s²,0.0999756859,193.652904,0.714381374,0.56461193,Yes,bearing,2nd shaft bearing 350/351,RE BSF/Rolling element,9,193.32,0.332903614,1.9332,2nd shaft bearing 350/351 RE BSF/Rolling element H9 193.320 Hz; Output shaft bearing 250/251 OR BPFO/Outer race H8 191.840 Hz; Output shaft bearing 250 OR BPFO/Outer race H8 191.760 Hz,"4 sideband(s), spacing 24.294 Hz ~ Output shaft bearing 250/251 OR BPFO/Outer race (23.980 Hz)",Bearing characteristic match (primary attention for this spectrum type): 2nd shaft bearing 350/351 RE BSF/Rolling element H9. Sidebands present with Output shaft bearing 250/251 OR BPFO/Outer race spacing.
timesignal (13).uff,envelope,m/s²,0.0999756859,241.741209,0.870658637,0.742328602,Yes,bearing,Output shaft bearing 250/251,OR BPFO/Outer race,10,239.8,1.94120854,2.398,Output shaft bearing 250/251 OR BPFO/Outer race H10 239.800 Hz; Output shaft bearing 250 OR BPFO/Outer race H10 239.700 Hz,"4 sideband(s), spacing 24.394 Hz ~ Output shaft bearing 250/251 OR BPFO/Outer race (23.980 Hz)",Bearing characteristic match (primary attention for this spectrum type): Output shaft bearing 250/251 OR BPFO/Outer race H10. Sidebands present with Output shaft bearing 250/251 OR BPFO/Outer race spacing.
timesignal (13).uff,envelope,m/s²,0.0999756859,250.838996,0.725907797,0.594205114,Yes,bearing,2nd shaft bearing 350,OR BPFO/Outer race,5,251.15,0.311004044,2.5115,2nd shaft bearing 350 OR BPFO/Outer race H5 251.150 Hz; Input shaft bearing 151 OR BPFO/Outer race H2 251.800 Hz; 2nd shaft bearing 350/351 OR BPFO/Outer race H5 249.650 Hz,"3 sideband(s), spacing 15.296 Hz ~ 2nd shaft Wobbling (16.210 Hz)",Bearing characteristic match (primary attention for this spectrum type): 2nd shaft bearing 350 OR BPFO/Outer race H5. Sidebands present with 2nd shaft Wobbling spacing.
timesignal (13).uff,envelope,m/s²,0.0999756859,266.135276,0.775852267,0.638141245,Yes,bearing,Output shaft bearing 250,IR BPFI/Inner race,9,265.05,1.0852759,2.6505,Output shaft bearing 250 IR BPFI/Inner race H9 265.050 Hz; Output shaft bearing 250/251 IR BPFI/Inner race H9 265.050 Hz; Input/Motor shaft Wobbling H8 264.000 Hz,"4 sideband(s), spacing 24.394 Hz ~ Output shaft bearing 250/251 OR BPFO/Outer race (23.980 Hz)",Bearing characteristic match (primary attention for this spectrum type): Output shaft bearing 250 IR BPFI/Inner race H9. Sidebands present with Output shaft bearing 250/251 OR BPFO/Outer race spacing.
timesignal (13).uff,envelope,m/s²,0.0999756859,314.323557,0.653172052,0.523036892,No,,,,,,,,,No clear sideband pattern,Significant peak; no table match within tolerance. Trend and inspect if amplitude is high.
timesignal (14).uff,envelope,m/s²,0.0999756859,8.09803056,2.5290473,2.34283259,Yes,gear,2nd shaft,Shaft rotation,1,8.11,0.011969441,0.199951372,2nd shaft Shaft rotation H1 8.110 Hz; Output shaft Shaft rotation H4 8.200 Hz; Output shaft Wobbling H2 8.220 Hz; Output shaft bearing 250 Cage FTF/Cage H9 8.280 Hz; Output shaft bearing 250/251 Cage FTF/Cage H9 8.280 Hz,"4 sideband(s), spacing 8.098 Hz ~ 2nd shaft Shaft rotation (8.110 Hz)",Gear characteristic match (secondary attention for this spectrum type): 2nd shaft Shaft rotation H1. Sidebands present with 2nd shaft Shaft rotation spacing.
timesignal (14).uff,envelope,m/s²,0.0999756859,16.1960611,1.48319984,1.30716136,Yes,gear,2nd shaft,Wobbling,1,16.21,0.0139388821,0.199951372,2nd shaft Wobbling H1 16.210 Hz; 2nd shaft Shaft rotation H2 16.220 Hz,"4 sideband(s), spacing 8.098 Hz ~ 2nd shaft Shaft rotation (8.110 Hz)",Gear characteristic match (secondary attention for this spectrum type): 2nd shaft Wobbling H1. Sidebands present with 2nd shaft Shaft rotation spacing.
timesignal (14).uff,envelope,m/s²,0.0999756859,24.3940674,1.25638291,1.0905626,Yes,gear,2nd shaft,Shaft rotation,3,24.33,0.0640673628,0.2433,2nd shaft Shaft rotation H3 24.330 Hz,"4 sideband(s), spacing 8.198 Hz ~ 2nd shaft Shaft rotation (8.110 Hz)",Gear characteristic match (secondary attention for this spectrum type): 2nd shaft Shaft rotation H3. Sidebands present with 2nd shaft Shaft rotation spacing.
timesignal (14).uff,envelope,m/s²,0.0999756859,32.4920979,1.72629717,1.56259562,Yes,gear,2nd shaft,Shaft rotation,4,32.44,0.0520979218,0.3244,2nd shaft Shaft rotation H4 32.440 Hz; 2nd shaft Wobbling H2 32.420 Hz,"5 sideband(s), spacing 8.098 Hz ~ 2nd shaft Shaft rotation (8.110 Hz)",Gear characteristic match (secondary attention for this spectrum type): 2nd shaft Shaft rotation H4. Sidebands present with 2nd shaft Shaft rotation spacing.
timesignal (14).uff,envelope,m/s²,0.0999756859,40.5901285,1.33178592,1.15811726,Yes,gear,2nd shaft,Shaft rotation,5,40.55,0.0401284808,0.4055,2nd shaft Shaft rotation H5 40.550 Hz,"6 sideband(s), spacing 8.098 Hz ~ 2nd shaft Shaft rotation (8.110 Hz)",Gear characteristic match (secondary attention for this spectrum type): 2nd shaft Shaft rotation H5. Sidebands present with 2nd shaft Shaft rotation spacing.
timesignal (14).uff,envelope,m/s²,0.0999756859,48.0883049,1.79290708,1.66372557,Yes,bearing,Output shaft bearing 250/251,OR BPFO/Outer race,2,47.96,0.128304924,0.4796,Output shaft bearing 250/251 OR BPFO/Outer race H2 47.960 Hz; Output shaft bearing 250 OR BPFO/Outer race H2 47.940 Hz; Input shaft bearing 151 Cage FTF/Cage H7 48.510 Hz,"4 sideband(s), spacing 8.098 Hz ~ 2nd shaft Shaft rotation (8.110 Hz)",Bearing characteristic match (primary attention for this spectrum type): Output shaft bearing 250/251 OR BPFO/Outer race H2. Sidebands present with 2nd shaft Shaft rotation spacing.
timesignal (14).uff,envelope,m/s²,0.0999756859,56.1863355,0.86505835,0.731363473,Yes,bearing,Input shaft bearing 150,RE BSF/Rolling element,1,56.74,0.553664517,0.5674,Input shaft bearing 150 RE BSF/Rolling element H1 56.740 Hz,"6 sideband(s), spacing 23.694 Hz ~ Output shaft bearing 250/251 OR BPFO/Outer race (23.980 Hz)",Bearing characteristic match (primary attention for this spectrum type): Input shaft bearing 150 RE BSF/Rolling element H1. Sidebands present with Output shaft bearing 250/251 OR BPFO/Outer race spacing.
timesignal (14).uff,envelope,m/s²,0.0999756859,64.284366,1.38610852,1.23227255,Yes,bearing,2nd shaft bearing 350/351,RE BSF/Rolling element,3,64.44,0.155633958,0.6444,2nd shaft bearing 350/351 RE BSF/Rolling element H3 64.440 Hz; Input shaft bearing 150 Cage FTF/Cage H9 63.990 Hz; 2nd shaft Wobbling H4 64.840 Hz; 2nd shaft Shaft rotation H8 64.880 Hz,"5 sideband(s), spacing 8.098 Hz ~ 2nd shaft Shaft rotation (8.110 Hz)",Bearing characteristic match (primary attention for this spectrum type): 2nd shaft bearing 350/351 RE BSF/Rolling element H3. Sidebands present with 2nd shaft Shaft rotation spacing.
timesignal (14).uff,envelope,m/s²,0.0999756859,72.4823723,0.726792553,0.549671565,Yes,gear,2nd shaft,Shaft rotation,9,72.99,0.507627713,0.7299,2nd shaft Shaft rotation H9 72.990 Hz; Output shaft bearing 250/251 OR BPFO/Outer race H3 71.940 Hz; Output shaft bearing 250 OR BPFO/Outer race H3 71.910 Hz,"6 sideband(s), spacing 8.198 Hz ~ 2nd shaft Shaft rotation (8.110 Hz)",Gear characteristic match (secondary attention for this spectrum type): 2nd shaft Shaft rotation H9. Sidebands present with 2nd shaft Shaft rotation spacing.
timesignal (14).uff,envelope,m/s²,0.0999756859,80.5804028,3.21436659,3.08253602,Yes,gear,2nd shaft,Wobbling,5,81.05,0.469597154,0.8105,2nd shaft Wobbling H5 81.050 Hz; 2nd shaft Shaft rotation H10 81.100 Hz,"4 sideband(s), spacing 8.098 Hz ~ 2nd shaft Shaft rotation (8.110 Hz)",Gear characteristic match (secondary attention for this spectrum type): 2nd shaft Wobbling H5. Sidebands present with 2nd shaft Shaft rotation spacing.
timesignal (14).uff,envelope,m/s²,0.0999756859,88.6784334,2.243743,2.09044612,Yes,bearing,Output shaft bearing 250/251,RE BSF/Rolling element,9,88.56,0.118433405,0.8856,Output shaft bearing 250/251 RE BSF/Rolling element H9 88.560 Hz; Output shaft bearing 250 IR BPFI/Inner race H3 88.350 Hz; Output shaft bearing 250/251 IR BPFI/Inner race H3 88.350 Hz; 2nd shaft bearing 350 RE BSF/Rolling element H4 88.200 Hz; Output shaft bearing 250 RE BSF/Rolling element H9 88.200 Hz,"5 sideband(s), spacing 8.098 Hz ~ 2nd shaft Shaft rotation (8.110 Hz)",Bearing characteristic match (primary attention for this spectrum type): Output shaft bearing 250/251 RE BSF/Rolling element H9. Sidebands present with 2nd shaft Shaft rotation spacing.
timesignal (14).uff,envelope,m/s²,0.0999756859,104.874495,1.12616967,0.992858041,No,,,,,,,,,No clear sideband pattern,Significant peak; no table match within tolerance. Trend and inspect if amplitude is high.
timesignal (14).uff,envelope,m/s²,0.0999756859,113.072501,1.01639714,0.902533448,Yes,gear,2nd shaft,Wobbling,7,113.47,0.397499232,1.1347,2nd shaft Wobbling H7 113.470 Hz; Input shaft bearing 150 RE BSF/Rolling element H2 113.480 Hz,"6 sideband(s), spacing 15.596 Hz ~ 2nd shaft Wobbling (16.210 Hz)",Gear characteristic match (secondary attention for this spectrum type): 2nd shaft Wobbling H7. Sidebands present with 2nd shaft Wobbling spacing.
timesignal (14).uff,envelope,m/s²,0.0999756859,125.36951,1.20382088,1.08148365,Yes,bearing,Input shaft bearing 151,OR BPFO/Outer race,1,125.9,0.530489865,1.259,Input shaft bearing 151 OR BPFO/Outer race H1 125.900 Hz,"3 sideband(s), spacing 6.832 Hz ~ Input shaft bearing 151 Cage FTF/Cage (6.930 Hz)",Bearing characteristic match (primary attention for this spectrum type): Input shaft bearing 151 OR BPFO/Outer race H1. Sidebands present with Input shaft bearing 151 Cage FTF/Cage spacing.
timesignal (14).uff,envelope,m/s²,0.0999756859,128.668708,0.691518009,0.570799657,Yes,bearing,2nd shaft bearing 350/351,RE BSF/Rolling element,6,128.88,0.21129223,1.2888,2nd shaft bearing 350/351 RE BSF/Rolling element H6 128.880 Hz; Input shaft bearing 150 OR BPFO/Outer race H1 127.890 Hz; 2nd shaft Wobbling H8 129.680 Hz,"6 sideband(s), spacing 15.596 Hz ~ 2nd shaft Wobbling (16.210 Hz)",Bearing characteristic match (primary attention for this spectrum type): 2nd shaft bearing 350/351 RE BSF/Rolling element H6. Sidebands present with 2nd shaft Wobbling spacing.
timesignal (14).uff,envelope,m/s²,0.0999756859,144.864769,0.732978029,0.609281866,Yes,bearing,Output shaft bearing 250/251,OR BPFO/Outer race,6,143.88,0.984768888,1.4388,Output shaft bearing 250/251 OR BPFO/Outer race H6 143.880 Hz; Gear mesh GMF Stage 2 H1 145.890 Hz; 2nd shaft Wobbling H9 145.890 Hz; Output shaft bearing 250 OR BPFO/Outer race H6 143.820 Hz,"5 sideband(s), spacing 8.198 Hz ~ 2nd shaft Shaft rotation (8.110 Hz)",Bearing characteristic match (primary attention for this spectrum type): Output shaft bearing 250/251 OR BPFO/Outer race H6. Sidebands present with 2nd shaft Shaft rotation spacing.
timesignal (14).uff,envelope,m/s²,0.0999756859,153.062775,0.860964309,0.754799258,Yes,bearing,2nd shaft bearing 350,RE BSF/Rolling element,7,154.35,1.28722487,1.5435,2nd shaft bearing 350 RE BSF/Rolling element H7 154.350 Hz,"5 sideband(s), spacing 8.198 Hz ~ 2nd shaft Shaft rotation (8.110 Hz)",Bearing characteristic match (primary attention for this spectrum type): 2nd shaft bearing 350 RE BSF/Rolling element H7. Sidebands present with 2nd shaft Shaft rotation spacing.
timesignal (14).uff,envelope,m/s²,0.0999756859,161.160806,1.32140817,1.1988288,Yes,gear,2nd shaft,Wobbling,10,162.1,0.939194308,1.621,2nd shaft Wobbling H10 162.100 Hz,"6 sideband(s), spacing 8.098 Hz ~ 2nd shaft Shaft rotation (8.110 Hz)",Gear characteristic match (secondary attention for this spectrum type): 2nd shaft Wobbling H10. Sidebands present with 2nd shaft Shaft rotation spacing.
timesignal (14).uff,envelope,m/s²,0.0999756859,169.258836,0.918967713,0.79242614,Yes,bearing,Input shaft bearing 150,IR BPFI/Inner race,1,169.11,0.148836251,1.6911,Input shaft bearing 150 IR BPFI/Inner race H1 169.110 Hz; Input shaft bearing 150 RE BSF/Rolling element H3 170.220 Hz; Output shaft bearing 250/251 OR BPFO/Outer race H7 167.860 Hz; Output shaft bearing 250 OR BPFO/Outer race H7 167.790 Hz,"5 sideband(s), spacing 8.098 Hz ~ 2nd shaft Shaft rotation (8.110 Hz)",Bearing characteristic match (primary attention for this spectrum type): Input shaft bearing 150 IR BPFI/Inner race H1. Sidebands present with 2nd shaft Shaft rotation spacing.
timesignal (14).uff,envelope,m/s²,0.0999756859,185.454897,0.623254845,0.532376893,No,,,,,,,,,No clear sideband pattern,Significant peak; no table match within tolerance. Trend and inspect if amplitude is high.
timesignal (14).uff,envelope,m/s²,0.0999756859,193.652904,0.719500817,0.620509923,Yes,bearing,2nd shaft bearing 350/351,RE BSF/Rolling element,9,193.32,0.332903614,1.9332,2nd shaft bearing 350/351 RE BSF/Rolling element H9 193.320 Hz; Output shaft bearing 250/251 OR BPFO/Outer race H8 191.840 Hz; Output shaft bearing 250 OR BPFO/Outer race H8 191.760 Hz,"5 sideband(s), spacing 24.394 Hz ~ Output shaft bearing 250/251 OR BPFO/Outer race (23.980 Hz)",Bearing characteristic match (primary attention for this spectrum type): 2nd shaft bearing 350/351 RE BSF/Rolling element H9. Sidebands present with Output shaft bearing 250/251 OR BPFO/Outer race spacing.
timesignal (14).uff,envelope,m/s²,0.0999756859,217.946995,0.648946941,0.571184887,Yes,bearing,Output shaft bearing 250/251,OR BPFO/Outer race,9,215.82,2.12699529,2.1582,Output shaft bearing 250/251 OR BPFO/Outer race H9 215.820 Hz,"6 sideband(s), spacing 24.294 Hz ~ Output shaft bearing 250/251 OR BPFO/Outer race (23.980 Hz)",Bearing characteristic match (primary attention for this spectrum type): Output shaft bearing 250/251 OR BPFO/Outer race H9. Sidebands present with Output shaft bearing 250/251 OR BPFO/Outer race spacing.
timesignal (14).uff,envelope,m/s²,0.0999756859,241.741209,0.987545647,0.880609475,Yes,bearing,Output shaft bearing 250/251,OR BPFO/Outer race,10,239.8,1.94120854,2.398,Output shaft bearing 250/251 OR BPFO/Outer race H10 239.800 Hz; Output shaft bearing 250 OR BPFO/Outer race H10 239.700 Hz,"6 sideband(s), spacing 23.794 Hz ~ Output shaft bearing 250/251 OR BPFO/Outer race (23.980 Hz)",Bearing characteristic match (primary attention for this spectrum type): Output shaft bearing 250/251 OR BPFO/Outer race H10. Sidebands present with Output shaft bearing 250/251 OR BPFO/Outer race spacing.
timesignal (14).uff,envelope,m/s²,0.0999756859,250.73902,0.865700853,0.732934918,Yes,bearing,2nd shaft bearing 350,OR BPFO/Outer race,5,251.15,0.41097973,2.5115,2nd shaft bearing 350 OR BPFO/Outer race H5 251.150 Hz; Input shaft bearing 151 OR BPFO/Outer race H2 251.800 Hz; 2nd shaft bearing 350/351 OR BPFO/Outer race H5 249.650 Hz,"4 sideband(s), spacing 15.296 Hz ~ 2nd shaft Wobbling (16.210 Hz)",Bearing characteristic match (primary attention for this spectrum type): 2nd shaft bearing 350 OR BPFO/Outer race H5. Sidebands present with 2nd shaft Wobbling spacing.
timesignal (14).uff,envelope,m/s²,0.0999756859,266.0353,1.00859428,0.895857674,Yes,bearing,Output shaft bearing 250,IR BPFI/Inner race,9,265.05,0.985300215,2.6505,Output shaft bearing 250 IR BPFI/Inner race H9 265.050 Hz; Output shaft bearing 250/251 IR BPFI/Inner race H9 265.050 Hz; Input/Motor shaft Wobbling H8 264.000 Hz,"5 sideband(s), spacing 24.294 Hz ~ Output shaft bearing 250/251 OR BPFO/Outer race (23.980 Hz)",Bearing characteristic match (primary attention for this spectrum type): Output shaft bearing 250 IR BPFI/Inner race H9. Sidebands present with Output shaft bearing 250/251 OR BPFO/Outer race spacing.
timesignal (14).uff,envelope,m/s²,0.0999756859,274.133331,0.70342024,0.595171084,No,,,,,,,,,No clear sideband pattern,Significant peak; no table match within tolerance. Trend and inspect if amplitude is high.
timesignal (14).uff,envelope,m/s²,0.0999756859,314.123605,0.647721391,0.538576538,No,,,,,,,,,No clear sideband pattern,Significant peak; no table match within tolerance. Trend and inspect if amplitude is high.
timesignal (14).uff,envelope,m/s²,0.0999756859,322.221636,0.629652973,0.543440171,No,,,,,,,,,No clear sideband pattern,Significant peak; no table match within tolerance. Trend and inspect if amplitude is high.
timesignal (15).uff,velocity_native,mm/s,0.312481728,1.87489037,12.7331637,5.30555387,Yes,bearing,Output shaft bearing 250,Cage FTF/Cage,2,1.84,0.0348903658,0.624963455,Output shaft bearing 250 Cage FTF/Cage H2 1.840 Hz; Output shaft bearing 250/251 Cage FTF/Cage H2 1.840 Hz; Output shaft Shaft rotation H1 2.050 Hz,No clear sideband pattern,Bearing characteristic match (secondary attention for this spectrum type): Output shaft bearing 250 Cage FTF/Cage H2. No clear sideband family detected from significant peaks.
timesignal (15).uff,velocity_native,mm/s,0.312481728,55.6217475,2.13048285,2.05864342,Yes,bearing,Input shaft bearing 151,Cage FTF/Cage,8,55.44,0.181747518,0.624963455,Input shaft bearing 151 Cage FTF/Cage H8 55.440 Hz,"3 sideband(s), spacing 8.437 Hz ~ 2nd shaft Shaft rotation (8.110 Hz)",Bearing characteristic match (secondary attention for this spectrum type): Input shaft bearing 151 Cage FTF/Cage H8. Sidebands present with 2nd shaft Shaft rotation spacing.
timesignal (15).uff,velocity_native,mm/s,0.312481728,72.4957608,1.0219032,0.928656938,Yes,gear,2nd shaft,Shaft rotation,9,72.99,0.49423919,0.7299,2nd shaft Shaft rotation H9 72.990 Hz; Output shaft bearing 250/251 OR BPFO/Outer race H3 71.940 Hz; Output shaft bearing 250 OR BPFO/Outer race H3 71.910 Hz,"3 sideband(s), spacing 4.062 Hz ~ Output shaft Wobbling (4.110 Hz)",Gear characteristic match (primary attention for this spectrum type): 2nd shaft Shaft rotation H9. Sidebands present with Output shaft Wobbling spacing.
timesignal (15).uff,velocity_native,mm/s,0.312481728,80.6202857,1.99358496,1.89314755,Yes,gear,2nd shaft,Wobbling,5,81.05,0.429714271,0.8105,2nd shaft Wobbling H5 81.050 Hz; 2nd shaft Shaft rotation H10 81.100 Hz,"3 sideband(s), spacing 22.342 Hz ~ 2nd shaft bearing 350 RE BSF/Rolling element (22.050 Hz)",Gear characteristic match (primary attention for this spectrum type): 2nd shaft Wobbling H5. Sidebands present with 2nd shaft bearing 350 RE BSF/Rolling element spacing.
timesignal (15).uff,velocity_native,mm/s,0.312481728,88.7448106,1.25273647,1.19467703,Yes,bearing,Output shaft bearing 250/251,RE BSF/Rolling element,9,88.56,0.184810647,0.8856,Output shaft bearing 250/251 RE BSF/Rolling element H9 88.560 Hz; Output shaft bearing 250 IR BPFI/Inner race H3 88.350 Hz; Output shaft bearing 250/251 IR BPFI/Inner race H3 88.350 Hz; 2nd shaft bearing 350 RE BSF/Rolling element H4 88.200 Hz; Output shaft bearing 250 RE BSF/Rolling element H9 88.200 Hz,"3 sideband(s), spacing 16.249 Hz ~ Input/Motor shaft Shaft rotation (16.500 Hz)",Bearing characteristic match (secondary attention for this spectrum type): Output shaft bearing 250/251 RE BSF/Rolling element H9. Sidebands present with Input/Motor shaft Shaft rotation spacing.
timesignal (15).uff,velocity_native,mm/s,0.312481728,111.243495,1.00585716,0.878027355,Yes,bearing,2nd shaft bearing 350,RE BSF/Rolling element,5,110.25,0.993495037,1.1025,2nd shaft bearing 350 RE BSF/Rolling element H5 110.250 Hz,"2 sideband(s), spacing 22.499 Hz ~ 2nd shaft bearing 350 RE BSF/Rolling element (22.050 Hz)",Bearing characteristic match (secondary attention for this spectrum type): 2nd shaft bearing 350 RE BSF/Rolling element H5. Sidebands present with 2nd shaft bearing 350 RE BSF/Rolling element spacing.
timesignal (15).uff,velocity_native,mm/s,0.312481728,125.305173,1.05666228,1.01042782,Yes,bearing,Input shaft bearing 151,OR BPFO/Outer race,1,125.9,0.59482722,1.259,Input shaft bearing 151 OR BPFO/Outer race H1 125.900 Hz,"3 sideband(s), spacing 7.031 Hz ~ Input shaft bearing 151 Cage FTF/Cage (6.930 Hz)",Bearing characteristic match (secondary attention for this spectrum type): Input shaft bearing 151 OR BPFO/Outer race H1. Sidebands present with Input shaft bearing 151 Cage FTF/Cage spacing.
timesignal (15).uff,velocity_native,mm/s,0.312481728,145.304003,1.64121111,1.54065653,Yes,gear,Gear mesh,GMF Stage 2,1,145.89,0.585996652,1.4589,Gear mesh GMF Stage 2 H1 145.890 Hz; 2nd shaft Wobbling H9 145.890 Hz; Output shaft bearing 250/251 OR BPFO/Outer race H6 143.880 Hz,"3 sideband(s), spacing 8.125 Hz ~ 2nd shaft Shaft rotation (8.110 Hz)",Gear characteristic match (primary attention for this spectrum type): Gear mesh GMF Stage 2 H1. Sidebands present with 2nd shaft Shaft rotation spacing.
timesignal (15).uff,velocity_native,mm/s,0.312481728,153.428528,2.22606813,2.15705071,Yes,bearing,2nd shaft bearing 350,RE BSF/Rolling element,7,154.35,0.921471733,1.5435,2nd shaft bearing 350 RE BSF/Rolling element H7 154.350 Hz,"3 sideband(s), spacing 8.125 Hz ~ 2nd shaft Shaft rotation (8.110 Hz)",Bearing characteristic match (secondary attention for this spectrum type): 2nd shaft bearing 350 RE BSF/Rolling element H7. Sidebands present with 2nd shaft Shaft rotation spacing.
timesignal (15).uff,velocity_native,mm/s,0.312481728,169.677578,1.28921656,1.19988317,Yes,bearing,Input shaft bearing 150,RE BSF/Rolling element,3,170.22,0.542421896,1.7022,Input shaft bearing 150 RE BSF/Rolling element H3 170.220 Hz; Input shaft bearing 150 IR BPFI/Inner race H1 169.110 Hz; Input shaft bearing 151 IR BPFI/Inner race H1 171.110 Hz,"3 sideband(s), spacing 8.125 Hz ~ 2nd shaft Shaft rotation (8.110 Hz)",Bearing characteristic match (secondary attention for this spectrum type): Input shaft bearing 150 RE BSF/Rolling element H3. Sidebands present with 2nd shaft Shaft rotation spacing.
timesignal (15).uff,velocity_native,mm/s,0.312481728,177.802103,1.24290317,1.15552644,Yes,bearing,Output shaft bearing 250,IR BPFI/Inner race,6,176.7,1.10210302,1.767,Output shaft bearing 250 IR BPFI/Inner race H6 176.700 Hz; Output shaft bearing 250/251 IR BPFI/Inner race H6 176.700 Hz; 2nd shaft bearing 350 RE BSF/Rolling element H8 176.400 Hz,"3 sideband(s), spacing 8.125 Hz ~ 2nd shaft Shaft rotation (8.110 Hz)",Bearing characteristic match (secondary attention for this spectrum type): Output shaft bearing 250 IR BPFI/Inner race H6. Sidebands present with 2nd shaft Shaft rotation spacing.
timesignal (15).uff,velocity_native,mm/s,0.312481728,225.924289,0.897841524,0.820718684,Yes,bearing,Input shaft bearing 150,RE BSF/Rolling element,4,226.96,1.03571092,2.2696,Input shaft bearing 150 RE BSF/Rolling element H4 226.960 Hz,"3 sideband(s), spacing 24.374 Hz ~ Output shaft bearing 250/251 OR BPFO/Outer race (23.980 Hz)",Bearing characteristic match (secondary attention for this spectrum type): Input shaft bearing 150 RE BSF/Rolling element H4. Sidebands present with Output shaft bearing 250/251 OR BPFO/Outer race spacing.
timesignal (15).uff,velocity_native,mm/s,0.312481728,250.297864,1.09232542,1.03993603,Yes,bearing,2nd shaft bearing 350/351,OR BPFO/Outer race,5,249.65,0.647863832,2.4965,2nd shaft bearing 350/351 OR BPFO/Outer race H5 249.650 Hz; 2nd shaft bearing 350 OR BPFO/Outer race H5 251.150 Hz; Input shaft bearing 151 OR BPFO/Outer race H2 251.800 Hz,"3 sideband(s), spacing 24.374 Hz ~ Output shaft bearing 250/251 OR BPFO/Outer race (23.980 Hz)",Bearing characteristic match (secondary attention for this spectrum type): 2nd shaft bearing 350/351 OR BPFO/Outer race H5. Sidebands present with Output shaft bearing 250/251 OR BPFO/Outer race spacing.
timesignal (16).uff,velocity_from_acceleration,mm/s,0.062500032,0.750000384,19.8867785,14.0813177,No,,,,,,,,,No clear sideband pattern,Significant peak; no table match within tolerance. Trend and inspect if amplitude is high.
timesignal (16).uff,velocity_from_acceleration,mm/s,0.062500032,55.6875285,2.19645379,2.1831388,Yes,bearing,Input shaft bearing 151,Cage FTF/Cage,8,55.44,0.247528512,0.5544,Input shaft bearing 151 Cage FTF/Cage H8 55.440 Hz,No clear sideband pattern,Bearing characteristic match (secondary attention for this spectrum type): Input shaft bearing 151 Cage FTF/Cage H8. No clear sideband family detected from significant peaks.
timesignal (16).uff,velocity_from_acceleration,mm/s,0.062500032,153.312578,2.43866558,2.4123153,Yes,bearing,2nd shaft bearing 350,RE BSF/Rolling element,7,154.35,1.0374215,1.5435,2nd shaft bearing 350 RE BSF/Rolling element H7 154.350 Hz,No clear sideband pattern,Bearing characteristic match (secondary attention for this spectrum type): 2nd shaft bearing 350 RE BSF/Rolling element H7. No clear sideband family detected from significant peaks.
timesignal (17).uff,acceleration,m/s²,0.999999283,152.99989,2.16157842,2.01032028,Yes,bearing,2nd shaft bearing 350,RE BSF/Rolling element,7,154.35,1.35010967,1.99999857,2nd shaft bearing 350 RE BSF/Rolling element H7 154.350 Hz,No clear sideband pattern,Bearing characteristic match (primary attention for this spectrum type): 2nd shaft bearing 350 RE BSF/Rolling element H7. No clear sideband family detected from significant peaks.
timesignal (17).uff,acceleration,m/s²,0.999999283,556.999601,2.550359,2.24916291,No,,,,,,,,,No clear sideband pattern,Significant peak; no table match within tolerance. Trend and inspect if amplitude is high.
timesignal (17).uff,acceleration,m/s²,0.999999283,6621.99525,3.25954082,1.99003878,No,,,,,,,,,No clear sideband pattern,Significant peak; no table match within tolerance. Trend and inspect if amplitude is high.
timesignal (17).uff,acceleration,m/s²,0.999999283,6635.99524,3.34456032,2.16626817,No,,,,,,,,,No clear sideband pattern,Significant peak; no table match within tolerance. Trend and inspect if amplitude is high.
timesignal (17).uff,acceleration,m/s²,0.999999283,6699.9952,2.96912313,1.80686585,No,,,,,,,,,No clear sideband pattern,Significant peak; no table match within tolerance. Trend and inspect if amplitude is high.
timesignal (17).uff,acceleration,m/s²,0.999999283,6733.99517,3.40869548,2.32772191,No,,,,,,,,,No clear sideband pattern,Significant peak; no table match within tolerance. Trend and inspect if amplitude is high.
timesignal (18).uff,envelope,m/s²,0.0999756859,8.09803056,4.17085238,3.76329726,Yes,gear,2nd shaft,Shaft rotation,1,8.11,0.011969441,0.199951372,2nd shaft Shaft rotation H1 8.110 Hz; Output shaft Shaft rotation H4 8.200 Hz; Output shaft Wobbling H2 8.220 Hz; Output shaft bearing 250 Cage FTF/Cage H9 8.280 Hz; Output shaft bearing 250/251 Cage FTF/Cage H9 8.280 Hz,"3 sideband(s), spacing 8.198 Hz ~ 2nd shaft Shaft rotation (8.110 Hz)",Gear characteristic match (secondary attention for this spectrum type): 2nd shaft Shaft rotation H1. Sidebands present with 2nd shaft Shaft rotation spacing.
timesignal (18).uff,envelope,m/s²,0.0999756859,16.2960368,2.24890704,1.84729498,Yes,gear,2nd shaft,Shaft rotation,2,16.22,0.0760368038,0.199951372,2nd shaft Shaft rotation H2 16.220 Hz; 2nd shaft Wobbling H1 16.210 Hz; Output shaft Shaft rotation H8 16.400 Hz; Output shaft Wobbling H4 16.440 Hz,"4 sideband(s), spacing 8.198 Hz ~ 2nd shaft Shaft rotation (8.110 Hz)",Gear characteristic match (secondary attention for this spectrum type): 2nd shaft Shaft rotation H2. Sidebands present with 2nd shaft Shaft rotation spacing.
timesignal (18).uff,envelope,m/s²,0.0999756859,24.3940674,1.84117767,1.55996004,Yes,gear,2nd shaft,Shaft rotation,3,24.33,0.0640673628,0.2433,2nd shaft Shaft rotation H3 24.330 Hz,"5 sideband(s), spacing 8.098 Hz ~ 2nd shaft Shaft rotation (8.110 Hz)",Gear characteristic match (secondary attention for this spectrum type): 2nd shaft Shaft rotation H3. Sidebands present with 2nd shaft Shaft rotation spacing.
timesignal (18).uff,envelope,m/s²,0.0999756859,32.4920979,1.86289913,1.55028655,Yes,gear,2nd shaft,Shaft rotation,4,32.44,0.0520979218,0.3244,2nd shaft Shaft rotation H4 32.440 Hz; 2nd shaft Wobbling H2 32.420 Hz,"6 sideband(s), spacing 8.098 Hz ~ 2nd shaft Shaft rotation (8.110 Hz)",Gear characteristic match (secondary attention for this spectrum type): 2nd shaft Shaft rotation H4. Sidebands present with 2nd shaft Shaft rotation spacing.
timesignal (18).uff,envelope,m/s²,0.0999756859,40.6901042,1.31212659,1.06066059,Yes,gear,2nd shaft,Shaft rotation,5,40.55,0.140104167,0.4055,2nd shaft Shaft rotation H5 40.550 Hz; Output shaft Wobbling H10 41.100 Hz,"6 sideband(s), spacing 8.198 Hz ~ 2nd shaft Shaft rotation (8.110 Hz)",Gear characteristic match (secondary attention for this spectrum type): 2nd shaft Shaft rotation H5. Sidebands present with 2nd shaft Shaft rotation spacing.
timesignal (18).uff,envelope,m/s²,0.0999756859,48.1882806,2.60667303,2.3599097,Yes,bearing,Output shaft bearing 250/251,OR BPFO/Outer race,2,47.96,0.22828061,0.4796,Output shaft bearing 250/251 OR BPFO/Outer race H2 47.960 Hz; Output shaft bearing 250 OR BPFO/Outer race H2 47.940 Hz; Input shaft bearing 151 Cage FTF/Cage H7 48.510 Hz; 2nd shaft Wobbling H3 48.630 Hz; 2nd shaft Shaft rotation H6 48.660 Hz,"4 sideband(s), spacing 8.098 Hz ~ 2nd shaft Shaft rotation (8.110 Hz)",Bearing characteristic match (primary attention for this spectrum type): Output shaft bearing 250/251 OR BPFO/Outer race H2. Sidebands present with 2nd shaft Shaft rotation spacing.
timesignal (18).uff,envelope,m/s²,0.0999756859,56.2863112,1.10075979,0.874797233,Yes,bearing,Input shaft bearing 150,RE BSF/Rolling element,1,56.74,0.453688831,0.5674,Input shaft bearing 150 RE BSF/Rolling element H1 56.740 Hz; 2nd shaft Shaft rotation H7 56.770 Hz,"5 sideband(s), spacing 8.098 Hz ~ 2nd shaft Shaft rotation (8.110 Hz)",Bearing characteristic match (primary attention for this spectrum type): Input shaft bearing 150 RE BSF/Rolling element H1. Sidebands present with 2nd shaft Shaft rotation spacing.
timesignal (18).uff,envelope,m/s²,0.0999756859,64.3843417,1.59756357,1.29083626,Yes,bearing,2nd shaft bearing 350/351,RE BSF/Rolling element,3,64.44,0.0556582719,0.6444,2nd shaft bearing 350/351 RE BSF/Rolling element H3 64.440 Hz; Input shaft bearing 150 Cage FTF/Cage H9 63.990 Hz; 2nd shaft Wobbling H4 64.840 Hz; 2nd shaft Shaft rotation H8 64.880 Hz,"6 sideband(s), spacing 8.098 Hz ~ 2nd shaft Shaft rotation (8.110 Hz)",Bearing characteristic match (primary attention for this spectrum type): 2nd shaft bearing 350/351 RE BSF/Rolling element H3. Sidebands present with 2nd shaft Shaft rotation spacing.
timesignal (18).uff,envelope,m/s²,0.0999756859,72.582348,1.11532805,0.857029294,Yes,gear,2nd shaft,Shaft rotation,9,72.99,0.407652027,0.7299,2nd shaft Shaft rotation H9 72.990 Hz; Output shaft bearing 250/251 OR BPFO/Outer race H3 71.940 Hz; Output shaft bearing 250 OR BPFO/Outer race H3 71.910 Hz,"7 sideband(s), spacing 8.198 Hz ~ 2nd shaft Shaft rotation (8.110 Hz)",Gear characteristic match (secondary attention for this spectrum type): 2nd shaft Shaft rotation H9. Sidebands present with 2nd shaft Shaft rotation spacing.
timesignal (18).uff,envelope,m/s²,0.0999756859,80.6803785,4.9687426,4.75105132,Yes,gear,2nd shaft,Wobbling,5,81.05,0.369621468,0.8105,2nd shaft Wobbling H5 81.050 Hz; 2nd shaft Shaft rotation H10 81.100 Hz,"2 sideband(s), spacing 8.098 Hz ~ 2nd shaft Shaft rotation (8.110 Hz)",Gear characteristic match (secondary attention for this spectrum type): 2nd shaft Wobbling H5. Sidebands present with 2nd shaft Shaft rotation spacing.
timesignal (18).uff,envelope,m/s²,0.0999756859,88.7784091,4.09826416,3.87722983,Yes,bearing,Output shaft bearing 250/251,RE BSF/Rolling element,9,88.56,0.218409091,0.8856,Output shaft bearing 250/251 RE BSF/Rolling element H9 88.560 Hz; Output shaft bearing 250 IR BPFI/Inner race H3 88.350 Hz; Output shaft bearing 250/251 IR BPFI/Inner race H3 88.350 Hz; 2nd shaft bearing 350 RE BSF/Rolling element H4 88.200 Hz; Output shaft bearing 250 RE BSF/Rolling element H9 88.200 Hz,"4 sideband(s), spacing 8.098 Hz ~ 2nd shaft Shaft rotation (8.110 Hz)",Bearing characteristic match (primary attention for this spectrum type): Output shaft bearing 250/251 RE BSF/Rolling element H9. Sidebands present with 2nd shaft Shaft rotation spacing.
timesignal (18).uff,envelope,m/s²,0.0999756859,96.9764153,1.21605854,1.03044414,Yes,gear,2nd shaft,Wobbling,6,97.26,0.283584664,0.9726,2nd shaft Wobbling H6 97.260 Hz,"8 sideband(s), spacing 8.198 Hz ~ 2nd shaft Shaft rotation (8.110 Hz)",Gear characteristic match (secondary attention for this spectrum type): 2nd shaft Wobbling H6. Sidebands present with 2nd shaft Shaft rotation spacing.
timesignal (18).uff,envelope,m/s²,0.0999756859,105.074446,1.72803012,1.46094043,No,,,,,,,,,No clear sideband pattern,Significant peak; no table match within tolerance. Trend and inspect if amplitude is high.
timesignal (18).uff,envelope,m/s²,0.0999756859,113.172476,1.69708747,1.47998849,Yes,gear,2nd shaft,Wobbling,7,113.47,0.297523546,1.1347,2nd shaft Wobbling H7 113.470 Hz; Input shaft bearing 150 RE BSF/Rolling element H2 113.480 Hz,"7 sideband(s), spacing 8.098 Hz ~ 2nd shaft Shaft rotation (8.110 Hz)",Gear characteristic match (secondary attention for this spectrum type): 2nd shaft Wobbling H7. Sidebands present with 2nd shaft Shaft rotation spacing.
timesignal (18).uff,envelope,m/s²,0.0999756859,120.670653,0.898300928,0.723758029,Yes,bearing,Output shaft bearing 250/251,OR BPFO/Outer race,5,119.9,0.770652897,1.199,Output shaft bearing 250/251 OR BPFO/Outer race H5 119.900 Hz; Output shaft bearing 250 OR BPFO/Outer race H5 119.850 Hz,"7 sideband(s), spacing 15.596 Hz ~ 2nd shaft Wobbling (16.210 Hz)",Bearing characteristic match (primary attention for this spectrum type): Output shaft bearing 250/251 OR BPFO/Outer race H5. Sidebands present with 2nd shaft Wobbling spacing.
timesignal (18).uff,envelope,m/s²,0.0999756859,128.868659,0.938651268,0.708915442,Yes,bearing,2nd shaft bearing 350/351,RE BSF/Rolling element,6,128.88,0.0113408579,1.2888,2nd shaft bearing 350/351 RE BSF/Rolling element H6 128.880 Hz; 2nd shaft Wobbling H8 129.680 Hz; Input shaft bearing 150 OR BPFO/Outer race H1 127.890 Hz,"7 sideband(s), spacing 8.198 Hz ~ 2nd shaft Shaft rotation (8.110 Hz)",Bearing characteristic match (primary attention for this spectrum type): 2nd shaft bearing 350/351 RE BSF/Rolling element H6. Sidebands present with 2nd shaft Shaft rotation spacing.
timesignal (18).uff,envelope,m/s²,0.0999756859,136.96669,1.36522149,1.16832852,No,,,,,,,,,No clear sideband pattern,Significant peak; no table match within tolerance. Trend and inspect if amplitude is high.
timesignal (18).uff,envelope,m/s²,0.0999756859,153.262727,1.34434612,1.15845808,Yes,bearing,2nd shaft bearing 350,RE BSF/Rolling element,7,154.35,1.0872735,1.5435,2nd shaft bearing 350 RE BSF/Rolling element H7 154.350 Hz,"5 sideband(s), spacing 8.098 Hz ~ 2nd shaft Shaft rotation (8.110 Hz)",Bearing characteristic match (primary attention for this spectrum type): 2nd shaft bearing 350 RE BSF/Rolling element H7. Sidebands present with 2nd shaft Shaft rotation spacing.
timesignal (18).uff,envelope,m/s²,0.0999756859,161.360757,1.87394651,1.71506101,Yes,gear,2nd shaft,Wobbling,10,162.1,0.739242936,1.621,2nd shaft Wobbling H10 162.100 Hz,"5 sideband(s), spacing 8.098 Hz ~ 2nd shaft Shaft rotation (8.110 Hz)",Gear characteristic match (secondary attention for this spectrum type): 2nd shaft Wobbling H10. Sidebands present with 2nd shaft Shaft rotation spacing.
timesignal (18).uff,envelope,m/s²,0.0999756859,169.458788,1.5830196,1.39345941,Yes,bearing,Input shaft bearing 150,IR BPFI/Inner race,1,169.11,0.348787623,1.6911,Input shaft bearing 150 IR BPFI/Inner race H1 169.110 Hz; Input shaft bearing 150 RE BSF/Rolling element H3 170.220 Hz; Output shaft bearing 250/251 OR BPFO/Outer race H7 167.860 Hz; Input shaft bearing 151 IR BPFI/Inner race H1 171.110 Hz; Output shaft bearing 250 OR BPFO/Outer race H7 167.790 Hz,"4 sideband(s), spacing 8.098 Hz ~ 2nd shaft Shaft rotation (8.110 Hz)",Bearing characteristic match (primary attention for this spectrum type): Input shaft bearing 150 IR BPFI/Inner race H1. Sidebands present with 2nd shaft Shaft rotation spacing.
timesignal (18).uff,envelope,m/s²,0.0999756859,193.852855,1.05562329,0.89394268,Yes,bearing,2nd shaft bearing 350/351,RE BSF/Rolling element,9,193.32,0.532854986,1.9332,2nd shaft bearing 350/351 RE BSF/Rolling element H9 193.320 Hz,"3 sideband(s), spacing 16.246 Hz ~ 2nd shaft Wobbling (16.210 Hz)",Bearing characteristic match (primary attention for this spectrum type): 2nd shaft bearing 350/351 RE BSF/Rolling element H9. Sidebands present with 2nd shaft Wobbling spacing.
timesignal (18).uff,envelope,m/s²,0.0999756859,242.041136,1.57408352,1.40653672,Yes,bearing,Output shaft bearing 250/251,OR BPFO/Outer race,10,239.8,2.2411356,2.398,Output shaft bearing 250/251 OR BPFO/Outer race H10 239.800 Hz; Output shaft bearing 250 OR BPFO/Outer race H10 239.700 Hz,"2 sideband(s), spacing 8.098 Hz ~ 2nd shaft Shaft rotation (8.110 Hz)",Bearing characteristic match (primary attention for this spectrum type): Output shaft bearing 250/251 OR BPFO/Outer race H10. Sidebands present with 2nd shaft Shaft rotation spacing.
timesignal (18).uff,envelope,m/s²,0.0999756859,250.139166,0.946834227,0.753783225,Yes,bearing,2nd shaft bearing 350/351,OR BPFO/Outer race,5,249.65,0.489166155,2.4965,2nd shaft bearing 350/351 OR BPFO/Outer race H5 249.650 Hz; 2nd shaft bearing 350 OR BPFO/Outer race H5 251.150 Hz; Input shaft bearing 151 OR BPFO/Outer race H2 251.800 Hz,"3 sideband(s), spacing 56.286 Hz ~ Input shaft bearing 150 RE BSF/Rolling element (56.740 Hz)",Bearing characteristic match (primary attention for this spectrum type): 2nd shaft bearing 350/351 OR BPFO/Outer race H5. Sidebands present with Input shaft bearing 150 RE BSF/Rolling element spacing.
timesignal (18).uff,envelope,m/s²,0.0999756859,274.533234,1.00851399,0.847921036,No,,,,,,,,,No clear sideband pattern,Significant peak; no table match within tolerance. Trend and inspect if amplitude is high.
timesignal (19).uff,envelope,m/s²,0.0999756859,8.09803056,3.39831051,3.09332449,Yes,gear,2nd shaft,Shaft rotation,1,8.11,0.011969441,0.199951372,2nd shaft Shaft rotation H1 8.110 Hz; Output shaft Shaft rotation H4 8.200 Hz; Output shaft Wobbling H2 8.220 Hz; Output shaft bearing 250 Cage FTF/Cage H9 8.280 Hz; Output shaft bearing 250/251 Cage FTF/Cage H9 8.280 Hz,"4 sideband(s), spacing 8.198 Hz ~ 2nd shaft Shaft rotation (8.110 Hz)",Gear characteristic match (secondary attention for this spectrum type): 2nd shaft Shaft rotation H1. Sidebands present with 2nd shaft Shaft rotation spacing.
timesignal (19).uff,envelope,m/s²,0.0999756859,16.2960368,2.49851029,2.2416328,Yes,gear,2nd shaft,Shaft rotation,2,16.22,0.0760368038,0.199951372,2nd shaft Shaft rotation H2 16.220 Hz; 2nd shaft Wobbling H1 16.210 Hz; Output shaft Shaft rotation H8 16.400 Hz; Output shaft Wobbling H4 16.440 Hz,"4 sideband(s), spacing 8.198 Hz ~ 2nd shaft Shaft rotation (8.110 Hz)",Gear characteristic match (secondary attention for this spectrum type): 2nd shaft Shaft rotation H2. Sidebands present with 2nd shaft Shaft rotation spacing.
timesignal (19).uff,envelope,m/s²,0.0999756859,24.3940674,2.19747977,1.93652692,Yes,gear,2nd shaft,Shaft rotation,3,24.33,0.0640673628,0.2433,2nd shaft Shaft rotation H3 24.330 Hz,"5 sideband(s), spacing 8.098 Hz ~ 2nd shaft Shaft rotation (8.110 Hz)",Gear characteristic match (secondary attention for this spectrum type): 2nd shaft Shaft rotation H3. Sidebands present with 2nd shaft Shaft rotation spacing.
timesignal (19).uff,envelope,m/s²,0.0999756859,32.4920979,1.831091,1.57622215,Yes,gear,2nd shaft,Shaft rotation,4,32.44,0.0520979218,0.3244,2nd shaft Shaft rotation H4 32.440 Hz; 2nd shaft Wobbling H2 32.420 Hz,"6 sideband(s), spacing 8.098 Hz ~ 2nd shaft Shaft rotation (8.110 Hz)",Gear characteristic match (secondary attention for this spectrum type): 2nd shaft Shaft rotation H4. Sidebands present with 2nd shaft Shaft rotation spacing.
timesignal (19).uff,envelope,m/s²,0.0999756859,40.6901042,1.38756988,1.08540636,Yes,gear,2nd shaft,Shaft rotation,5,40.55,0.140104167,0.4055,2nd shaft Shaft rotation H5 40.550 Hz; Output shaft Wobbling H10 41.100 Hz,"6 sideband(s), spacing 8.198 Hz ~ 2nd shaft Shaft rotation (8.110 Hz)",Gear characteristic match (secondary attention for this spectrum type): 2nd shaft Shaft rotation H5. Sidebands present with 2nd shaft Shaft rotation spacing.
timesignal (19).uff,envelope,m/s²,0.0999756859,48.1882806,2.86673056,2.60631258,Yes,bearing,Output shaft bearing 250/251,OR BPFO/Outer race,2,47.96,0.22828061,0.4796,Output shaft bearing 250/251 OR BPFO/Outer race H2 47.960 Hz; Output shaft bearing 250 OR BPFO/Outer race H2 47.940 Hz; Input shaft bearing 151 Cage FTF/Cage H7 48.510 Hz; 2nd shaft Wobbling H3 48.630 Hz; 2nd shaft Shaft rotation H6 48.660 Hz,"4 sideband(s), spacing 8.098 Hz ~ 2nd shaft Shaft rotation (8.110 Hz)",Bearing characteristic match (primary attention for this spectrum type): Output shaft bearing 250/251 OR BPFO/Outer race H2. Sidebands present with 2nd shaft Shaft rotation spacing.
timesignal (19).uff,envelope,m/s²,0.0999756859,56.2863112,1.46742543,1.20708226,Yes,bearing,Input shaft bearing 150,RE BSF/Rolling element,1,56.74,0.453688831,0.5674,Input shaft bearing 150 RE BSF/Rolling element H1 56.740 Hz; 2nd shaft Shaft rotation H7 56.770 Hz,"5 sideband(s), spacing 8.098 Hz ~ 2nd shaft Shaft rotation (8.110 Hz)",Bearing characteristic match (primary attention for this spectrum type): Input shaft bearing 150 RE BSF/Rolling element H1. Sidebands present with 2nd shaft Shaft rotation spacing.
timesignal (19).uff,envelope,m/s²,0.0999756859,64.4843174,1.69381569,1.4778484,Yes,bearing,2nd shaft bearing 350/351,RE BSF/Rolling element,3,64.44,0.044317414,0.6444,2nd shaft bearing 350/351 RE BSF/Rolling element H3 64.440 Hz; 2nd shaft Wobbling H4 64.840 Hz; 2nd shaft Shaft rotation H8 64.880 Hz; Input shaft bearing 150 Cage FTF/Cage H9 63.990 Hz,"6 sideband(s), spacing 8.198 Hz ~ 2nd shaft Shaft rotation (8.110 Hz)",Bearing characteristic match (primary attention for this spectrum type): 2nd shaft bearing 350/351 RE BSF/Rolling element H3. Sidebands present with 2nd shaft Shaft rotation spacing.
timesignal (19).uff,envelope,m/s²,0.0999756859,72.582348,1.35026638,1.10175095,Yes,gear,2nd shaft,Shaft rotation,9,72.99,0.407652027,0.7299,2nd shaft Shaft rotation H9 72.990 Hz; Output shaft bearing 250/251 OR BPFO/Outer race H3 71.940 Hz; Output shaft bearing 250 OR BPFO/Outer race H3 71.910 Hz,"7 sideband(s), spacing 8.098 Hz ~ 2nd shaft Shaft rotation (8.110 Hz)",Gear characteristic match (secondary attention for this spectrum type): 2nd shaft Shaft rotation H9. Sidebands present with 2nd shaft Shaft rotation spacing.
timesignal (19).uff,envelope,m/s²,0.0999756859,80.6803785,4.67636245,4.42556244,Yes,gear,2nd shaft,Wobbling,5,81.05,0.369621468,0.8105,2nd shaft Wobbling H5 81.050 Hz; 2nd shaft Shaft rotation H10 81.100 Hz,"5 sideband(s), spacing 8.198 Hz ~ 2nd shaft Shaft rotation (8.110 Hz)",Gear characteristic match (secondary attention for this spectrum type): 2nd shaft Wobbling H5. Sidebands present with 2nd shaft Shaft rotation spacing.
timesignal (19).uff,envelope,m/s²,0.0999756859,88.8783848,4.11875299,3.88277945,Yes,bearing,Output shaft bearing 250/251,RE BSF/Rolling element,9,88.56,0.318384777,0.8856,Output shaft bearing 250/251 RE BSF/Rolling element H9 88.560 Hz; Output shaft bearing 250 IR BPFI/Inner race H3 88.350 Hz; Output shaft bearing 250/251 IR BPFI/Inner race H3 88.350 Hz; 2nd shaft bearing 350 RE BSF/Rolling element H4 88.200 Hz; Output shaft bearing 250 RE BSF/Rolling element H9 88.200 Hz,"5 sideband(s), spacing 8.198 Hz ~ 2nd shaft Shaft rotation (8.110 Hz)",Bearing characteristic match (primary attention for this spectrum type): Output shaft bearing 250/251 RE BSF/Rolling element H9. Sidebands present with 2nd shaft Shaft rotation spacing.
timesignal (19).uff,envelope,m/s²,0.0999756859,96.9764153,1.0851879,0.84422654,Yes,gear,2nd shaft,Wobbling,6,97.26,0.283584664,0.9726,2nd shaft Wobbling H6 97.260 Hz,"7 sideband(s), spacing 8.098 Hz ~ 2nd shaft Shaft rotation (8.110 Hz)",Gear characteristic match (secondary attention for this spectrum type): 2nd shaft Wobbling H6. Sidebands present with 2nd shaft Shaft rotation spacing.
timesignal (19).uff,envelope,m/s²,0.0999756859,105.074446,2.02368084,1.81851844,No,,,,,,,,,No clear sideband pattern,Significant peak; no table match within tolerance. Trend and inspect if amplitude is high.
timesignal (19).uff,envelope,m/s²,0.0999756859,113.272452,1.94589768,1.74281476,Yes,gear,2nd shaft,Wobbling,7,113.47,0.19754786,1.1347,2nd shaft Wobbling H7 113.470 Hz; Input shaft bearing 150 RE BSF/Rolling element H2 113.480 Hz,"6 sideband(s), spacing 8.198 Hz ~ 2nd shaft Shaft rotation (8.110 Hz)",Gear characteristic match (secondary attention for this spectrum type): 2nd shaft Wobbling H7. Sidebands present with 2nd shaft Shaft rotation spacing.
timesignal (19).uff,envelope,m/s²,0.0999756859,128.868659,0.898878284,0.692622841,Yes,bearing,2nd shaft bearing 350/351,RE BSF/Rolling element,6,128.88,0.0113408579,1.2888,2nd shaft bearing 350/351 RE BSF/Rolling element H6 128.880 Hz; 2nd shaft Wobbling H8 129.680 Hz; Input shaft bearing 150 OR BPFO/Outer race H1 127.890 Hz,"6 sideband(s), spacing 8.098 Hz ~ 2nd shaft Shaft rotation (8.110 Hz)",Bearing characteristic match (primary attention for this spectrum type): 2nd shaft bearing 350/351 RE BSF/Rolling element H6. Sidebands present with 2nd shaft Shaft rotation spacing.
timesignal (19).uff,envelope,m/s²,0.0999756859,136.96669,1.20149233,1.03828115,No,,,,,,,,,No clear sideband pattern,Significant peak; no table match within tolerance. Trend and inspect if amplitude is high.
timesignal (19).uff,envelope,m/s²,0.0999756859,153.262727,1.28028988,1.06578178,Yes,bearing,2nd shaft bearing 350,RE BSF/Rolling element,7,154.35,1.0872735,1.5435,2nd shaft bearing 350 RE BSF/Rolling element H7 154.350 Hz,"5 sideband(s), spacing 16.296 Hz ~ 2nd shaft Wobbling (16.210 Hz)",Bearing characteristic match (primary attention for this spectrum type): 2nd shaft bearing 350 RE BSF/Rolling element H7. Sidebands present with 2nd shaft Wobbling spacing.
timesignal (19).uff,envelope,m/s²,0.0999756859,161.460733,1.89577486,1.69902102,Yes,gear,2nd shaft,Wobbling,10,162.1,0.63926725,1.621,2nd shaft Wobbling H10 162.100 Hz,"5 sideband(s), spacing 8.198 Hz ~ 2nd shaft Shaft rotation (8.110 Hz)",Gear characteristic match (secondary attention for this spectrum type): 2nd shaft Wobbling H10. Sidebands present with 2nd shaft Shaft rotation spacing.
timesignal (19).uff,envelope,m/s²,0.0999756859,169.558763,1.76074026,1.56990848,Yes,bearing,Input shaft bearing 150,IR BPFI/Inner race,1,169.11,0.448763309,1.6911,Input shaft bearing 150 IR BPFI/Inner race H1 169.110 Hz; Input shaft bearing 150 RE BSF/Rolling element H3 170.220 Hz; Input shaft bearing 151 IR BPFI/Inner race H1 171.110 Hz,"5 sideband(s), spacing 8.098 Hz ~ 2nd shaft Shaft rotation (8.110 Hz)",Bearing characteristic match (primary attention for this spectrum type): Input shaft bearing 150 IR BPFI/Inner race H1. Sidebands present with 2nd shaft Shaft rotation spacing.
timesignal (19).uff,envelope,m/s²,0.0999756859,193.952831,1.31649357,1.16661185,Yes,bearing,2nd shaft bearing 350/351,RE BSF/Rolling element,9,193.32,0.632830672,1.9332,2nd shaft bearing 350/351 RE BSF/Rolling element H9 193.320 Hz,"4 sideband(s), spacing 16.246 Hz ~ 2nd shaft Wobbling (16.210 Hz)",Bearing characteristic match (primary attention for this spectrum type): 2nd shaft bearing 350/351 RE BSF/Rolling element H9. Sidebands present with 2nd shaft Wobbling spacing.
timesignal (19).uff,envelope,m/s²,0.0999756859,202.050861,0.904925609,0.721151217,Yes,bearing,2nd shaft bearing 350,OR BPFO/Outer race,4,200.92,1.13086123,2.0092,2nd shaft bearing 350 OR BPFO/Outer race H4 200.920 Hz,"4 sideband(s), spacing 16.246 Hz ~ 2nd shaft Wobbling (16.210 Hz)",Bearing characteristic match (primary attention for this spectrum type): 2nd shaft bearing 350 OR BPFO/Outer race H4. Sidebands present with 2nd shaft Wobbling spacing.
timesignal (19).uff,envelope,m/s²,0.0999756859,242.141111,1.60987676,1.46336588,Yes,bearing,Output shaft bearing 250/251,OR BPFO/Outer race,10,239.8,2.34111128,2.398,Output shaft bearing 250/251 OR BPFO/Outer race H10 239.800 Hz,"2 sideband(s), spacing 8.098 Hz ~ 2nd shaft Shaft rotation (8.110 Hz)",Bearing characteristic match (primary attention for this spectrum type): Output shaft bearing 250/251 OR BPFO/Outer race H10. Sidebands present with 2nd shaft Shaft rotation spacing.
timesignal (19).uff,envelope,m/s²,0.0999756859,250.239142,0.944223328,0.764279609,Yes,bearing,2nd shaft bearing 350/351,OR BPFO/Outer race,5,249.65,0.589141841,2.4965,2nd shaft bearing 350/351 OR BPFO/Outer race H5 249.650 Hz; 2nd shaft bearing 350 OR BPFO/Outer race H5 251.150 Hz; Input shaft bearing 151 OR BPFO/Outer race H2 251.800 Hz,"4 sideband(s), spacing 2.699 Hz ~ Output shaft Shaft rotation (2.050 Hz)",Bearing characteristic match (primary attention for this spectrum type): 2nd shaft bearing 350/351 OR BPFO/Outer race H5. Sidebands present with Output shaft Shaft rotation spacing.
timesignal (19).uff,envelope,m/s²,0.0999756859,258.437148,0.84084193,0.652625754,Yes,bearing,Input shaft bearing 151,RE BSF/Rolling element,5,259.05,0.612851914,2.5905,Input shaft bearing 151 RE BSF/Rolling element H5 259.050 Hz,"2 sideband(s), spacing 4.099 Hz ~ Output shaft Wobbling (4.110 Hz)",Bearing characteristic match (primary attention for this spectrum type): Input shaft bearing 151 RE BSF/Rolling element H5. Sidebands present with Output shaft Wobbling spacing.
timesignal (20).uff,velocity_from_acceleration,mm/s,0.062500032,0.562500288,12.7353837,11.0006195,No,,,,,,,,,No clear sideband pattern,Significant peak; no table match within tolerance. Trend and inspect if amplitude is high.
timesignal (20).uff,velocity_from_acceleration,mm/s,0.062500032,152.937578,1.11660867,1.10402931,Yes,bearing,2nd shaft bearing 350,RE BSF/Rolling element,7,154.35,1.4124217,1.5435,2nd shaft bearing 350 RE BSF/Rolling element H7 154.350 Hz,"2 sideband(s), spacing 24.125 Hz ~ Output shaft bearing 250/251 OR BPFO/Outer race (23.980 Hz)",Bearing characteristic match (secondary attention for this spectrum type): 2nd shaft bearing 350 RE BSF/Rolling element H7. Sidebands present with Output shaft bearing 250/251 OR BPFO/Outer race spacing.
timesignal (20).uff,velocity_from_acceleration,mm/s,0.062500032,225.312615,0.987628079,0.950393655,Yes,bearing,Input shaft bearing 150,RE BSF/Rolling element,4,226.96,1.64738464,2.2696,Input shaft bearing 150 RE BSF/Rolling element H4 226.960 Hz,"2 sideband(s), spacing 24.375 Hz ~ Output shaft bearing 250/251 OR BPFO/Outer race (23.980 Hz)",Bearing characteristic match (secondary attention for this spectrum type): Input shaft bearing 150 RE BSF/Rolling element H4. Sidebands present with Output shaft bearing 250/251 OR BPFO/Outer race spacing.
timesignal (20).uff,velocity_from_acceleration,mm/s,0.062500032,249.687628,1.34540598,1.32332732,Yes,bearing,2nd shaft bearing 350/351,OR BPFO/Outer race,5,249.65,0.0376278401,2.4965,2nd shaft bearing 350/351 OR BPFO/Outer race H5 249.650 Hz; 2nd shaft bearing 350 OR BPFO/Outer race H5 251.150 Hz; Input shaft bearing 151 OR BPFO/Outer race H2 251.800 Hz,"2 sideband(s), spacing 24.375 Hz ~ Output shaft bearing 250/251 OR BPFO/Outer race (23.980 Hz)",Bearing characteristic match (secondary attention for this spectrum type): 2nd shaft bearing 350/351 OR BPFO/Outer race H5. Sidebands present with Output shaft bearing 250/251 OR BPFO/Outer race spacing.
timesignal (20).uff,velocity_from_acceleration,mm/s,0.062500032,555.562784,0.973852392,0.951410502,No,,,,,,,,,No clear sideband pattern,Significant peak; no table match within tolerance. Trend and inspect if amplitude is high.
timesignal (21).uff,velocity_from_acceleration,mm/s,0.062499968,0.62499968,9.31289917,7.99533475,No,,,,,,,,,No clear sideband pattern,Significant peak; no table match within tolerance. Trend and inspect if amplitude is high.
timesignal (21).uff,velocity_from_acceleration,mm/s,0.062499968,111.187443,0.786195181,0.774024931,Yes,bearing,2nd shaft bearing 350,RE BSF/Rolling element,5,110.25,0.937443072,1.1025,2nd shaft bearing 350 RE BSF/Rolling element H5 110.250 Hz,No clear sideband pattern,Bearing characteristic match (secondary attention for this spectrum type): 2nd shaft bearing 350 RE BSF/Rolling element H5. No clear sideband family detected from significant peaks.
timesignal (21).uff,velocity_from_acceleration,mm/s,0.062499968,152.999922,1.06906022,1.05455174,Yes,bearing,2nd shaft bearing 350,RE BSF/Rolling element,7,154.35,1.35007834,1.5435,2nd shaft bearing 350 RE BSF/Rolling element H7 154.350 Hz,"2 sideband(s), spacing 24.146 Hz ~ Output shaft bearing 250/251 OR BPFO/Outer race (23.980 Hz)",Bearing characteristic match (secondary attention for this spectrum type): 2nd shaft bearing 350 RE BSF/Rolling element H7. Sidebands present with Output shaft bearing 250/251 OR BPFO/Outer race spacing.
timesignal (21).uff,velocity_from_acceleration,mm/s,0.062499968,225.437385,1.0047016,0.977801548,Yes,bearing,Input shaft bearing 150,RE BSF/Rolling element,4,226.96,1.52261542,2.2696,Input shaft bearing 150 RE BSF/Rolling element H4 226.960 Hz,"3 sideband(s), spacing 8.125 Hz ~ 2nd shaft Shaft rotation (8.110 Hz)",Bearing characteristic match (secondary attention for this spectrum type): Input shaft bearing 150 RE BSF/Rolling element H4. Sidebands present with 2nd shaft Shaft rotation spacing.
timesignal (21).uff,velocity_from_acceleration,mm/s,0.062499968,233.56238,0.828023201,0.799278026,Yes,bearing,Output shaft bearing 250,IR BPFI/Inner race,8,235.6,2.03761958,2.356,Output shaft bearing 250 IR BPFI/Inner race H8 235.600 Hz; Output shaft bearing 250/251 IR BPFI/Inner race H8 235.600 Hz,"3 sideband(s), spacing 8.125 Hz ~ 2nd shaft Shaft rotation (8.110 Hz)",Bearing characteristic match (secondary attention for this spectrum type): Output shaft bearing 250 IR BPFI/Inner race H8. Sidebands present with 2nd shaft Shaft rotation spacing.
timesignal (21).uff,velocity_from_acceleration,mm/s,0.062499968,249.812372,1.31161403,1.2929535,Yes,bearing,2nd shaft bearing 350/351,OR BPFO/Outer race,5,249.65,0.162372096,2.4965,2nd shaft bearing 350/351 OR BPFO/Outer race H5 249.650 Hz; 2nd shaft bearing 350 OR BPFO/Outer race H5 251.150 Hz; Input shaft bearing 151 OR BPFO/Outer race H2 251.800 Hz,"3 sideband(s), spacing 8.125 Hz ~ 2nd shaft Shaft rotation (8.110 Hz)",Bearing characteristic match (secondary attention for this spectrum type): 2nd shaft bearing 350/351 OR BPFO/Outer race H5. Sidebands present with 2nd shaft Shaft rotation spacing.
timesignal (21).uff,velocity_from_acceleration,mm/s,0.062499968,257.937368,0.677496399,0.65904177,Yes,bearing,Input shaft bearing 151,RE BSF/Rolling element,5,259.05,1.11263206,2.5905,Input shaft bearing 151 RE BSF/Rolling element H5 259.050 Hz; Input shaft bearing 150 OR BPFO/Outer race H2 255.780 Hz,"3 sideband(s), spacing 8.125 Hz ~ 2nd shaft Shaft rotation (8.110 Hz)",Bearing characteristic match (secondary attention for this spectrum type): Input shaft bearing 151 RE BSF/Rolling element H5. Sidebands present with 2nd shaft Shaft rotation spacing.
timesignal (22).uff,acceleration,m/s²,0.999999283,224.999839,1.30654123,0.976441247,Yes,bearing,Input shaft bearing 150,RE BSF/Rolling element,4,226.96,1.96016128,2.2696,Input shaft bearing 150 RE BSF/Rolling element H4 226.960 Hz,"2 sideband(s), spacing 9.000 Hz ~ 2nd shaft Shaft rotation (8.110 Hz)",Bearing characteristic match (primary attention for this spectrum type): Input shaft bearing 150 RE BSF/Rolling element H4. Sidebands present with 2nd shaft Shaft rotation spacing.
timesignal (22).uff,acceleration,m/s²,0.999999283,233.999832,1.41483385,1.08638629,Yes,bearing,Output shaft bearing 250,IR BPFI/Inner race,8,235.6,1.60016773,2.356,Output shaft bearing 250 IR BPFI/Inner race H8 235.600 Hz; Output shaft bearing 250/251 IR BPFI/Inner race H8 235.600 Hz,"2 sideband(s), spacing 4.500 Hz ~ Output shaft Wobbling (4.110 Hz)",Bearing characteristic match (primary attention for this spectrum type): Output shaft bearing 250 IR BPFI/Inner race H8. Sidebands present with Output shaft Wobbling spacing.
timesignal (22).uff,acceleration,m/s²,0.999999283,249.999821,1.83489682,1.60434779,Yes,bearing,2nd shaft bearing 350/351,OR BPFO/Outer race,5,249.65,0.3498208,2.4965,2nd shaft bearing 350/351 OR BPFO/Outer race H5 249.650 Hz; 2nd shaft bearing 350 OR BPFO/Outer race H5 251.150 Hz; Input shaft bearing 151 OR BPFO/Outer race H2 251.800 Hz,"2 sideband(s), spacing 8.000 Hz ~ 2nd shaft Shaft rotation (8.110 Hz)",Bearing characteristic match (primary attention for this spectrum type): 2nd shaft bearing 350/351 OR BPFO/Outer race H5. Sidebands present with 2nd shaft Shaft rotation spacing.
timesignal (22).uff,acceleration,m/s²,0.999999283,277.999801,1.34835822,1.02690079,No,,,,,,,,,No clear sideband pattern,Significant peak; no table match within tolerance. Trend and inspect if amplitude is high.
timesignal (22).uff,acceleration,m/s²,0.999999283,462.999668,1.9392903,1.66700975,Yes,gear,Gear mesh,GMF Stage 1,1,462,0.999668122,4.62,Gear mesh GMF Stage 1 H1 462.000 Hz; Input shaft bearing 151 RE BSF/Rolling element H9 466.290 Hz,"3 sideband(s), spacing 24.500 Hz ~ Output shaft bearing 250/251 OR BPFO/Outer race (23.980 Hz)",Gear characteristic match (secondary attention for this spectrum type): Gear mesh GMF Stage 1 H1. Sidebands present with Output shaft bearing 250/251 OR BPFO/Outer race spacing.
timesignal (22).uff,acceleration,m/s²,0.999999283,511.999633,1.86004385,1.22854388,Yes,bearing,Input shaft bearing 150,OR BPFO/Outer race,4,511.56,0.439632999,5.1156,Input shaft bearing 150 OR BPFO/Outer race H4 511.560 Hz; Input shaft bearing 151 IR BPFI/Inner race H3 513.330 Hz; Input shaft bearing 150 RE BSF/Rolling element H9 510.660 Hz; Input shaft bearing 150 IR BPFI/Inner race H3 507.330 Hz,"3 sideband(s), spacing 24.000 Hz ~ Output shaft bearing 250/251 OR BPFO/Outer race (23.980 Hz)",Bearing characteristic match (primary attention for this spectrum type): Input shaft bearing 150 OR BPFO/Outer race H4. Sidebands present with Output shaft bearing 250/251 OR BPFO/Outer race spacing.
timesignal (22).uff,acceleration,m/s²,0.999999283,535.999616,1.8135803,1.3670207,No,,,,,,,,,No clear sideband pattern,Significant peak; no table match within tolerance. Trend and inspect if amplitude is high.
timesignal (22).uff,acceleration,m/s²,0.999999283,555.999601,4.28838131,3.51657099,No,,,,,,,,,No clear sideband pattern,Significant peak; no table match within tolerance. Trend and inspect if amplitude is high.
timesignal (22).uff,acceleration,m/s²,0.999999283,563.999596,2.0440103,1.46216396,Yes,bearing,Input shaft bearing 150,RE BSF/Rolling element,10,567.4,3.40040427,5.674,Input shaft bearing 150 RE BSF/Rolling element H10 567.400 Hz,"3 sideband(s), spacing 52.000 Hz ~ Input shaft bearing 151 RE BSF/Rolling element (51.810 Hz)",Bearing characteristic match (primary attention for this spectrum type): Input shaft bearing 150 RE BSF/Rolling element H10. Sidebands present with Input shaft bearing 151 RE BSF/Rolling element spacing.
timesignal (22).uff,acceleration,m/s²,0.999999283,627.99955,1.65555878,1.39685698,Yes,bearing,Input shaft bearing 151,OR BPFO/Outer race,5,629.5,1.50045015,6.295,Input shaft bearing 151 OR BPFO/Outer race H5 629.500 Hz,"5 sideband(s), spacing 32.000 Hz ~ Output shaft bearing 250 IR BPFI/Inner race (29.450 Hz)",Bearing characteristic match (primary attention for this spectrum type): Input shaft bearing 151 OR BPFO/Outer race H5. Sidebands present with Output shaft bearing 250 IR BPFI/Inner race spacing.
timesignal (22).uff,acceleration,m/s²,0.999999283,716.999486,1.35835131,1.06314301,Yes,bearing,2nd shaft bearing 350/351,IR BPFI/Inner race,10,716.5,0.499486055,7.165,2nd shaft bearing 350/351 IR BPFI/Inner race H10 716.500 Hz; 2nd shaft bearing 350 IR BPFI/Inner race H10 713.500 Hz,"4 sideband(s), spacing 8.000 Hz ~ Input shaft bearing 150 Cage FTF/Cage (7.110 Hz)",Bearing characteristic match (primary attention for this spectrum type): 2nd shaft bearing 350/351 IR BPFI/Inner race H10. Sidebands present with Input shaft bearing 150 Cage FTF/Cage spacing.
timesignal (22).uff,acceleration,m/s²,0.999999283,724.99948,1.6363552,1.20765854,Yes,gear,Gear mesh,GMF Stage 2,5,729.45,4.45051968,7.2945,Gear mesh GMF Stage 2 H5 729.450 Hz,"6 sideband(s), spacing 4.000 Hz ~ Output shaft Shaft rotation (2.050 Hz)",Gear characteristic match (secondary attention for this spectrum type): Gear mesh GMF Stage 2 H5. Sidebands present with Output shaft Shaft rotation spacing.
timesignal (22).uff,acceleration,m/s²,0.999999283,732.999475,1.39065667,1.00738116,Yes,gear,Gear mesh,GMF Stage 2,5,729.45,3.54947459,7.2945,Gear mesh GMF Stage 2 H5 729.450 Hz,"6 sideband(s), spacing 8.000 Hz ~ Output shaft Wobbling (4.110 Hz)",Gear characteristic match (secondary attention for this spectrum type): Gear mesh GMF Stage 2 H5. Sidebands present with Output shaft Wobbling spacing.
timesignal (22).uff,acceleration,m/s²,0.999999283,751.999461,2.04600579,1.87954127,Yes,bearing,Input shaft bearing 151,OR BPFO/Outer race,6,755.4,3.40053903,7.554,Input shaft bearing 151 OR BPFO/Outer race H6 755.400 Hz,"3 sideband(s), spacing 9.500 Hz ~ Output shaft bearing 250 RE BSF/Rolling element (9.800 Hz)",Bearing characteristic match (primary attention for this spectrum type): Input shaft bearing 151 OR BPFO/Outer race H6. Sidebands present with Output shaft bearing 250 RE BSF/Rolling element spacing.
timesignal (22).uff,acceleration,m/s²,0.999999283,1880.99865,2.30794861,2.02586529,No,,,,,,,,,No clear sideband pattern,Significant peak; no table match within tolerance. Trend and inspect if amplitude is high.
timesignal (22).uff,acceleration,m/s²,0.999999283,2005.99856,6.57932461,5.81771664,No,,,,,,,,,No clear sideband pattern,Significant peak; no table match within tolerance. Trend and inspect if amplitude is high.
timesignal (22).uff,acceleration,m/s²,0.999999283,2013.99856,2.3326836,1.55078423,No,,,,,,,,,No clear sideband pattern,Significant peak; no table match within tolerance. Trend and inspect if amplitude is high.
timesignal (22).uff,acceleration,m/s²,0.999999283,2130.99847,5.09606648,4.54074678,No,,,,,,,,,No clear sideband pattern,Significant peak; no table match within tolerance. Trend and inspect if amplitude is high.
timesignal (22).uff,acceleration,m/s²,0.999999283,2255.99838,4.72171778,3.95376135,No,,,,,,,,,No clear sideband pattern,Significant peak; no table match within tolerance. Trend and inspect if amplitude is high.
timesignal (22).uff,acceleration,m/s²,0.999999283,2287.99836,2.32319489,1.52319948,Yes,gear,Gear mesh,GMF Stage 1,5,2310,22.00164,23.1,Gear mesh GMF Stage 1 H5 2310.000 Hz,"5 sideband(s), spacing 32.000 Hz ~ Input shaft bearing 151 RE BSF/Rolling element (51.810 Hz)",Gear characteristic match (secondary attention for this spectrum type): Gear mesh GMF Stage 1 H5. Sidebands present with Input shaft bearing 151 RE BSF/Rolling element spacing.
timesignal (22).uff,acceleration,m/s²,0.999999283,2373.9983,2.16022776,1.40037596,No,,,,,,,,,No clear sideband pattern,Significant peak; no table match within tolerance. Trend and inspect if amplitude is high.
timesignal (22).uff,acceleration,m/s²,0.999999283,2381.99829,6.32789524,5.53516711,No,,,,,,,,,No clear sideband pattern,Significant peak; no table match within tolerance. Trend and inspect if amplitude is high.
timesignal (22).uff,acceleration,m/s²,0.999999283,2441.99825,1.61950795,1.01378332,No,,,,,,,,,No clear sideband pattern,Significant peak; no table match within tolerance. Trend and inspect if amplitude is high.
timesignal (22).uff,acceleration,m/s²,0.999999283,2451.99824,1.60973401,1.00632109,No,,,,,,,,,No clear sideband pattern,Significant peak; no table match within tolerance. Trend and inspect if amplitude is high.
timesignal (22).uff,acceleration,m/s²,0.999999283,2506.9982,1.7953866,1.35475089,No,,,,,,,,,No clear sideband pattern,Significant peak; no table match within tolerance. Trend and inspect if amplitude is high.
timesignal (22).uff,acceleration,m/s²,0.999999283,4136.99703,1.36515582,1.05765851,No,,,,,,,,,No clear sideband pattern,Significant peak; no table match within tolerance. Trend and inspect if amplitude is high.
timesignal (23).uff,envelope,m/s²,0.0999756859,8.09803056,0.437901423,0.327188024,Yes,gear,2nd shaft,Shaft rotation,1,8.11,0.011969441,0.199951372,2nd shaft Shaft rotation H1 8.110 Hz; Output shaft Shaft rotation H4 8.200 Hz; Output shaft Wobbling H2 8.220 Hz; Output shaft bearing 250 Cage FTF/Cage H9 8.280 Hz; Output shaft bearing 250/251 Cage FTF/Cage H9 8.280 Hz,No clear sideband pattern,Gear characteristic match (secondary attention for this spectrum type): 2nd shaft Shaft rotation H1. No clear sideband family detected from significant peaks.
timesignal (23).uff,envelope,m/s²,0.0999756859,32.4920979,0.541067598,0.44548676,Yes,gear,2nd shaft,Shaft rotation,4,32.44,0.0520979218,0.3244,2nd shaft Shaft rotation H4 32.440 Hz; 2nd shaft Wobbling H2 32.420 Hz,No clear sideband pattern,Gear characteristic match (secondary attention for this spectrum type): 2nd shaft Shaft rotation H4. No clear sideband family detected from significant peaks.
timesignal (23).uff,envelope,m/s²,0.0999756859,125.36951,3.83982051,3.72651414,Yes,bearing,Input shaft bearing 151,OR BPFO/Outer race,1,125.9,0.530489865,1.259,Input shaft bearing 151 OR BPFO/Outer race H1 125.900 Hz,No clear sideband pattern,Bearing characteristic match (primary attention for this spectrum type): Input shaft bearing 151 OR BPFO/Outer race H1. No clear sideband family detected from significant peaks.
timesignal (23).uff,envelope,m/s²,0.0999756859,195.252515,0.390747045,0.310739823,Yes,bearing,2nd shaft bearing 350/351,RE BSF/Rolling element,9,193.32,1.93251459,1.9332,2nd shaft bearing 350/351 RE BSF/Rolling element H9 193.320 Hz,No clear sideband pattern,Bearing characteristic match (primary attention for this spectrum type): 2nd shaft bearing 350/351 RE BSF/Rolling element H9. No clear sideband family detected from significant peaks.
timesignal (23).uff,envelope,m/s²,0.0999756859,250.838996,2.61683328,2.54665662,Yes,bearing,2nd shaft bearing 350,OR BPFO/Outer race,5,251.15,0.311004044,2.5115,2nd shaft bearing 350 OR BPFO/Outer race H5 251.150 Hz; Input shaft bearing 151 OR BPFO/Outer race H2 251.800 Hz; 2nd shaft bearing 350/351 OR BPFO/Outer race H5 249.650 Hz,No clear sideband pattern,Bearing characteristic match (primary attention for this spectrum type): 2nd shaft bearing 350 OR BPFO/Outer race H5. No clear sideband family detected from significant peaks.
timesignal (23).uff,envelope,m/s²,0.0999756859,376.208506,2.0661049,1.99714503,Yes,bearing,Input shaft bearing 151,OR BPFO/Outer race,3,377.7,1.49149391,3.777,Input shaft bearing 151 OR BPFO/Outer race H3 377.700 Hz,No clear sideband pattern,Bearing characteristic match (primary attention for this spectrum type): Input shaft bearing 151 OR BPFO/Outer race H3. No clear sideband family detected from significant peaks.
timesignal (23).uff,envelope,m/s²,0.0999756859,501.578016,0.650358456,0.609334477,Yes,bearing,2nd shaft bearing 350/351,IR BPFI/Inner race,7,501.55,0.0280162265,5.0155,2nd shaft bearing 350/351 IR BPFI/Inner race H7 501.550 Hz; 2nd shaft bearing 350 OR BPFO/Outer race H10 502.300 Hz; Input shaft bearing 151 OR BPFO/Outer race H4 503.600 Hz; 2nd shaft bearing 350 IR BPFI/Inner race H7 499.450 Hz; 2nd shaft bearing 350/351 OR BPFO/Outer race H10 499.300 Hz,No clear sideband pattern,Bearing characteristic match (primary attention for this spectrum type): 2nd shaft bearing 350/351 IR BPFI/Inner race H7. No clear sideband family detected from significant peaks.
timesignal (23).uff,envelope,m/s²,0.0999756859,752.417012,0.371496758,0.342049625,Yes,bearing,Input shaft bearing 151,OR BPFO/Outer race,6,755.4,2.98298782,7.554,Input shaft bearing 151 OR BPFO/Outer race H6 755.400 Hz,No clear sideband pattern,Bearing characteristic match (primary attention for this spectrum type): Input shaft bearing 151 OR BPFO/Outer race H6. No clear sideband family detected from significant peaks.
timesignal (24).uff,envelope,m/s²,0.0999756859,8.09803056,0.283899216,0.245736847,Yes,gear,2nd shaft,Shaft rotation,1,8.11,0.011969441,0.199951372,2nd shaft Shaft rotation H1 8.110 Hz; Output shaft Shaft rotation H4 8.200 Hz; Output shaft Wobbling H2 8.220 Hz; Output shaft bearing 250 Cage FTF/Cage H9 8.280 Hz; Output shaft bearing 250/251 Cage FTF/Cage H9 8.280 Hz,No clear sideband pattern,Gear characteristic match (secondary attention for this spectrum type): 2nd shaft Shaft rotation H1. No clear sideband family detected from significant peaks.
timesignal (24).uff,envelope,m/s²,0.0999756859,48.0883049,0.264021158,0.229811168,Yes,bearing,Output shaft bearing 250/251,OR BPFO/Outer race,2,47.96,0.128304924,0.4796,Output shaft bearing 250/251 OR BPFO/Outer race H2 47.960 Hz; Output shaft bearing 250 OR BPFO/Outer race H2 47.940 Hz; Input shaft bearing 151 Cage FTF/Cage H7 48.510 Hz,No clear sideband pattern,Bearing characteristic match (primary attention for this spectrum type): Output shaft bearing 250/251 OR BPFO/Outer race H2. No clear sideband family detected from significant peaks.
timesignal (24).uff,envelope,m/s²,0.0999756859,80.5804028,0.338982746,0.302998496,Yes,gear,2nd shaft,Wobbling,5,81.05,0.469597154,0.8105,2nd shaft Wobbling H5 81.050 Hz; 2nd shaft Shaft rotation H10 81.100 Hz,"2 sideband(s), spacing 8.098 Hz ~ 2nd shaft Shaft rotation (8.110 Hz)",Gear characteristic match (secondary attention for this spectrum type): 2nd shaft Wobbling H5. Sidebands present with 2nd shaft Shaft rotation spacing.
timesignal (24).uff,envelope,m/s²,0.0999756859,88.6784334,0.304743737,0.275274862,Yes,bearing,Output shaft bearing 250/251,RE BSF/Rolling element,9,88.56,0.118433405,0.8856,Output shaft bearing 250/251 RE BSF/Rolling element H9 88.560 Hz; Output shaft bearing 250 IR BPFI/Inner race H3 88.350 Hz; Output shaft bearing 250/251 IR BPFI/Inner race H3 88.350 Hz; 2nd shaft bearing 350 RE BSF/Rolling element H4 88.200 Hz; Output shaft bearing 250 RE BSF/Rolling element H9 88.200 Hz,No clear sideband pattern,Bearing characteristic match (primary attention for this spectrum type): Output shaft bearing 250/251 RE BSF/Rolling element H9. No clear sideband family detected from significant peaks.
timesignal (24).uff,envelope,m/s²,0.0999756859,125.36951,1.17327595,1.14016596,Yes,bearing,Input shaft bearing 151,OR BPFO/Outer race,1,125.9,0.530489865,1.259,Input shaft bearing 151 OR BPFO/Outer race H1 125.900 Hz,No clear sideband pattern,Bearing characteristic match (primary attention for this spectrum type): Input shaft bearing 151 OR BPFO/Outer race H1. No clear sideband family detected from significant peaks.
timesignal (24).uff,envelope,m/s²,0.0999756859,250.838996,0.941989831,0.908401852,Yes,bearing,2nd shaft bearing 350,OR BPFO/Outer race,5,251.15,0.311004044,2.5115,2nd shaft bearing 350 OR BPFO/Outer race H5 251.150 Hz; Input shaft bearing 151 OR BPFO/Outer race H2 251.800 Hz; 2nd shaft bearing 350/351 OR BPFO/Outer race H5 249.650 Hz,No clear sideband pattern,Bearing characteristic match (primary attention for this spectrum type): 2nd shaft bearing 350 OR BPFO/Outer race H5. No clear sideband family detected from significant peaks.
timesignal (24).uff,envelope,m/s²,0.0999756859,258.937027,0.168594413,0.142285401,Yes,bearing,Input shaft bearing 151,RE BSF/Rolling element,5,259.05,0.112973485,2.5905,Input shaft bearing 151 RE BSF/Rolling element H5 259.050 Hz,"2 sideband(s), spacing 2.699 Hz ~ Output shaft Shaft rotation (2.050 Hz)",Bearing characteristic match (primary attention for this spectrum type): Input shaft bearing 151 RE BSF/Rolling element H5. Sidebands present with Output shaft Shaft rotation spacing.
timesignal (24).uff,envelope,m/s²,0.0999756859,376.208506,0.299787984,0.27204932,Yes,bearing,Input shaft bearing 151,OR BPFO/Outer race,3,377.7,1.49149391,3.777,Input shaft bearing 151 OR BPFO/Outer race H3 377.700 Hz,No clear sideband pattern,Bearing characteristic match (primary attention for this spectrum type): Input shaft bearing 151 OR BPFO/Outer race H3. No clear sideband family detected from significant peaks.
timesignal (24).uff,envelope,m/s²,0.0999756859,501.677992,0.173390878,0.150951316,Yes,bearing,2nd shaft bearing 350/351,IR BPFI/Inner race,7,501.55,0.127991912,5.0155,2nd shaft bearing 350/351 IR BPFI/Inner race H7 501.550 Hz; 2nd shaft bearing 350 OR BPFO/Outer race H10 502.300 Hz; Input shaft bearing 151 OR BPFO/Outer race H4 503.600 Hz; 2nd shaft bearing 350 IR BPFI/Inner race H7 499.450 Hz; 2nd shaft bearing 350/351 OR BPFO/Outer race H10 499.300 Hz,No clear sideband pattern,Bearing characteristic match (primary attention for this spectrum type): 2nd shaft bearing 350/351 IR BPFI/Inner race H7. No clear sideband family detected from significant peaks.
timesignal (24).uff,envelope,m/s²,0.0999756859,627.047502,0.293657065,0.267839778,Yes,bearing,Input shaft bearing 151,OR BPFO/Outer race,5,629.5,2.45249795,6.295,Input shaft bearing 151 OR BPFO/Outer race H5 629.500 Hz,No clear sideband pattern,Bearing characteristic match (primary attention for this spectrum type): Input shaft bearing 151 OR BPFO/Outer race H5. No clear sideband family detected from significant peaks.
timesignal (24).uff,envelope,m/s²,0.0999756859,877.786522,0.227573395,0.203725858,Yes,bearing,Input shaft bearing 151,OR BPFO/Outer race,7,881.3,3.51347768,8.813,Input shaft bearing 151 OR BPFO/Outer race H7 881.300 Hz,No clear sideband pattern,Bearing characteristic match (primary attention for this spectrum type): Input shaft bearing 151 OR BPFO/Outer race H7. No clear sideband family detected from significant peaks.
timesignal (25).uff,velocity_from_acceleration,mm/s,0.062500032,0.93750048,26.3409405,16.0610057,Yes,bearing,Output shaft bearing 250,Cage FTF/Cage,1,0.92,0.01750048,0.125000064,Output shaft bearing 250 Cage FTF/Cage H1 0.920 Hz; Output shaft bearing 250/251 Cage FTF/Cage H1 0.920 Hz,No clear sideband pattern,Bearing characteristic match (secondary attention for this spectrum type): Output shaft bearing 250 Cage FTF/Cage H1. No clear sideband family detected from significant peaks.
timesignal (25).uff,velocity_from_acceleration,mm/s,0.062500032,4.75000243,7.78523668,5.36980465,No,,,,,,,,,No clear sideband pattern,Significant peak; no table match within tolerance. Trend and inspect if amplitude is high.
timesignal (25).uff,velocity_from_acceleration,mm/s,0.062500032,6.81250349,6.46578885,4.49218998,Yes,bearing,2nd shaft bearing 350,Cage FTF/Cage,2,6.7,0.112503488,0.125000064,2nd shaft bearing 350 Cage FTF/Cage H2 6.700 Hz; Input shaft bearing 151 Cage FTF/Cage H1 6.930 Hz,No clear sideband pattern,Bearing characteristic match (secondary attention for this spectrum type): 2nd shaft bearing 350 Cage FTF/Cage H2. No clear sideband family detected from significant peaks.
timesignal (25).uff,velocity_from_acceleration,mm/s,0.062500032,125.562564,4.40009807,4.31017277,Yes,bearing,Input shaft bearing 151,OR BPFO/Outer race,1,125.9,0.337435712,1.259,Input shaft bearing 151 OR BPFO/Outer race H1 125.900 Hz,No clear sideband pattern,Bearing characteristic match (secondary attention for this spectrum type): Input shaft bearing 151 OR BPFO/Outer race H1. No clear sideband family detected from significant peaks.
timesignal (26).uff,velocity_from_acceleration,mm/s,0.062500032,0.62500032,43.962099,38.3713992,No,,,,,,,,,No clear sideband pattern,Significant peak; no table match within tolerance. Trend and inspect if amplitude is high.
timesignal (26).uff,velocity_from_acceleration,mm/s,0.062500032,250.062628,3.08071372,3.02362321,Yes,bearing,2nd shaft bearing 350/351,OR BPFO/Outer race,5,249.65,0.412628032,2.4965,2nd shaft bearing 350/351 OR BPFO/Outer race H5 249.650 Hz; 2nd shaft bearing 350 OR BPFO/Outer race H5 251.150 Hz; Input shaft bearing 151 OR BPFO/Outer race H2 251.800 Hz,No clear sideband pattern,Bearing characteristic match (secondary attention for this spectrum type): 2nd shaft bearing 350/351 OR BPFO/Outer race H5. No clear sideband family detected from significant peaks.
timesignal (27).uff,velocity_from_acceleration,mm/s,0.062499968,0.62499968,109.338112,101.097432,No,,,,,,,,,No clear sideband pattern,Significant peak; no table match within tolerance. Trend and inspect if amplitude is high.
timesignal (28).uff,acceleration,m/s²,0.999999283,241.999827,3.11503959,2.69542171,Yes,bearing,Output shaft bearing 250/251,OR BPFO/Outer race,10,239.8,2.19982653,2.398,Output shaft bearing 250/251 OR BPFO/Outer race H10 239.800 Hz; Output shaft bearing 250 OR BPFO/Outer race H10 239.700 Hz,"2 sideband(s), spacing 4.000 Hz ~ Output shaft Wobbling (4.110 Hz)",Bearing characteristic match (primary attention for this spectrum type): Output shaft bearing 250/251 OR BPFO/Outer race H10. Sidebands present with Output shaft Wobbling spacing.
timesignal (28).uff,acceleration,m/s²,0.999999283,249.999821,4.878895,4.26260894,Yes,bearing,2nd shaft bearing 350/351,OR BPFO/Outer race,5,249.65,0.3498208,2.4965,2nd shaft bearing 350/351 OR BPFO/Outer race H5 249.650 Hz; 2nd shaft bearing 350 OR BPFO/Outer race H5 251.150 Hz; Input shaft bearing 151 OR BPFO/Outer race H2 251.800 Hz,"4 sideband(s), spacing 2.667 Hz ~ Output shaft Shaft rotation (2.050 Hz)",Bearing characteristic match (primary attention for this spectrum type): 2nd shaft bearing 350/351 OR BPFO/Outer race H5. Sidebands present with Output shaft Shaft rotation spacing.
timesignal (28).uff,acceleration,m/s²,0.999999283,257.999815,4.47991771,3.86363165,Yes,bearing,Input shaft bearing 151,RE BSF/Rolling element,5,259.05,1.05018493,2.5905,Input shaft bearing 151 RE BSF/Rolling element H5 259.050 Hz; Input shaft bearing 150 OR BPFO/Outer race H2 255.780 Hz,"2 sideband(s), spacing 4.000 Hz ~ Output shaft Wobbling (4.110 Hz)",Bearing characteristic match (primary attention for this spectrum type): Input shaft bearing 151 RE BSF/Rolling element H5. Sidebands present with Output shaft Wobbling spacing.
timesignal (28).uff,acceleration,m/s²,0.999999283,321.999769,3.15734877,2.49481306,No,,,,,,,,,No clear sideband pattern,Significant peak; no table match within tolerance. Trend and inspect if amplitude is high.
timesignal (28).uff,acceleration,m/s²,0.999999283,483.999653,4.91675521,4.15595739,No,,,,,,,,,No clear sideband pattern,Significant peak; no table match within tolerance. Trend and inspect if amplitude is high.
timesignal (28).uff,acceleration,m/s²,0.999999283,491.999647,3.77371489,2.71267503,No,,,,,,,,,No clear sideband pattern,Significant peak; no table match within tolerance. Trend and inspect if amplitude is high.
timesignal (28).uff,acceleration,m/s²,0.999999283,555.999601,6.28671269,5.63593603,No,,,,,,,,,No clear sideband pattern,Significant peak; no table match within tolerance. Trend and inspect if amplitude is high.
timesignal (28).uff,acceleration,m/s²,0.999999283,636.999543,3.44506483,2.6674986,Yes,bearing,Input shaft bearing 150,OR BPFO/Outer race,5,639.45,2.4504566,6.3945,Input shaft bearing 150 OR BPFO/Outer race H5 639.450 Hz; 2nd shaft bearing 350 IR BPFI/Inner race H9 642.150 Hz,No clear sideband pattern,Bearing characteristic match (primary attention for this spectrum type): Input shaft bearing 150 OR BPFO/Outer race H5. No clear sideband family detected from significant peaks.
timesignal (29).uff,envelope,m/s²,0.0999756859,8.09803056,2.17307211,1.90515018,Yes,gear,2nd shaft,Shaft rotation,1,8.11,0.011969441,0.199951372,2nd shaft Shaft rotation H1 8.110 Hz; Output shaft Shaft rotation H4 8.200 Hz; Output shaft Wobbling H2 8.220 Hz; Output shaft bearing 250 Cage FTF/Cage H9 8.280 Hz; Output shaft bearing 250/251 Cage FTF/Cage H9 8.280 Hz,"3 sideband(s), spacing 24.044 Hz ~ Output shaft bearing 250/251 OR BPFO/Outer race (23.980 Hz)",Gear characteristic match (secondary attention for this spectrum type): 2nd shaft Shaft rotation H1. Sidebands present with Output shaft bearing 250/251 OR BPFO/Outer race spacing.
timesignal (29).uff,envelope,m/s²,0.0999756859,16.1960611,1.40245534,1.16481988,Yes,gear,2nd shaft,Wobbling,1,16.21,0.0139388821,0.199951372,2nd shaft Wobbling H1 16.210 Hz; 2nd shaft Shaft rotation H2 16.220 Hz,"3 sideband(s), spacing 16.296 Hz ~ 2nd shaft Wobbling (16.210 Hz)",Gear characteristic match (secondary attention for this spectrum type): 2nd shaft Wobbling H1. Sidebands present with 2nd shaft Wobbling spacing.
timesignal (29).uff,envelope,m/s²,0.0999756859,32.4920979,2.94683918,2.6352808,Yes,gear,2nd shaft,Shaft rotation,4,32.44,0.0520979218,0.3244,2nd shaft Shaft rotation H4 32.440 Hz; 2nd shaft Wobbling H2 32.420 Hz,"4 sideband(s), spacing 16.296 Hz ~ 2nd shaft Wobbling (16.210 Hz)",Gear characteristic match (secondary attention for this spectrum type): 2nd shaft Shaft rotation H4. Sidebands present with 2nd shaft Wobbling spacing.
timesignal (29).uff,envelope,m/s²,0.0999756859,48.0883049,2.09640963,1.83970209,Yes,bearing,Output shaft bearing 250/251,OR BPFO/Outer race,2,47.96,0.128304924,0.4796,Output shaft bearing 250/251 OR BPFO/Outer race H2 47.960 Hz; Output shaft bearing 250 OR BPFO/Outer race H2 47.940 Hz; Input shaft bearing 151 Cage FTF/Cage H7 48.510 Hz,"4 sideband(s), spacing 8.098 Hz ~ 2nd shaft Shaft rotation (8.110 Hz)",Bearing characteristic match (primary attention for this spectrum type): Output shaft bearing 250/251 OR BPFO/Outer race H2. Sidebands present with 2nd shaft Shaft rotation spacing.
timesignal (29).uff,envelope,m/s²,0.0999756859,56.1863355,1.21257378,0.984728428,Yes,bearing,Input shaft bearing 150,RE BSF/Rolling element,1,56.74,0.553664517,0.5674,Input shaft bearing 150 RE BSF/Rolling element H1 56.740 Hz,"5 sideband(s), spacing 8.098 Hz ~ 2nd shaft Shaft rotation (8.110 Hz)",Bearing characteristic match (primary attention for this spectrum type): Input shaft bearing 150 RE BSF/Rolling element H1. Sidebands present with 2nd shaft Shaft rotation spacing.
timesignal (29).uff,envelope,m/s²,0.0999756859,64.3843417,1.12108574,0.87413862,Yes,bearing,2nd shaft bearing 350/351,RE BSF/Rolling element,3,64.44,0.0556582719,0.6444,2nd shaft bearing 350/351 RE BSF/Rolling element H3 64.440 Hz; Input shaft bearing 150 Cage FTF/Cage H9 63.990 Hz; 2nd shaft Wobbling H4 64.840 Hz; 2nd shaft Shaft rotation H8 64.880 Hz,"6 sideband(s), spacing 8.198 Hz ~ 2nd shaft Shaft rotation (8.110 Hz)",Bearing characteristic match (primary attention for this spectrum type): 2nd shaft bearing 350/351 RE BSF/Rolling element H3. Sidebands present with 2nd shaft Shaft rotation spacing.
timesignal (29).uff,envelope,m/s²,0.0999756859,72.4823723,1.09129802,0.84749401,Yes,gear,2nd shaft,Shaft rotation,9,72.99,0.507627713,0.7299,2nd shaft Shaft rotation H9 72.990 Hz; Output shaft bearing 250/251 OR BPFO/Outer race H3 71.940 Hz; Output shaft bearing 250 OR BPFO/Outer race H3 71.910 Hz,"7 sideband(s), spacing 8.098 Hz ~ 2nd shaft Shaft rotation (8.110 Hz)",Gear characteristic match (secondary attention for this spectrum type): 2nd shaft Shaft rotation H9. Sidebands present with 2nd shaft Shaft rotation spacing.
timesignal (29).uff,envelope,m/s²,0.0999756859,80.5804028,2.2433583,2.03666114,Yes,gear,2nd shaft,Wobbling,5,81.05,0.469597154,0.8105,2nd shaft Wobbling H5 81.050 Hz; 2nd shaft Shaft rotation H10 81.100 Hz,"7 sideband(s), spacing 8.098 Hz ~ 2nd shaft Shaft rotation (8.110 Hz)",Gear characteristic match (secondary attention for this spectrum type): 2nd shaft Wobbling H5. Sidebands present with 2nd shaft Shaft rotation spacing.
timesignal (29).uff,envelope,m/s²,0.0999756859,88.6784334,2.03374633,1.81065742,Yes,bearing,Output shaft bearing 250/251,RE BSF/Rolling element,9,88.56,0.118433405,0.8856,Output shaft bearing 250/251 RE BSF/Rolling element H9 88.560 Hz; Output shaft bearing 250 IR BPFI/Inner race H3 88.350 Hz; Output shaft bearing 250/251 IR BPFI/Inner race H3 88.350 Hz; 2nd shaft bearing 350 RE BSF/Rolling element H4 88.200 Hz; Output shaft bearing 250 RE BSF/Rolling element H9 88.200 Hz,"6 sideband(s), spacing 8.098 Hz ~ 2nd shaft Shaft rotation (8.110 Hz)",Bearing characteristic match (primary attention for this spectrum type): Output shaft bearing 250/251 RE BSF/Rolling element H9. Sidebands present with 2nd shaft Shaft rotation spacing.
timesignal (29).uff,envelope,m/s²,0.0999756859,96.776464,1.08051748,0.925694999,Yes,gear,2nd shaft,Wobbling,6,97.26,0.483536036,0.9726,2nd shaft Wobbling H6 97.260 Hz; Output shaft bearing 250/251 OR BPFO/Outer race H4 95.920 Hz; Output shaft bearing 250 OR BPFO/Outer race H4 95.880 Hz,"5 sideband(s), spacing 8.098 Hz ~ 2nd shaft Shaft rotation (8.110 Hz)",Gear characteristic match (secondary attention for this spectrum type): 2nd shaft Wobbling H6. Sidebands present with 2nd shaft Shaft rotation spacing.
timesignal (29).uff,envelope,m/s²,0.0999756859,104.97447,1.41050514,1.17776917,No,,,,,,,,,No clear sideband pattern,Significant peak; no table match within tolerance. Trend and inspect if amplitude is high.
timesignal (29).uff,envelope,m/s²,0.0999756859,136.766738,0.994554778,0.843640743,No,,,,,,,,,No clear sideband pattern,Significant peak; no table match within tolerance. Trend and inspect if amplitude is high.
timesignal (29).uff,envelope,m/s²,0.0999756859,144.964745,1.02256057,0.861892004,Yes,gear,Gear mesh,GMF Stage 2,1,145.89,0.925255426,1.4589,Gear mesh GMF Stage 2 H1 145.890 Hz; 2nd shaft Wobbling H9 145.890 Hz; Output shaft bearing 250/251 OR BPFO/Outer race H6 143.880 Hz; Output shaft bearing 250 OR BPFO/Outer race H6 143.820 Hz,"3 sideband(s), spacing 8.198 Hz ~ 2nd shaft Shaft rotation (8.110 Hz)",Gear characteristic match (secondary attention for this spectrum type): Gear mesh GMF Stage 2 H1. Sidebands present with 2nd shaft Shaft rotation spacing.
timesignal (29).uff,envelope,m/s²,0.0999756859,153.062775,1.02642716,0.83365776,Yes,bearing,2nd shaft bearing 350,RE BSF/Rolling element,7,154.35,1.28722487,1.5435,2nd shaft bearing 350 RE BSF/Rolling element H7 154.350 Hz,"3 sideband(s), spacing 8.098 Hz ~ 2nd shaft Shaft rotation (8.110 Hz)",Bearing characteristic match (primary attention for this spectrum type): 2nd shaft bearing 350 RE BSF/Rolling element H7. Sidebands present with 2nd shaft Shaft rotation spacing.
timesignal (29).uff,envelope,m/s²,0.0999756859,161.160806,1.20519574,1.04660888,Yes,gear,2nd shaft,Wobbling,10,162.1,0.939194308,1.621,2nd shaft Wobbling H10 162.100 Hz,"3 sideband(s), spacing 8.098 Hz ~ 2nd shaft Shaft rotation (8.110 Hz)",Gear characteristic match (secondary attention for this spectrum type): 2nd shaft Wobbling H10. Sidebands present with 2nd shaft Shaft rotation spacing.
timesignal (29).uff,envelope,m/s²,0.0999756859,241.741209,1.05225919,0.924303215,Yes,bearing,Output shaft bearing 250/251,OR BPFO/Outer race,10,239.8,1.94120854,2.398,Output shaft bearing 250/251 OR BPFO/Outer race H10 239.800 Hz; Output shaft bearing 250 OR BPFO/Outer race H10 239.700 Hz,No clear sideband pattern,Bearing characteristic match (primary attention for this spectrum type): Output shaft bearing 250/251 OR BPFO/Outer race H10. No clear sideband family detected from significant peaks.
timesignal (29).uff,envelope,m/s²,0.0999756859,322.321611,1.83816775,1.70992915,No,,,,,,,,,No clear sideband pattern,Significant peak; no table match within tolerance. Trend and inspect if amplitude is high.
timesignal (29).uff,envelope,m/s²,0.0999756859,386.705953,0.996514599,0.855655137,Yes,bearing,Input shaft bearing 150,OR BPFO/Outer race,3,383.67,3.03595311,3.8367,Input shaft bearing 150 OR BPFO/Outer race H3 383.670 Hz,No clear sideband pattern,Bearing characteristic match (primary attention for this spectrum type): Input shaft bearing 150 OR BPFO/Outer race H3. No clear sideband family detected from significant peaks.
timesignal (30).uff,envelope,m/s²,0.0999756859,8.09803056,1.81256879,1.50123296,Yes,gear,2nd shaft,Shaft rotation,1,8.11,0.011969441,0.199951372,2nd shaft Shaft rotation H1 8.110 Hz; Output shaft Shaft rotation H4 8.200 Hz; Output shaft Wobbling H2 8.220 Hz; Output shaft bearing 250 Cage FTF/Cage H9 8.280 Hz; Output shaft bearing 250/251 Cage FTF/Cage H9 8.280 Hz,"3 sideband(s), spacing 8.098 Hz ~ 2nd shaft Shaft rotation (8.110 Hz)",Gear characteristic match (secondary attention for this spectrum type): 2nd shaft Shaft rotation H1. Sidebands present with 2nd shaft Shaft rotation spacing.
timesignal (30).uff,envelope,m/s²,0.0999756859,16.1960611,1.80779484,1.53580996,Yes,gear,2nd shaft,Wobbling,1,16.21,0.0139388821,0.199951372,2nd shaft Wobbling H1 16.210 Hz; 2nd shaft Shaft rotation H2 16.220 Hz,"3 sideband(s), spacing 4.049 Hz ~ Output shaft Wobbling (4.110 Hz)",Gear characteristic match (secondary attention for this spectrum type): 2nd shaft Wobbling H1. Sidebands present with Output shaft Wobbling spacing.
timesignal (30).uff,envelope,m/s²,0.0999756859,24.3940674,1.26892144,1.00370088,Yes,gear,2nd shaft,Shaft rotation,3,24.33,0.0640673628,0.2433,2nd shaft Shaft rotation H3 24.330 Hz,"3 sideband(s), spacing 4.099 Hz ~ Output shaft Wobbling (4.110 Hz)",Gear characteristic match (secondary attention for this spectrum type): 2nd shaft Shaft rotation H3. Sidebands present with Output shaft Wobbling spacing.
timesignal (30).uff,envelope,m/s²,0.0999756859,32.4920979,2.35366056,2.09736655,Yes,gear,2nd shaft,Shaft rotation,4,32.44,0.0520979218,0.3244,2nd shaft Shaft rotation H4 32.440 Hz; 2nd shaft Wobbling H2 32.420 Hz,"4 sideband(s), spacing 8.098 Hz ~ 2nd shaft Shaft rotation (8.110 Hz)",Gear characteristic match (secondary attention for this spectrum type): 2nd shaft Shaft rotation H4. Sidebands present with 2nd shaft Shaft rotation spacing.
timesignal (30).uff,envelope,m/s²,0.0999756859,48.0883049,2.04779085,1.81628026,Yes,bearing,Output shaft bearing 250/251,OR BPFO/Outer race,2,47.96,0.128304924,0.4796,Output shaft bearing 250/251 OR BPFO/Outer race H2 47.960 Hz; Output shaft bearing 250 OR BPFO/Outer race H2 47.940 Hz; Input shaft bearing 151 Cage FTF/Cage H7 48.510 Hz,"3 sideband(s), spacing 8.098 Hz ~ 2nd shaft Shaft rotation (8.110 Hz)",Bearing characteristic match (primary attention for this spectrum type): Output shaft bearing 250/251 OR BPFO/Outer race H2. Sidebands present with 2nd shaft Shaft rotation spacing.
timesignal (30).uff,envelope,m/s²,0.0999756859,56.1863355,1.01601288,0.814237036,Yes,bearing,Input shaft bearing 150,RE BSF/Rolling element,1,56.74,0.553664517,0.5674,Input shaft bearing 150 RE BSF/Rolling element H1 56.740 Hz,"4 sideband(s), spacing 8.098 Hz ~ 2nd shaft Shaft rotation (8.110 Hz)",Bearing characteristic match (primary attention for this spectrum type): Input shaft bearing 150 RE BSF/Rolling element H1. Sidebands present with 2nd shaft Shaft rotation spacing.
timesignal (30).uff,envelope,m/s²,0.0999756859,64.3843417,1.41899369,1.24782193,Yes,bearing,2nd shaft bearing 350/351,RE BSF/Rolling element,3,64.44,0.0556582719,0.6444,2nd shaft bearing 350/351 RE BSF/Rolling element H3 64.440 Hz; Input shaft bearing 150 Cage FTF/Cage H9 63.990 Hz; 2nd shaft Wobbling H4 64.840 Hz; 2nd shaft Shaft rotation H8 64.880 Hz,"5 sideband(s), spacing 8.198 Hz ~ 2nd shaft Shaft rotation (8.110 Hz)",Bearing characteristic match (primary attention for this spectrum type): 2nd shaft bearing 350/351 RE BSF/Rolling element H3. Sidebands present with 2nd shaft Shaft rotation spacing.
timesignal (30).uff,envelope,m/s²,0.0999756859,80.5804028,2.32716786,2.16410347,Yes,gear,2nd shaft,Wobbling,5,81.05,0.469597154,0.8105,2nd shaft Wobbling H5 81.050 Hz; 2nd shaft Shaft rotation H10 81.100 Hz,"6 sideband(s), spacing 8.198 Hz ~ 2nd shaft Shaft rotation (8.110 Hz)",Gear characteristic match (secondary attention for this spectrum type): 2nd shaft Wobbling H5. Sidebands present with 2nd shaft Shaft rotation spacing.
timesignal (30).uff,envelope,m/s²,0.0999756859,88.7784091,2.26818696,2.08105444,Yes,bearing,Output shaft bearing 250/251,RE BSF/Rolling element,9,88.56,0.218409091,0.8856,Output shaft bearing 250/251 RE BSF/Rolling element H9 88.560 Hz; Output shaft bearing 250 IR BPFI/Inner race H3 88.350 Hz; Output shaft bearing 250/251 IR BPFI/Inner race H3 88.350 Hz; 2nd shaft bearing 350 RE BSF/Rolling element H4 88.200 Hz; Output shaft bearing 250 RE BSF/Rolling element H9 88.200 Hz,"5 sideband(s), spacing 8.198 Hz ~ 2nd shaft Shaft rotation (8.110 Hz)",Bearing characteristic match (primary attention for this spectrum type): Output shaft bearing 250/251 RE BSF/Rolling element H9. Sidebands present with 2nd shaft Shaft rotation spacing.
timesignal (30).uff,envelope,m/s²,0.0999756859,96.8764396,0.957367521,0.761539037,Yes,gear,2nd shaft,Wobbling,6,97.26,0.38356035,0.9726,2nd shaft Wobbling H6 97.260 Hz; Output shaft bearing 250/251 OR BPFO/Outer race H4 95.920 Hz,"5 sideband(s), spacing 16.296 Hz ~ 2nd shaft Wobbling (16.210 Hz)",Gear characteristic match (secondary attention for this spectrum type): 2nd shaft Wobbling H6. Sidebands present with 2nd shaft Wobbling spacing.
timesignal (30).uff,envelope,m/s²,0.0999756859,104.97447,1.59778006,1.42633474,No,,,,,,,,,No clear sideband pattern,Significant peak; no table match within tolerance. Trend and inspect if amplitude is high.
timesignal (30).uff,envelope,m/s²,0.0999756859,136.866714,1.06977561,0.943059825,No,,,,,,,,,No clear sideband pattern,Significant peak; no table match within tolerance. Trend and inspect if amplitude is high.
timesignal (30).uff,envelope,m/s²,0.0999756859,144.964745,1.25662788,1.06511234,Yes,gear,Gear mesh,GMF Stage 2,1,145.89,0.925255426,1.4589,Gear mesh GMF Stage 2 H1 145.890 Hz; 2nd shaft Wobbling H9 145.890 Hz; Output shaft bearing 250/251 OR BPFO/Outer race H6 143.880 Hz; Output shaft bearing 250 OR BPFO/Outer race H6 143.820 Hz,"3 sideband(s), spacing 16.296 Hz ~ 2nd shaft Wobbling (16.210 Hz)",Gear characteristic match (secondary attention for this spectrum type): Gear mesh GMF Stage 2 H1. Sidebands present with 2nd shaft Wobbling spacing.
timesignal (30).uff,envelope,m/s²,0.0999756859,161.260781,1.067906,0.921663363,Yes,gear,2nd shaft,Wobbling,10,162.1,0.839218622,1.621,2nd shaft Wobbling H10 162.100 Hz,"3 sideband(s), spacing 56.286 Hz ~ Input shaft bearing 150 RE BSF/Rolling element (56.740 Hz)",Gear characteristic match (secondary attention for this spectrum type): 2nd shaft Wobbling H10. Sidebands present with Input shaft bearing 150 RE BSF/Rolling element spacing.
timesignal (30).uff,envelope,m/s²,0.0999756859,241.841184,1.05490726,0.860317372,Yes,bearing,Output shaft bearing 250/251,OR BPFO/Outer race,10,239.8,2.04118422,2.398,Output shaft bearing 250/251 OR BPFO/Outer race H10 239.800 Hz; Output shaft bearing 250 OR BPFO/Outer race H10 239.700 Hz,"2 sideband(s), spacing 24.161 Hz ~ Output shaft bearing 250/251 OR BPFO/Outer race (23.980 Hz)",Bearing characteristic match (primary attention for this spectrum type): Output shaft bearing 250/251 OR BPFO/Outer race H10. Sidebands present with Output shaft bearing 250/251 OR BPFO/Outer race spacing.
timesignal (30).uff,envelope,m/s²,0.0999756859,314.323557,1.02945044,0.912167722,No,,,,,,,,,No clear sideband pattern,Significant peak; no table match within tolerance. Trend and inspect if amplitude is high.
timesignal (30).uff,envelope,m/s²,0.0999756859,322.421587,1.41498244,1.26026094,No,,,,,,,,,No clear sideband pattern,Significant peak; no table match within tolerance. Trend and inspect if amplitude is high.
timesignal (30).uff,envelope,m/s²,0.0999756859,386.805929,0.954652891,0.82093578,Yes,bearing,Input shaft bearing 150,OR BPFO/Outer race,3,383.67,3.1359288,3.8367,Input shaft bearing 150 OR BPFO/Outer race H3 383.670 Hz,"2 sideband(s), spacing 24.394 Hz ~ Output shaft bearing 250/251 OR BPFO/Outer race (23.980 Hz)",Bearing characteristic match (primary attention for this spectrum type): Input shaft bearing 150 OR BPFO/Outer race H3. Sidebands present with Output shaft bearing 250/251 OR BPFO/Outer race spacing.
timesignal (30).uff,envelope,m/s²,0.0999756859,411.199996,0.937691089,0.810863943,Yes,bearing,Input shaft bearing 151,RE BSF/Rolling element,8,414.48,3.28000384,4.1448,Input shaft bearing 151 RE BSF/Rolling element H8 414.480 Hz,"2 sideband(s), spacing 24.394 Hz ~ Output shaft bearing 250/251 OR BPFO/Outer race (23.980 Hz)",Bearing characteristic match (primary attention for this spectrum type): Input shaft bearing 151 RE BSF/Rolling element H8. Sidebands present with Output shaft bearing 250/251 OR BPFO/Outer race spacing.
timesignal (31).uff,velocity_from_acceleration,mm/s,0.062500032,0.62500032,103.457099,86.3595602,No,,,,,,,,,No clear sideband pattern,Significant peak; no table match within tolerance. Trend and inspect if amplitude is high.
timesignal (31).uff,velocity_from_acceleration,mm/s,0.062500032,4.75000243,18.4511591,14.1832709,No,,,,,,,,,No clear sideband pattern,Significant peak; no table match within tolerance. Trend and inspect if amplitude is high.
timesignal (31).uff,velocity_from_acceleration,mm/s,0.062500032,8.12500416,15.5910903,12.6922769,Yes,gear,2nd shaft,Shaft rotation,1,8.11,0.01500416,0.125000064,2nd shaft Shaft rotation H1 8.110 Hz; Output shaft Shaft rotation H4 8.200 Hz; Output shaft Wobbling H2 8.220 Hz,"2 sideband(s), spacing 8.125 Hz ~ 2nd shaft Shaft rotation (8.110 Hz)",Gear characteristic match (primary attention for this spectrum type): 2nd shaft Shaft rotation H1. Sidebands present with 2nd shaft Shaft rotation spacing.
timesignal (31).uff,velocity_from_acceleration,mm/s,0.062500032,16.2500083,11.451938,10.1729653,Yes,gear,2nd shaft,Shaft rotation,2,16.22,0.03000832,0.1622,2nd shaft Shaft rotation H2 16.220 Hz; 2nd shaft Wobbling H1 16.210 Hz; Output shaft Shaft rotation H8 16.400 Hz,"2 sideband(s), spacing 8.125 Hz ~ 2nd shaft Shaft rotation (8.110 Hz)",Gear characteristic match (primary attention for this spectrum type): 2nd shaft Shaft rotation H2. Sidebands present with 2nd shaft Shaft rotation spacing.
timesignal (31).uff,velocity_from_acceleration,mm/s,0.062500032,32.5000166,10.0217858,9.4570015,Yes,gear,2nd shaft,Shaft rotation,4,32.44,0.06001664,0.3244,2nd shaft Shaft rotation H4 32.440 Hz; 2nd shaft Wobbling H2 32.420 Hz,"2 sideband(s), spacing 8.125 Hz ~ 2nd shaft Shaft rotation (8.110 Hz)",Gear characteristic match (primary attention for this spectrum type): 2nd shaft Shaft rotation H4. Sidebands present with 2nd shaft Shaft rotation spacing.
timesignal (32).uff,velocity_from_acceleration,mm/s,0.062500032,0.93750048,4.87410509,3.22835625,Yes,bearing,Output shaft bearing 250,Cage FTF/Cage,1,0.92,0.01750048,0.125000064,Output shaft bearing 250 Cage FTF/Cage H1 0.920 Hz; Output shaft bearing 250/251 Cage FTF/Cage H1 0.920 Hz,No clear sideband pattern,Bearing characteristic match (secondary attention for this spectrum type): Output shaft bearing 250 Cage FTF/Cage H1. No clear sideband family detected from significant peaks.
timesignal (32).uff,velocity_from_acceleration,mm/s,0.062500032,55.6250285,1.39172142,1.38280371,Yes,bearing,Input shaft bearing 151,Cage FTF/Cage,8,55.44,0.18502848,0.5544,Input shaft bearing 151 Cage FTF/Cage H8 55.440 Hz,No clear sideband pattern,Bearing characteristic match (secondary attention for this spectrum type): Input shaft bearing 151 Cage FTF/Cage H8. No clear sideband family detected from significant peaks.
timesignal (32).uff,velocity_from_acceleration,mm/s,0.062500032,111.250057,1.71044533,1.6960047,Yes,bearing,2nd shaft bearing 350,RE BSF/Rolling element,5,110.25,1.00005696,1.1025,2nd shaft bearing 350 RE BSF/Rolling element H5 110.250 Hz,No clear sideband pattern,Bearing characteristic match (secondary attention for this spectrum type): 2nd shaft bearing 350 RE BSF/Rolling element H5. No clear sideband family detected from significant peaks.
timesignal (32).uff,velocity_from_acceleration,mm/s,0.062500032,153.187578,1.51372459,1.49686478,Yes,bearing,2nd shaft bearing 350,RE BSF/Rolling element,7,154.35,1.16242157,1.5435,2nd shaft bearing 350 RE BSF/Rolling element H7 154.350 Hz,No clear sideband pattern,Bearing characteristic match (secondary attention for this spectrum type): 2nd shaft bearing 350 RE BSF/Rolling element H7. No clear sideband family detected from significant peaks.
timesignal (32).uff,velocity_from_acceleration,mm/s,0.062500032,233.81262,1.01471702,0.988103257,Yes,bearing,Output shaft bearing 250,IR BPFI/Inner race,8,235.6,1.78738029,2.356,Output shaft bearing 250 IR BPFI/Inner race H8 235.600 Hz; Output shaft bearing 250/251 IR BPFI/Inner race H8 235.600 Hz,No clear sideband pattern,Bearing characteristic match (secondary attention for this spectrum type): Output shaft bearing 250 IR BPFI/Inner race H8. No clear sideband family detected from significant peaks.
timesignal (33).uff,velocity_from_acceleration,mm/s,0.062499968,0.62499968,16.5591211,14.4680236,No,,,,,,,,,No clear sideband pattern,Significant peak; no table match within tolerance. Trend and inspect if amplitude is high.
timesignal (33).uff,velocity_from_acceleration,mm/s,0.062499968,55.6874715,1.32083097,1.31343148,Yes,bearing,Input shaft bearing 151,Cage FTF/Cage,8,55.44,0.247471488,0.5544,Input shaft bearing 151 Cage FTF/Cage H8 55.440 Hz,No clear sideband pattern,Bearing characteristic match (secondary attention for this spectrum type): Input shaft bearing 151 Cage FTF/Cage H8. No clear sideband family detected from significant peaks.
timesignal (33).uff,velocity_from_acceleration,mm/s,0.062499968,111.312443,1.93007264,1.91639696,Yes,bearing,2nd shaft bearing 350,RE BSF/Rolling element,5,110.25,1.06244301,1.1025,2nd shaft bearing 350 RE BSF/Rolling element H5 110.250 Hz,No clear sideband pattern,Bearing characteristic match (secondary attention for this spectrum type): 2nd shaft bearing 350 RE BSF/Rolling element H5. No clear sideband family detected from significant peaks.
timesignal (33).uff,velocity_from_acceleration,mm/s,0.062499968,153.249922,1.56232567,1.54800095,Yes,bearing,2nd shaft bearing 350,RE BSF/Rolling element,7,154.35,1.10007846,1.5435,2nd shaft bearing 350 RE BSF/Rolling element H7 154.350 Hz,No clear sideband pattern,Bearing characteristic match (secondary attention for this spectrum type): 2nd shaft bearing 350 RE BSF/Rolling element H7. No clear sideband family detected from significant peaks.
timesignal (33).uff,velocity_from_acceleration,mm/s,0.062499968,233.93738,1.21596312,1.19050534,Yes,bearing,Output shaft bearing 250,IR BPFI/Inner race,8,235.6,1.66261978,2.356,Output shaft bearing 250 IR BPFI/Inner race H8 235.600 Hz; Output shaft bearing 250/251 IR BPFI/Inner race H8 235.600 Hz,No clear sideband pattern,Bearing characteristic match (secondary attention for this spectrum type): Output shaft bearing 250 IR BPFI/Inner race H8. No clear sideband family detected from significant peaks.
timesignal (34).uff,acceleration,m/s²,0.999999283,110.99992,1.29523659,1.19598692,Yes,bearing,2nd shaft bearing 350,RE BSF/Rolling element,5,110.25,0.749920435,1.99999857,2nd shaft bearing 350 RE BSF/Rolling element H5 110.250 Hz,No clear sideband pattern,Bearing characteristic match (primary attention for this spectrum type): 2nd shaft bearing 350 RE BSF/Rolling element H5. No clear sideband family detected from significant peaks.
timesignal (34).uff,acceleration,m/s²,0.999999283,152.99989,1.39053493,1.17636445,Yes,bearing,2nd shaft bearing 350,RE BSF/Rolling element,7,154.35,1.35010967,1.99999857,2nd shaft bearing 350 RE BSF/Rolling element H7 154.350 Hz,No clear sideband pattern,Bearing characteristic match (primary attention for this spectrum type): 2nd shaft bearing 350 RE BSF/Rolling element H7. No clear sideband family detected from significant peaks.
timesignal (34).uff,acceleration,m/s²,0.999999283,233.999832,1.76045956,1.59510461,Yes,bearing,Output shaft bearing 250,IR BPFI/Inner race,8,235.6,1.60016773,2.356,Output shaft bearing 250 IR BPFI/Inner race H8 235.600 Hz; Output shaft bearing 250/251 IR BPFI/Inner race H8 235.600 Hz,No clear sideband pattern,Bearing characteristic match (primary attention for this spectrum type): Output shaft bearing 250 IR BPFI/Inner race H8. No clear sideband family detected from significant peaks.
timesignal (34).uff,acceleration,m/s²,0.999999283,556.999601,2.0942069,1.8555776,No,,,,,,,,,No clear sideband pattern,Significant peak; no table match within tolerance. Trend and inspect if amplitude is high.
timesignal (34).uff,acceleration,m/s²,0.999999283,627.99955,1.56971422,1.18942312,Yes,bearing,Input shaft bearing 151,OR BPFO/Outer race,5,629.5,1.50045015,6.295,Input shaft bearing 151 OR BPFO/Outer race H5 629.500 Hz,No clear sideband pattern,Bearing characteristic match (primary attention for this spectrum type): Input shaft bearing 151 OR BPFO/Outer race H5. No clear sideband family detected from significant peaks.
timesignal (35).uff,envelope,m/s²,0.0999756859,8.09803056,1.46184321,1.3566375,Yes,gear,2nd shaft,Shaft rotation,1,8.11,0.011969441,0.199951372,2nd shaft Shaft rotation H1 8.110 Hz; Output shaft Shaft rotation H4 8.200 Hz; Output shaft Wobbling H2 8.220 Hz; Output shaft bearing 250 Cage FTF/Cage H9 8.280 Hz; Output shaft bearing 250/251 Cage FTF/Cage H9 8.280 Hz,No clear sideband pattern,Gear characteristic match (secondary attention for this spectrum type): 2nd shaft Shaft rotation H1. No clear sideband family detected from significant peaks.
timesignal (35).uff,envelope,m/s²,0.0999756859,16.2960368,0.488571572,0.396736027,Yes,gear,2nd shaft,Shaft rotation,2,16.22,0.0760368038,0.199951372,2nd shaft Shaft rotation H2 16.220 Hz; 2nd shaft Wobbling H1 16.210 Hz; Output shaft Shaft rotation H8 16.400 Hz; Output shaft Wobbling H4 16.440 Hz,"3 sideband(s), spacing 23.794 Hz ~ Output shaft bearing 250/251 OR BPFO/Outer race (23.980 Hz)",Gear characteristic match (secondary attention for this spectrum type): 2nd shaft Shaft rotation H2. Sidebands present with Output shaft bearing 250/251 OR BPFO/Outer race spacing.
timesignal (35).uff,envelope,m/s²,0.0999756859,32.4920979,0.939858658,0.821654467,Yes,gear,2nd shaft,Shaft rotation,4,32.44,0.0520979218,0.3244,2nd shaft Shaft rotation H4 32.440 Hz; 2nd shaft Wobbling H2 32.420 Hz,"3 sideband(s), spacing 8.098 Hz ~ 2nd shaft Shaft rotation (8.110 Hz)",Gear characteristic match (secondary attention for this spectrum type): 2nd shaft Shaft rotation H4. Sidebands present with 2nd shaft Shaft rotation spacing.
timesignal (35).uff,envelope,m/s²,0.0999756859,40.0902501,0.324403388,0.236659962,No,,,,,,,,,No clear sideband pattern,Significant peak; no table match within tolerance. Trend and inspect if amplitude is high.
timesignal (35).uff,envelope,m/s²,0.0999756859,48.1882806,0.91777256,0.823405344,Yes,bearing,Output shaft bearing 250/251,OR BPFO/Outer race,2,47.96,0.22828061,0.4796,Output shaft bearing 250/251 OR BPFO/Outer race H2 47.960 Hz; Output shaft bearing 250 OR BPFO/Outer race H2 47.940 Hz; Input shaft bearing 151 Cage FTF/Cage H7 48.510 Hz; 2nd shaft Wobbling H3 48.630 Hz; 2nd shaft Shaft rotation H6 48.660 Hz,"4 sideband(s), spacing 8.098 Hz ~ 2nd shaft Shaft rotation (8.110 Hz)",Bearing characteristic match (primary attention for this spectrum type): Output shaft bearing 250/251 OR BPFO/Outer race H2. Sidebands present with 2nd shaft Shaft rotation spacing.
timesignal (35).uff,envelope,m/s²,0.0999756859,56.2863112,0.483924087,0.398577889,Yes,bearing,Input shaft bearing 150,RE BSF/Rolling element,1,56.74,0.453688831,0.5674,Input shaft bearing 150 RE BSF/Rolling element H1 56.740 Hz; 2nd shaft Shaft rotation H7 56.770 Hz,"5 sideband(s), spacing 8.098 Hz ~ 2nd shaft Shaft rotation (8.110 Hz)",Bearing characteristic match (primary attention for this spectrum type): Input shaft bearing 150 RE BSF/Rolling element H1. Sidebands present with 2nd shaft Shaft rotation spacing.
timesignal (35).uff,envelope,m/s²,0.0999756859,72.582348,0.358415804,0.283074901,Yes,gear,2nd shaft,Shaft rotation,9,72.99,0.407652027,0.7299,2nd shaft Shaft rotation H9 72.990 Hz; Output shaft bearing 250/251 OR BPFO/Outer race H3 71.940 Hz; Output shaft bearing 250 OR BPFO/Outer race H3 71.910 Hz,"6 sideband(s), spacing 8.098 Hz ~ 2nd shaft Shaft rotation (8.110 Hz)",Gear characteristic match (secondary attention for this spectrum type): 2nd shaft Shaft rotation H9. Sidebands present with 2nd shaft Shaft rotation spacing.
timesignal (35).uff,envelope,m/s²,0.0999756859,80.6803785,1.0226143,0.938986515,Yes,gear,2nd shaft,Wobbling,5,81.05,0.369621468,0.8105,2nd shaft Wobbling H5 81.050 Hz; 2nd shaft Shaft rotation H10 81.100 Hz,"6 sideband(s), spacing 8.098 Hz ~ 2nd shaft Shaft rotation (8.110 Hz)",Gear characteristic match (secondary attention for this spectrum type): 2nd shaft Wobbling H5. Sidebands present with 2nd shaft Shaft rotation spacing.
timesignal (35).uff,envelope,m/s²,0.0999756859,88.8783848,1.05463442,0.977774721,Yes,bearing,Output shaft bearing 250/251,RE BSF/Rolling element,9,88.56,0.318384777,0.8856,Output shaft bearing 250/251 RE BSF/Rolling element H9 88.560 Hz; Output shaft bearing 250 IR BPFI/Inner race H3 88.350 Hz; Output shaft bearing 250/251 IR BPFI/Inner race H3 88.350 Hz; 2nd shaft bearing 350 RE BSF/Rolling element H4 88.200 Hz; Output shaft bearing 250 RE BSF/Rolling element H9 88.200 Hz,"3 sideband(s), spacing 8.198 Hz ~ 2nd shaft Shaft rotation (8.110 Hz)",Bearing characteristic match (primary attention for this spectrum type): Output shaft bearing 250/251 RE BSF/Rolling element H9. Sidebands present with 2nd shaft Shaft rotation spacing.
timesignal (35).uff,envelope,m/s²,0.0999756859,96.9764153,0.471737177,0.391122359,Yes,gear,2nd shaft,Wobbling,6,97.26,0.283584664,0.9726,2nd shaft Wobbling H6 97.260 Hz,"5 sideband(s), spacing 16.296 Hz ~ 2nd shaft Wobbling (16.210 Hz)",Gear characteristic match (secondary attention for this spectrum type): 2nd shaft Wobbling H6. Sidebands present with 2nd shaft Wobbling spacing.
timesignal (35).uff,envelope,m/s²,0.0999756859,113.272452,0.363631884,0.287906919,Yes,gear,2nd shaft,Wobbling,7,113.47,0.19754786,1.1347,2nd shaft Wobbling H7 113.470 Hz; Input shaft bearing 150 RE BSF/Rolling element H2 113.480 Hz,"6 sideband(s), spacing 16.296 Hz ~ 2nd shaft Wobbling (16.210 Hz)",Gear characteristic match (secondary attention for this spectrum type): 2nd shaft Wobbling H7. Sidebands present with 2nd shaft Wobbling spacing.
timesignal (35).uff,envelope,m/s²,0.0999756859,125.569462,0.351045348,0.27953402,Yes,bearing,Input shaft bearing 151,OR BPFO/Outer race,1,125.9,0.330538493,1.259,Input shaft bearing 151 OR BPFO/Outer race H1 125.900 Hz,"3 sideband(s), spacing 6.532 Hz ~ Input shaft bearing 151 Cage FTF/Cage (6.930 Hz)",Bearing characteristic match (primary attention for this spectrum type): Input shaft bearing 151 OR BPFO/Outer race H1. Sidebands present with Input shaft bearing 151 Cage FTF/Cage spacing.
timesignal (35).uff,envelope,m/s²,0.0999756859,145.164696,0.377673335,0.313897887,Yes,gear,Gear mesh,GMF Stage 2,1,145.89,0.725304054,1.4589,Gear mesh GMF Stage 2 H1 145.890 Hz; 2nd shaft Wobbling H9 145.890 Hz; Output shaft bearing 250/251 OR BPFO/Outer race H6 143.880 Hz; Output shaft bearing 250 OR BPFO/Outer race H6 143.820 Hz,"5 sideband(s), spacing 16.196 Hz ~ 2nd shaft Wobbling (16.210 Hz)",Gear characteristic match (secondary attention for this spectrum type): Gear mesh GMF Stage 2 H1. Sidebands present with 2nd shaft Wobbling spacing.
timesignal (35).uff,envelope,m/s²,0.0999756859,153.262727,0.405798236,0.352136479,Yes,bearing,2nd shaft bearing 350,RE BSF/Rolling element,7,154.35,1.0872735,1.5435,2nd shaft bearing 350 RE BSF/Rolling element H7 154.350 Hz,"3 sideband(s), spacing 8.098 Hz ~ 2nd shaft Shaft rotation (8.110 Hz)",Bearing characteristic match (primary attention for this spectrum type): 2nd shaft bearing 350 RE BSF/Rolling element H7. Sidebands present with 2nd shaft Shaft rotation spacing.
timesignal (35).uff,envelope,m/s²,0.0999756859,161.360757,0.50407994,0.433302481,Yes,gear,2nd shaft,Wobbling,10,162.1,0.739242936,1.621,2nd shaft Wobbling H10 162.100 Hz,"4 sideband(s), spacing 16.196 Hz ~ 2nd shaft Wobbling (16.210 Hz)",Gear characteristic match (secondary attention for this spectrum type): 2nd shaft Wobbling H10. Sidebands present with 2nd shaft Wobbling spacing.
timesignal (35).uff,envelope,m/s²,0.0999756859,177.05694,0.339291544,0.272657463,Yes,bearing,Output shaft bearing 250,IR BPFI/Inner race,6,176.7,0.356939752,1.767,Output shaft bearing 250 IR BPFI/Inner race H6 176.700 Hz; Output shaft bearing 250/251 IR BPFI/Inner race H6 176.700 Hz; 2nd shaft bearing 350 RE BSF/Rolling element H8 176.400 Hz,"4 sideband(s), spacing 15.696 Hz ~ 2nd shaft Wobbling (16.210 Hz)",Bearing characteristic match (primary attention for this spectrum type): Output shaft bearing 250 IR BPFI/Inner race H6. Sidebands present with 2nd shaft Wobbling spacing.
timesignal (35).uff,envelope,m/s²,0.0999756859,242.141111,0.525245438,0.463438153,Yes,bearing,Output shaft bearing 250/251,OR BPFO/Outer race,10,239.8,2.34111128,2.398,Output shaft bearing 250/251 OR BPFO/Outer race H10 239.800 Hz,"3 sideband(s), spacing 28.143 Hz ~ Output shaft bearing 250 IR BPFI/Inner race (29.450 Hz)",Bearing characteristic match (primary attention for this spectrum type): Output shaft bearing 250/251 OR BPFO/Outer race H10. Sidebands present with Output shaft bearing 250 IR BPFI/Inner race spacing.
timesignal (35).uff,envelope,m/s²,0.0999756859,250.239142,0.374176436,0.315374777,Yes,bearing,2nd shaft bearing 350/351,OR BPFO/Outer race,5,249.65,0.589141841,2.4965,2nd shaft bearing 350/351 OR BPFO/Outer race H5 249.650 Hz; 2nd shaft bearing 350 OR BPFO/Outer race H5 251.150 Hz; Input shaft bearing 151 OR BPFO/Outer race H2 251.800 Hz,"3 sideband(s), spacing 24.094 Hz ~ Output shaft bearing 250/251 OR BPFO/Outer race (23.980 Hz)",Bearing characteristic match (primary attention for this spectrum type): 2nd shaft bearing 350/351 OR BPFO/Outer race H5. Sidebands present with Output shaft bearing 250/251 OR BPFO/Outer race spacing.
timesignal (35).uff,envelope,m/s²,0.0999756859,298.427422,0.317414304,0.264072167,Yes,bearing,2nd shaft bearing 350/351,OR BPFO/Outer race,6,299.58,1.15257755,2.9958,2nd shaft bearing 350/351 OR BPFO/Outer race H6 299.580 Hz; Input/Motor shaft Wobbling H9 297.000 Hz; 2nd shaft bearing 350 OR BPFO/Outer race H6 301.380 Hz,"2 sideband(s), spacing 48.188 Hz ~ 2nd shaft bearing 350 OR BPFO/Outer race (50.230 Hz)",Bearing characteristic match (primary attention for this spectrum type): 2nd shaft bearing 350/351 OR BPFO/Outer race H6. Sidebands present with 2nd shaft bearing 350 OR BPFO/Outer race spacing.
timesignal (36).uff,envelope,m/s²,0.062500032,8.12500416,0.842820218,0.782190178,Yes,gear,2nd shaft,Shaft rotation,1,8.11,0.01500416,0.125000064,2nd shaft Shaft rotation H1 8.110 Hz; Output shaft Shaft rotation H4 8.200 Hz; Output shaft Wobbling H2 8.220 Hz,"2 sideband(s), spacing 8.125 Hz ~ 2nd shaft Shaft rotation (8.110 Hz)",Gear characteristic match (secondary attention for this spectrum type): 2nd shaft Shaft rotation H1. Sidebands present with 2nd shaft Shaft rotation spacing.
timesignal (36).uff,envelope,m/s²,0.062500032,16.2500083,0.363185478,0.291807015,Yes,gear,2nd shaft,Shaft rotation,2,16.22,0.03000832,0.1622,2nd shaft Shaft rotation H2 16.220 Hz; 2nd shaft Wobbling H1 16.210 Hz; Output shaft Shaft rotation H8 16.400 Hz,"3 sideband(s), spacing 16.250 Hz ~ 2nd shaft Wobbling (16.210 Hz)",Gear characteristic match (secondary attention for this spectrum type): 2nd shaft Shaft rotation H2. Sidebands present with 2nd shaft Wobbling spacing.
timesignal (36).uff,envelope,m/s²,0.062500032,32.5000166,0.592915307,0.527822055,Yes,gear,2nd shaft,Shaft rotation,4,32.44,0.06001664,0.3244,2nd shaft Shaft rotation H4 32.440 Hz; 2nd shaft Wobbling H2 32.420 Hz,"3 sideband(s), spacing 8.125 Hz ~ 2nd shaft Shaft rotation (8.110 Hz)",Gear characteristic match (secondary attention for this spectrum type): 2nd shaft Shaft rotation H4. Sidebands present with 2nd shaft Shaft rotation spacing.
timesignal (36).uff,envelope,m/s²,0.062500032,48.1875247,0.504420208,0.442706859,Yes,bearing,Output shaft bearing 250/251,OR BPFO/Outer race,2,47.96,0.227524672,0.4796,Output shaft bearing 250/251 OR BPFO/Outer race H2 47.960 Hz; Output shaft bearing 250 OR BPFO/Outer race H2 47.940 Hz; Input shaft bearing 151 Cage FTF/Cage H7 48.510 Hz; 2nd shaft Wobbling H3 48.630 Hz; 2nd shaft Shaft rotation H6 48.660 Hz,"2 sideband(s), spacing 8.125 Hz ~ 2nd shaft Shaft rotation (8.110 Hz)",Bearing characteristic match (primary attention for this spectrum type): Output shaft bearing 250/251 OR BPFO/Outer race H2. Sidebands present with 2nd shaft Shaft rotation spacing.
timesignal (36).uff,envelope,m/s²,0.062500032,56.3125288,0.389062209,0.332311139,Yes,bearing,Input shaft bearing 150,RE BSF/Rolling element,1,56.74,0.427471168,0.5674,Input shaft bearing 150 RE BSF/Rolling element H1 56.740 Hz; 2nd shaft Shaft rotation H7 56.770 Hz; Input shaft bearing 150 Cage FTF/Cage H8 56.880 Hz,"3 sideband(s), spacing 8.125 Hz ~ 2nd shaft Shaft rotation (8.110 Hz)",Bearing characteristic match (primary attention for this spectrum type): Input shaft bearing 150 RE BSF/Rolling element H1. Sidebands present with 2nd shaft Shaft rotation spacing.
timesignal (36).uff,envelope,m/s²,0.062500032,80.6875413,0.704341424,0.645168318,Yes,gear,2nd shaft,Wobbling,5,81.05,0.362458688,0.8105,2nd shaft Wobbling H5 81.050 Hz; 2nd shaft Shaft rotation H10 81.100 Hz,"3 sideband(s), spacing 8.125 Hz ~ 2nd shaft Shaft rotation (8.110 Hz)",Gear characteristic match (secondary attention for this spectrum type): 2nd shaft Wobbling H5. Sidebands present with 2nd shaft Shaft rotation spacing.
timesignal (36).uff,envelope,m/s²,0.062500032,88.8125455,0.668437246,0.622100364,Yes,bearing,Output shaft bearing 250/251,RE BSF/Rolling element,9,88.56,0.252545472,0.8856,Output shaft bearing 250/251 RE BSF/Rolling element H9 88.560 Hz; Output shaft bearing 250 IR BPFI/Inner race H3 88.350 Hz; Output shaft bearing 250/251 IR BPFI/Inner race H3 88.350 Hz; 2nd shaft bearing 350 RE BSF/Rolling element H4 88.200 Hz; Output shaft bearing 250 RE BSF/Rolling element H9 88.200 Hz,"2 sideband(s), spacing 8.125 Hz ~ 2nd shaft Shaft rotation (8.110 Hz)",Bearing characteristic match (primary attention for this spectrum type): Output shaft bearing 250/251 RE BSF/Rolling element H9. Sidebands present with 2nd shaft Shaft rotation spacing.
timesignal (36).uff,envelope,m/s²,0.062500032,161.375083,0.340960188,0.303254528,Yes,gear,2nd shaft,Wobbling,10,162.1,0.724917376,1.621,2nd shaft Wobbling H10 162.100 Hz,No clear sideband pattern,Gear characteristic match (secondary attention for this spectrum type): 2nd shaft Wobbling H10. No clear sideband family detected from significant peaks.
timesignal (37).uff,velocity_from_acceleration,mm/s,0.062500032,0.562500288,5.01016836,4.41929365,No,,,,,,,,,No clear sideband pattern,Significant peak; no table match within tolerance. Trend and inspect if amplitude is high.
timesignal (37).uff,velocity_from_acceleration,mm/s,0.062500032,72.5625372,0.376665786,0.368557385,Yes,gear,2nd shaft,Shaft rotation,9,72.99,0.427462848,0.7299,2nd shaft Shaft rotation H9 72.990 Hz; Output shaft bearing 250/251 OR BPFO/Outer race H3 71.940 Hz; Output shaft bearing 250 OR BPFO/Outer race H3 71.910 Hz,"2 sideband(s), spacing 8.125 Hz ~ 2nd shaft Shaft rotation (8.110 Hz)",Gear characteristic match (primary attention for this spectrum type): 2nd shaft Shaft rotation H9. Sidebands present with 2nd shaft Shaft rotation spacing.
timesignal (37).uff,velocity_from_acceleration,mm/s,0.062500032,80.6875413,0.703912916,0.6916856,Yes,gear,2nd shaft,Wobbling,5,81.05,0.362458688,0.8105,2nd shaft Wobbling H5 81.050 Hz; 2nd shaft Shaft rotation H10 81.100 Hz,"2 sideband(s), spacing 8.125 Hz ~ 2nd shaft Shaft rotation (8.110 Hz)",Gear characteristic match (primary attention for this spectrum type): 2nd shaft Wobbling H5. Sidebands present with 2nd shaft Shaft rotation spacing.
timesignal (37).uff,velocity_from_acceleration,mm/s,0.062500032,88.8125455,0.428708675,0.418662918,Yes,bearing,Output shaft bearing 250/251,RE BSF/Rolling element,9,88.56,0.252545472,0.8856,Output shaft bearing 250/251 RE BSF/Rolling element H9 88.560 Hz; Output shaft bearing 250 IR BPFI/Inner race H3 88.350 Hz; Output shaft bearing 250/251 IR BPFI/Inner race H3 88.350 Hz; 2nd shaft bearing 350 RE BSF/Rolling element H4 88.200 Hz; Output shaft bearing 250 RE BSF/Rolling element H9 88.200 Hz,"3 sideband(s), spacing 57.563 Hz ~ Input shaft bearing 150 RE BSF/Rolling element (56.740 Hz)",Bearing characteristic match (secondary attention for this spectrum type): Output shaft bearing 250/251 RE BSF/Rolling element H9. Sidebands present with Input shaft bearing 150 RE BSF/Rolling element spacing.
timesignal (37).uff,velocity_from_acceleration,mm/s,0.062500032,111.312557,1.71580275,1.70396957,Yes,bearing,2nd shaft bearing 350,RE BSF/Rolling element,5,110.25,1.06255699,1.1025,2nd shaft bearing 350 RE BSF/Rolling element H5 110.250 Hz,"3 sideband(s), spacing 55.688 Hz ~ Input shaft bearing 150 RE BSF/Rolling element (56.740 Hz)",Bearing characteristic match (secondary attention for this spectrum type): 2nd shaft bearing 350 RE BSF/Rolling element H5. Sidebands present with Input shaft bearing 150 RE BSF/Rolling element spacing.
timesignal (37).uff,velocity_from_acceleration,mm/s,0.062500032,146.375075,0.372857613,0.363605248,Yes,gear,2nd shaft,Wobbling,9,145.89,0.485074944,1.4589,2nd shaft Wobbling H9 145.890 Hz; Gear mesh GMF Stage 2 H1 145.890 Hz; Output shaft bearing 250 IR BPFI/Inner race H5 147.250 Hz; Output shaft bearing 250/251 IR BPFI/Inner race H5 147.250 Hz,"3 sideband(s), spacing 51.906 Hz ~ Input shaft bearing 151 RE BSF/Rolling element (51.810 Hz)",Gear characteristic match (primary attention for this spectrum type): 2nd shaft Wobbling H9. Sidebands present with Input shaft bearing 151 RE BSF/Rolling element spacing.
timesignal (37).uff,velocity_from_acceleration,mm/s,0.062500032,153.250078,0.973730276,0.962140637,Yes,bearing,2nd shaft bearing 350,RE BSF/Rolling element,7,154.35,1.09992154,1.5435,2nd shaft bearing 350 RE BSF/Rolling element H7 154.350 Hz,"3 sideband(s), spacing 56.625 Hz ~ Input shaft bearing 150 RE BSF/Rolling element (56.740 Hz)",Bearing characteristic match (secondary attention for this spectrum type): 2nd shaft bearing 350 RE BSF/Rolling element H7. Sidebands present with Input shaft bearing 150 RE BSF/Rolling element spacing.
timesignal (37).uff,velocity_from_acceleration,mm/s,0.062500032,167.000086,0.881319891,0.872339426,Yes,bearing,Output shaft bearing 250,OR BPFO/Outer race,7,167.79,0.789914496,1.6779,Output shaft bearing 250 OR BPFO/Outer race H7 167.790 Hz; Output shaft bearing 250/251 OR BPFO/Outer race H7 167.860 Hz,"4 sideband(s), spacing 55.688 Hz ~ Input shaft bearing 150 RE BSF/Rolling element (56.740 Hz)",Bearing characteristic match (secondary attention for this spectrum type): Output shaft bearing 250 OR BPFO/Outer race H7. Sidebands present with Input shaft bearing 150 RE BSF/Rolling element spacing.
timesignal (37).uff,velocity_from_acceleration,mm/s,0.062500032,169.500087,0.435293473,0.424980159,Yes,bearing,Input shaft bearing 150,IR BPFI/Inner race,1,169.11,0.390086784,1.6911,Input shaft bearing 150 IR BPFI/Inner race H1 169.110 Hz; Input shaft bearing 150 RE BSF/Rolling element H3 170.220 Hz; Input shaft bearing 151 IR BPFI/Inner race H1 171.110 Hz; Output shaft bearing 250/251 OR BPFO/Outer race H7 167.860 Hz,"4 sideband(s), spacing 23.125 Hz ~ 2nd shaft bearing 350 RE BSF/Rolling element (22.050 Hz)",Bearing characteristic match (secondary attention for this spectrum type): Input shaft bearing 150 IR BPFI/Inner race H1. Sidebands present with 2nd shaft bearing 350 RE BSF/Rolling element spacing.
timesignal (37).uff,velocity_from_acceleration,mm/s,0.062500032,225.812616,0.903436874,0.881217874,Yes,bearing,Input shaft bearing 150,RE BSF/Rolling element,4,226.96,1.14738438,2.2696,Input shaft bearing 150 RE BSF/Rolling element H4 226.960 Hz,"3 sideband(s), spacing 8.125 Hz ~ 2nd shaft Shaft rotation (8.110 Hz)",Bearing characteristic match (secondary attention for this spectrum type): Input shaft bearing 150 RE BSF/Rolling element H4. Sidebands present with 2nd shaft Shaft rotation spacing.
timesignal (37).uff,velocity_from_acceleration,mm/s,0.062500032,233.93762,1.02124768,0.993009985,Yes,bearing,Output shaft bearing 250,IR BPFI/Inner race,8,235.6,1.66238022,2.356,Output shaft bearing 250 IR BPFI/Inner race H8 235.600 Hz; Output shaft bearing 250/251 IR BPFI/Inner race H8 235.600 Hz,"6 sideband(s), spacing 24.438 Hz ~ 2nd shaft bearing 350 RE BSF/Rolling element (22.050 Hz)",Bearing characteristic match (secondary attention for this spectrum type): Output shaft bearing 250 IR BPFI/Inner race H8. Sidebands present with 2nd shaft bearing 350 RE BSF/Rolling element spacing.
timesignal (37).uff,velocity_from_acceleration,mm/s,0.062500032,250.187628,1.05680885,1.03145946,Yes,bearing,2nd shaft bearing 350/351,OR BPFO/Outer race,5,249.65,0.537628096,2.4965,2nd shaft bearing 350/351 OR BPFO/Outer race H5 249.650 Hz; 2nd shaft bearing 350 OR BPFO/Outer race H5 251.150 Hz; Input shaft bearing 151 OR BPFO/Outer race H2 251.800 Hz,"4 sideband(s), spacing 8.188 Hz ~ 2nd shaft Shaft rotation (8.110 Hz)",Bearing characteristic match (secondary attention for this spectrum type): 2nd shaft bearing 350/351 OR BPFO/Outer race H5. Sidebands present with 2nd shaft Shaft rotation spacing.
timesignal (37).uff,velocity_from_acceleration,mm/s,0.062500032,258.375132,0.379282015,0.356746358,Yes,bearing,Input shaft bearing 151,RE BSF/Rolling element,5,259.05,0.674867712,2.5905,Input shaft bearing 151 RE BSF/Rolling element H5 259.050 Hz,"4 sideband(s), spacing 8.188 Hz ~ 2nd shaft Shaft rotation (8.110 Hz)",Bearing characteristic match (secondary attention for this spectrum type): Input shaft bearing 151 RE BSF/Rolling element H5. Sidebands present with 2nd shaft Shaft rotation spacing.
timesignal (37).uff,velocity_from_acceleration,mm/s,0.062500032,266.500136,0.564916688,0.541513233,Yes,bearing,Output shaft bearing 250,IR BPFI/Inner race,9,265.05,1.45013645,2.6505,Output shaft bearing 250 IR BPFI/Inner race H9 265.050 Hz; Output shaft bearing 250/251 IR BPFI/Inner race H9 265.050 Hz; Input/Motor shaft Wobbling H8 264.000 Hz,"5 sideband(s), spacing 16.313 Hz ~ 2nd shaft Wobbling (16.210 Hz)",Bearing characteristic match (secondary attention for this spectrum type): Output shaft bearing 250 IR BPFI/Inner race H9. Sidebands present with 2nd shaft Wobbling spacing.
timesignal (37).uff,velocity_from_acceleration,mm/s,0.062500032,278.312642,0.728032355,0.695538535,No,,,,,,,,,No clear sideband pattern,Significant peak; no table match within tolerance. Trend and inspect if amplitude is high.
timesignal (37).uff,velocity_from_acceleration,mm/s,0.062500032,300.875154,0.436860427,0.41555982,Yes,bearing,2nd shaft bearing 350,OR BPFO/Outer race,6,301.38,0.504845952,3.0138,2nd shaft bearing 350 OR BPFO/Outer race H6 301.380 Hz; 2nd shaft bearing 350/351 OR BPFO/Outer race H6 299.580 Hz,"5 sideband(s), spacing 8.156 Hz ~ 2nd shaft Shaft rotation (8.110 Hz)",Bearing characteristic match (secondary attention for this spectrum type): 2nd shaft bearing 350 OR BPFO/Outer race H6. Sidebands present with 2nd shaft Shaft rotation spacing.
timesignal (37).uff,velocity_from_acceleration,mm/s,0.062500032,314.625161,0.517835114,0.485720319,No,,,,,,,,,No clear sideband pattern,Significant peak; no table match within tolerance. Trend and inspect if amplitude is high.
timesignal (37).uff,velocity_from_acceleration,mm/s,0.062500032,317.187662,0.496650478,0.468216845,No,,,,,,,,,No clear sideband pattern,Significant peak; no table match within tolerance. Trend and inspect if amplitude is high.
timesignal (37).uff,velocity_from_acceleration,mm/s,0.062500032,322.812665,1.1294679,1.09498146,No,,,,,,,,,No clear sideband pattern,Significant peak; no table match within tolerance. Trend and inspect if amplitude is high.
timesignal (37).uff,velocity_from_acceleration,mm/s,0.062500032,325.312667,0.594934391,0.559501831,No,,,,,,,,,No clear sideband pattern,Significant peak; no table match within tolerance. Trend and inspect if amplitude is high.
timesignal (37).uff,velocity_from_acceleration,mm/s,0.062500032,330.937669,0.655987277,0.625558262,Yes,gear,Input/Motor shaft,Wobbling,10,330,0.93766944,3.3,Input/Motor shaft Wobbling H10 330.000 Hz,"7 sideband(s), spacing 3.063 Hz ~ Output shaft Shaft rotation (2.050 Hz)",Gear characteristic match (primary attention for this spectrum type): Input/Motor shaft Wobbling H10. Sidebands present with Output shaft Shaft rotation spacing.
timesignal (37).uff,velocity_from_acceleration,mm/s,0.062500032,334.000171,0.739763469,0.713011774,No,,,,,,,,,No clear sideband pattern,Significant peak; no table match within tolerance. Trend and inspect if amplitude is high.
timesignal (37).uff,velocity_from_acceleration,mm/s,0.062500032,341.562675,0.707096132,0.684030125,Yes,bearing,Input shaft bearing 151,IR BPFI/Inner race,2,342.22,0.65732512,3.4222,Input shaft bearing 151 IR BPFI/Inner race H2 342.220 Hz; Input shaft bearing 150 RE BSF/Rolling element H6 340.440 Hz; Input shaft bearing 150 IR BPFI/Inner race H2 338.220 Hz,"5 sideband(s), spacing 3.781 Hz ~ Output shaft Wobbling (4.110 Hz)",Bearing characteristic match (secondary attention for this spectrum type): Input shaft bearing 151 IR BPFI/Inner race H2. Sidebands present with Output shaft Wobbling spacing.
timesignal (37).uff,velocity_from_acceleration,mm/s,0.062500032,355.312682,0.385870137,0.363384813,Yes,bearing,2nd shaft bearing 350,IR BPFI/Inner race,5,356.75,1.43731808,3.5675,2nd shaft bearing 350 IR BPFI/Inner race H5 356.750 Hz; 2nd shaft bearing 350/351 IR BPFI/Inner race H5 358.250 Hz,"4 sideband(s), spacing 24.375 Hz ~ Output shaft bearing 250/251 OR BPFO/Outer race (23.980 Hz)",Bearing characteristic match (secondary attention for this spectrum type): 2nd shaft bearing 350 IR BPFI/Inner race H5. Sidebands present with Output shaft bearing 250/251 OR BPFO/Outer race spacing.
timesignal (37).uff,velocity_from_acceleration,mm/s,0.062500032,379.062694,0.407500575,0.370546478,Yes,bearing,Input shaft bearing 151,OR BPFO/Outer race,3,377.7,1.36269408,3.777,Input shaft bearing 151 OR BPFO/Outer race H3 377.700 Hz,"5 sideband(s), spacing 56.250 Hz ~ Input shaft bearing 150 RE BSF/Rolling element (56.740 Hz)",Bearing characteristic match (secondary attention for this spectrum type): Input shaft bearing 151 OR BPFO/Outer race H3. Sidebands present with Input shaft bearing 150 RE BSF/Rolling element spacing.
timesignal (37).uff,velocity_from_acceleration,mm/s,0.062500032,403.500207,0.713215173,0.681558845,Yes,bearing,2nd shaft bearing 350,OR BPFO/Outer race,8,401.84,1.66020659,4.0184,2nd shaft bearing 350 OR BPFO/Outer race H8 401.840 Hz,"5 sideband(s), spacing 24.438 Hz ~ Output shaft bearing 250/251 OR BPFO/Outer race (23.980 Hz)",Bearing characteristic match (secondary attention for this spectrum type): 2nd shaft bearing 350 OR BPFO/Outer race H8. Sidebands present with Output shaft bearing 250/251 OR BPFO/Outer race spacing.
timesignal (37).uff,velocity_from_acceleration,mm/s,0.062500032,411.625211,0.613822956,0.593005718,Yes,bearing,Input shaft bearing 151,RE BSF/Rolling element,8,414.48,2.85478925,4.1448,Input shaft bearing 151 RE BSF/Rolling element H8 414.480 Hz,"5 sideband(s), spacing 32.563 Hz ~ Output shaft bearing 250 IR BPFI/Inner race (29.450 Hz)",Bearing characteristic match (secondary attention for this spectrum type): Input shaft bearing 151 RE BSF/Rolling element H8. Sidebands present with Output shaft bearing 250 IR BPFI/Inner race spacing.
timesignal (37).uff,velocity_from_acceleration,mm/s,0.062500032,463.562737,0.376252751,0.360984445,Yes,gear,Gear mesh,GMF Stage 1,1,462,1.56273734,4.62,Gear mesh GMF Stage 1 H1 462.000 Hz; Input shaft bearing 151 RE BSF/Rolling element H9 466.290 Hz,"3 sideband(s), spacing 51.938 Hz ~ Input shaft bearing 151 RE BSF/Rolling element (51.810 Hz)",Gear characteristic match (primary attention for this spectrum type): Gear mesh GMF Stage 1 H1. Sidebands present with Input shaft bearing 151 RE BSF/Rolling element spacing.
timesignal (37).uff,velocity_from_acceleration,mm/s,0.062500032,471.687742,0.498926616,0.484299274,No,,,,,,,,,No clear sideband pattern,Significant peak; no table match within tolerance. Trend and inspect if amplitude is high.
timesignal (37).uff,velocity_from_acceleration,mm/s,0.062500032,492.312752,0.597513617,0.580219263,No,,,,,,,,,No clear sideband pattern,Significant peak; no table match within tolerance. Trend and inspect if amplitude is high.
timesignal (37).uff,velocity_from_acceleration,mm/s,0.062500032,500.437756,1.12103205,1.09400009,Yes,bearing,2nd shaft bearing 350,IR BPFI/Inner race,7,499.45,0.987756224,4.9945,2nd shaft bearing 350 IR BPFI/Inner race H7 499.450 Hz; 2nd shaft bearing 350/351 IR BPFI/Inner race H7 501.550 Hz; 2nd shaft bearing 350/351 OR BPFO/Outer race H10 499.300 Hz; 2nd shaft bearing 350 OR BPFO/Outer race H10 502.300 Hz; Input shaft bearing 151 OR BPFO/Outer race H4 503.600 Hz,"4 sideband(s), spacing 28.750 Hz ~ Output shaft bearing 250 IR BPFI/Inner race (29.450 Hz)",Bearing characteristic match (secondary attention for this spectrum type): 2nd shaft bearing 350 IR BPFI/Inner race H7. Sidebands present with Output shaft bearing 250 IR BPFI/Inner race spacing.
timesignal (37).uff,velocity_from_acceleration,mm/s,0.062500032,548.625281,0.388049316,0.364836154,No,,,,,,,,,No clear sideband pattern,Significant peak; no table match within tolerance. Trend and inspect if amplitude is high.
timesignal (37).uff,velocity_from_acceleration,mm/s,0.062500032,556.750285,1.43897218,1.40266315,No,,,,,,,,,No clear sideband pattern,Significant peak; no table match within tolerance. Trend and inspect if amplitude is high.
timesignal (37).uff,velocity_from_acceleration,mm/s,0.062500032,564.875289,0.563016032,0.531146563,Yes,bearing,Input shaft bearing 150,RE BSF/Rolling element,10,567.4,2.52471078,5.674,Input shaft bearing 150 RE BSF/Rolling element H10 567.400 Hz,"7 sideband(s), spacing 8.125 Hz ~ Output shaft Wobbling (4.110 Hz)",Bearing characteristic match (secondary attention for this spectrum type): Input shaft bearing 150 RE BSF/Rolling element H10. Sidebands present with Output shaft Wobbling spacing.
timesignal (37).uff,velocity_from_acceleration,mm/s,0.062500032,573.000293,0.977193716,0.946245087,Yes,bearing,2nd shaft bearing 350/351,IR BPFI/Inner race,8,573.2,0.199706624,5.732,2nd shaft bearing 350/351 IR BPFI/Inner race H8 573.200 Hz; 2nd shaft bearing 350 IR BPFI/Inner race H8 570.800 Hz; Input shaft bearing 150 RE BSF/Rolling element H10 567.400 Hz,"4 sideband(s), spacing 8.125 Hz ~ Input shaft bearing 150 Cage FTF/Cage (7.110 Hz)",Bearing characteristic match (secondary attention for this spectrum type): 2nd shaft bearing 350/351 IR BPFI/Inner race H8. Sidebands present with Input shaft bearing 150 Cage FTF/Cage spacing.
timesignal (38).uff,velocity_from_acceleration,mm/s,0.062499968,0.93749952,13.4114949,9.38688025,Yes,bearing,Output shaft bearing 250,Cage FTF/Cage,1,0.92,0.01749952,0.124999936,Output shaft bearing 250 Cage FTF/Cage H1 0.920 Hz; Output shaft bearing 250/251 Cage FTF/Cage H1 0.920 Hz,No clear sideband pattern,Bearing characteristic match (secondary attention for this spectrum type): Output shaft bearing 250 Cage FTF/Cage H1. No clear sideband family detected from significant peaks.
timesignal (39).uff,acceleration,m/s²,0.999999283,499.999642,3.63129254,3.08582662,Yes,bearing,2nd shaft bearing 350,IR BPFI/Inner race,7,499.45,0.5496416,4.9945,2nd shaft bearing 350 IR BPFI/Inner race H7 499.450 Hz; 2nd shaft bearing 350/351 OR BPFO/Outer race H10 499.300 Hz; 2nd shaft bearing 350/351 IR BPFI/Inner race H7 501.550 Hz; 2nd shaft bearing 350 OR BPFO/Outer race H10 502.300 Hz; Input shaft bearing 151 OR BPFO/Outer race H4 503.600 Hz,"2 sideband(s), spacing 57.000 Hz ~ Input shaft bearing 150 RE BSF/Rolling element (56.740 Hz)",Bearing characteristic match (primary attention for this spectrum type): 2nd shaft bearing 350 IR BPFI/Inner race H7. Sidebands present with Input shaft bearing 150 RE BSF/Rolling element spacing.
timesignal (39).uff,acceleration,m/s²,0.999999283,556.999601,5.25373492,4.39640279,No,,,,,,,,,No clear sideband pattern,Significant peak; no table match within tolerance. Trend and inspect if amplitude is high.
timesignal (39).uff,acceleration,m/s²,0.999999283,564.999595,3.20440528,2.18683916,Yes,bearing,Input shaft bearing 150,RE BSF/Rolling element,10,567.4,2.40040499,5.674,Input shaft bearing 150 RE BSF/Rolling element H10 567.400 Hz,"6 sideband(s), spacing 4.000 Hz ~ Output shaft Shaft rotation (2.050 Hz)",Bearing characteristic match (primary attention for this spectrum type): Input shaft bearing 150 RE BSF/Rolling element H10. Sidebands present with Output shaft Shaft rotation spacing.
timesignal (39).uff,acceleration,m/s²,0.999999283,572.999589,3.67249544,2.90470206,Yes,bearing,2nd shaft bearing 350/351,IR BPFI/Inner race,8,573.2,0.200410726,5.732,2nd shaft bearing 350/351 IR BPFI/Inner race H8 573.200 Hz; 2nd shaft bearing 350 IR BPFI/Inner race H8 570.800 Hz; Input shaft bearing 150 RE BSF/Rolling element H10 567.400 Hz,"4 sideband(s), spacing 8.000 Hz ~ Output shaft Wobbling (4.110 Hz)",Bearing characteristic match (primary attention for this spectrum type): 2nd shaft bearing 350/351 IR BPFI/Inner race H8. Sidebands present with Output shaft Wobbling spacing.
timesignal (39).uff,acceleration,m/s²,0.999999283,733.999474,2.3250638,1.96920015,Yes,gear,Gear mesh,GMF Stage 2,5,729.45,4.54947387,7.2945,Gear mesh GMF Stage 2 H5 729.450 Hz,No clear sideband pattern,Gear characteristic match (secondary attention for this spectrum type): Gear mesh GMF Stage 2 H5. No clear sideband family detected from significant peaks.
timesignal (40).uff,envelope,m/s²,0.0999756859,8.09803056,2.92306451,2.73739602,Yes,gear,2nd shaft,Shaft rotation,1,8.11,0.011969441,0.199951372,2nd shaft Shaft rotation H1 8.110 Hz; Output shaft Shaft rotation H4 8.200 Hz; Output shaft Wobbling H2 8.220 Hz; Output shaft bearing 250 Cage FTF/Cage H9 8.280 Hz; Output shaft bearing 250/251 Cage FTF/Cage H9 8.280 Hz,"2 sideband(s), spacing 8.148 Hz ~ 2nd shaft Shaft rotation (8.110 Hz)",Gear characteristic match (secondary attention for this spectrum type): 2nd shaft Shaft rotation H1. Sidebands present with 2nd shaft Shaft rotation spacing.
timesignal (40).uff,envelope,m/s²,0.0999756859,14.9963529,0.634275803,0.394686477,No,,,,,,,,,No clear sideband pattern,Significant peak; no table match within tolerance. Trend and inspect if amplitude is high.
timesignal (40).uff,envelope,m/s²,0.0999756859,24.3940674,1.3772816,1.2099639,Yes,gear,2nd shaft,Shaft rotation,3,24.33,0.0640673628,0.2433,2nd shaft Shaft rotation H3 24.330 Hz,"4 sideband(s), spacing 23.794 Hz ~ Output shaft bearing 250/251 OR BPFO/Outer race (23.980 Hz)",Gear characteristic match (secondary attention for this spectrum type): 2nd shaft Shaft rotation H3. Sidebands present with Output shaft bearing 250/251 OR BPFO/Outer race spacing.
timesignal (40).uff,envelope,m/s²,0.0999756859,32.4920979,1.74403043,1.58873378,Yes,gear,2nd shaft,Shaft rotation,4,32.44,0.0520979218,0.3244,2nd shaft Shaft rotation H4 32.440 Hz; 2nd shaft Wobbling H2 32.420 Hz,"4 sideband(s), spacing 8.098 Hz ~ 2nd shaft Shaft rotation (8.110 Hz)",Gear characteristic match (secondary attention for this spectrum type): 2nd shaft Shaft rotation H4. Sidebands present with 2nd shaft Shaft rotation spacing.
timesignal (40).uff,envelope,m/s²,0.0999756859,39.9902744,0.99464501,0.863181005,No,,,,,,,,,No clear sideband pattern,Significant peak; no table match within tolerance. Trend and inspect if amplitude is high.
timesignal (40).uff,envelope,m/s²,0.0999756859,48.1882806,1.27468786,1.13459504,Yes,bearing,Output shaft bearing 250/251,OR BPFO/Outer race,2,47.96,0.22828061,0.4796,Output shaft bearing 250/251 OR BPFO/Outer race H2 47.960 Hz; Output shaft bearing 250 OR BPFO/Outer race H2 47.940 Hz; Input shaft bearing 151 Cage FTF/Cage H7 48.510 Hz; 2nd shaft Wobbling H3 48.630 Hz; 2nd shaft Shaft rotation H6 48.660 Hz,"5 sideband(s), spacing 8.198 Hz ~ 2nd shaft Shaft rotation (8.110 Hz)",Bearing characteristic match (primary attention for this spectrum type): Output shaft bearing 250/251 OR BPFO/Outer race H2. Sidebands present with 2nd shaft Shaft rotation spacing.
timesignal (40).uff,envelope,m/s²,0.0999756859,56.2863112,0.945587627,0.802360571,Yes,bearing,Input shaft bearing 150,RE BSF/Rolling element,1,56.74,0.453688831,0.5674,Input shaft bearing 150 RE BSF/Rolling element H1 56.740 Hz; 2nd shaft Shaft rotation H7 56.770 Hz,"6 sideband(s), spacing 8.098 Hz ~ 2nd shaft Shaft rotation (8.110 Hz)",Bearing characteristic match (primary attention for this spectrum type): Input shaft bearing 150 RE BSF/Rolling element H1. Sidebands present with 2nd shaft Shaft rotation spacing.
timesignal (40).uff,envelope,m/s²,0.0999756859,64.3843417,1.14002098,0.974315491,Yes,bearing,2nd shaft bearing 350/351,RE BSF/Rolling element,3,64.44,0.0556582719,0.6444,2nd shaft bearing 350/351 RE BSF/Rolling element H3 64.440 Hz; Input shaft bearing 150 Cage FTF/Cage H9 63.990 Hz; 2nd shaft Wobbling H4 64.840 Hz; 2nd shaft Shaft rotation H8 64.880 Hz,"7 sideband(s), spacing 8.098 Hz ~ 2nd shaft Shaft rotation (8.110 Hz)",Bearing characteristic match (primary attention for this spectrum type): 2nd shaft bearing 350/351 RE BSF/Rolling element H3. Sidebands present with 2nd shaft Shaft rotation spacing.
timesignal (40).uff,envelope,m/s²,0.0999756859,72.582348,1.09851896,1.02338337,Yes,gear,2nd shaft,Shaft rotation,9,72.99,0.407652027,0.7299,2nd shaft Shaft rotation H9 72.990 Hz; Output shaft bearing 250/251 OR BPFO/Outer race H3 71.940 Hz; Output shaft bearing 250 OR BPFO/Outer race H3 71.910 Hz,"8 sideband(s), spacing 8.198 Hz ~ 2nd shaft Shaft rotation (8.110 Hz)",Gear characteristic match (secondary attention for this spectrum type): 2nd shaft Shaft rotation H9. Sidebands present with 2nd shaft Shaft rotation spacing.
timesignal (40).uff,envelope,m/s²,0.0999756859,80.6803785,1.60857654,1.46996484,Yes,gear,2nd shaft,Wobbling,5,81.05,0.369621468,0.8105,2nd shaft Wobbling H5 81.050 Hz; 2nd shaft Shaft rotation H10 81.100 Hz,"8 sideband(s), spacing 8.098 Hz ~ 2nd shaft Shaft rotation (8.110 Hz)",Gear characteristic match (secondary attention for this spectrum type): 2nd shaft Wobbling H5. Sidebands present with 2nd shaft Shaft rotation spacing.
timesignal (40).uff,envelope,m/s²,0.0999756859,88.7784091,1.03983234,0.881184543,Yes,bearing,Output shaft bearing 250/251,RE BSF/Rolling element,9,88.56,0.218409091,0.8856,Output shaft bearing 250/251 RE BSF/Rolling element H9 88.560 Hz; Output shaft bearing 250 IR BPFI/Inner race H3 88.350 Hz; Output shaft bearing 250/251 IR BPFI/Inner race H3 88.350 Hz; 2nd shaft bearing 350 RE BSF/Rolling element H4 88.200 Hz; Output shaft bearing 250 RE BSF/Rolling element H9 88.200 Hz,"8 sideband(s), spacing 8.098 Hz ~ 2nd shaft Shaft rotation (8.110 Hz)",Bearing characteristic match (primary attention for this spectrum type): Output shaft bearing 250/251 RE BSF/Rolling element H9. Sidebands present with 2nd shaft Shaft rotation spacing.
timesignal (40).uff,envelope,m/s²,0.0999756859,96.9764153,1.21156166,1.07053457,Yes,gear,2nd shaft,Wobbling,6,97.26,0.283584664,0.9726,2nd shaft Wobbling H6 97.260 Hz,"8 sideband(s), spacing 8.198 Hz ~ 2nd shaft Shaft rotation (8.110 Hz)",Gear characteristic match (secondary attention for this spectrum type): 2nd shaft Wobbling H6. Sidebands present with 2nd shaft Shaft rotation spacing.
timesignal (40).uff,envelope,m/s²,0.0999756859,105.074446,0.820027932,0.710186982,No,,,,,,,,,No clear sideband pattern,Significant peak; no table match within tolerance. Trend and inspect if amplitude is high.
timesignal (40).uff,envelope,m/s²,0.0999756859,112.572622,0.909685125,0.783377186,Yes,gear,2nd shaft,Wobbling,7,113.47,0.897377662,1.1347,2nd shaft Wobbling H7 113.470 Hz; Input shaft bearing 150 RE BSF/Rolling element H2 113.480 Hz,"8 sideband(s), spacing 7.498 Hz ~ 2nd shaft Shaft rotation (8.110 Hz)",Gear characteristic match (secondary attention for this spectrum type): 2nd shaft Wobbling H7. Sidebands present with 2nd shaft Shaft rotation spacing.
timesignal (40).uff,envelope,m/s²,0.0999756859,120.670653,0.843326089,0.697042726,Yes,bearing,Output shaft bearing 250/251,OR BPFO/Outer race,5,119.9,0.770652897,1.199,Output shaft bearing 250/251 OR BPFO/Outer race H5 119.900 Hz; Output shaft bearing 250 OR BPFO/Outer race H5 119.850 Hz,"7 sideband(s), spacing 8.098 Hz ~ 2nd shaft Shaft rotation (8.110 Hz)",Bearing characteristic match (primary attention for this spectrum type): Output shaft bearing 250/251 OR BPFO/Outer race H5. Sidebands present with 2nd shaft Shaft rotation spacing.
timesignal (40).uff,envelope,m/s²,0.0999756859,129.468513,0.679644171,0.556102359,Yes,gear,2nd shaft,Wobbling,8,129.68,0.211486742,1.2968,2nd shaft Wobbling H8 129.680 Hz; 2nd shaft bearing 350/351 RE BSF/Rolling element H6 128.880 Hz,"8 sideband(s), spacing 16.896 Hz ~ 2nd shaft Wobbling (16.210 Hz)",Gear characteristic match (secondary attention for this spectrum type): 2nd shaft Wobbling H8. Sidebands present with 2nd shaft Wobbling spacing.
timesignal (40).uff,envelope,m/s²,0.0999756859,136.96669,0.911311012,0.803909188,No,,,,,,,,,No clear sideband pattern,Significant peak; no table match within tolerance. Trend and inspect if amplitude is high.
timesignal (40).uff,envelope,m/s²,0.0999756859,145.06472,0.960449154,0.837365137,Yes,gear,Gear mesh,GMF Stage 2,1,145.89,0.82527974,1.4589,Gear mesh GMF Stage 2 H1 145.890 Hz; 2nd shaft Wobbling H9 145.890 Hz; Output shaft bearing 250/251 OR BPFO/Outer race H6 143.880 Hz; Output shaft bearing 250 OR BPFO/Outer race H6 143.820 Hz,"7 sideband(s), spacing 15.596 Hz ~ 2nd shaft Wobbling (16.210 Hz)",Gear characteristic match (secondary attention for this spectrum type): Gear mesh GMF Stage 2 H1. Sidebands present with 2nd shaft Wobbling spacing.
timesignal (40).uff,envelope,m/s²,0.0999756859,161.360757,0.819577021,0.738576574,Yes,gear,2nd shaft,Wobbling,10,162.1,0.739242936,1.621,2nd shaft Wobbling H10 162.100 Hz,"7 sideband(s), spacing 16.296 Hz ~ 2nd shaft Wobbling (16.210 Hz)",Gear characteristic match (secondary attention for this spectrum type): 2nd shaft Wobbling H10. Sidebands present with 2nd shaft Wobbling spacing.
timesignal (40).uff,envelope,m/s²,0.0999756859,177.656794,0.59711447,0.509842492,Yes,bearing,Output shaft bearing 250,IR BPFI/Inner race,6,176.7,0.956793868,1.767,Output shaft bearing 250 IR BPFI/Inner race H6 176.700 Hz; Output shaft bearing 250/251 IR BPFI/Inner race H6 176.700 Hz; 2nd shaft bearing 350 RE BSF/Rolling element H8 176.400 Hz,"7 sideband(s), spacing 16.296 Hz ~ 2nd shaft Wobbling (16.210 Hz)",Bearing characteristic match (primary attention for this spectrum type): Output shaft bearing 250 IR BPFI/Inner race H6. Sidebands present with 2nd shaft Wobbling spacing.
timesignal (40).uff,envelope,m/s²,0.0999756859,193.852855,0.610897489,0.522365942,Yes,bearing,2nd shaft bearing 350/351,RE BSF/Rolling element,9,193.32,0.532854986,1.9332,2nd shaft bearing 350/351 RE BSF/Rolling element H9 193.320 Hz,"6 sideband(s), spacing 16.196 Hz ~ 2nd shaft Wobbling (16.210 Hz)",Bearing characteristic match (primary attention for this spectrum type): 2nd shaft bearing 350/351 RE BSF/Rolling element H9. Sidebands present with 2nd shaft Wobbling spacing.
timesignal (40).uff,envelope,m/s²,0.0999756859,225.745099,0.547521091,0.456307931,Yes,bearing,Input shaft bearing 150,RE BSF/Rolling element,4,226.96,1.21490121,2.2696,Input shaft bearing 150 RE BSF/Rolling element H4 226.960 Hz,"4 sideband(s), spacing 16.296 Hz ~ 2nd shaft Wobbling (16.210 Hz)",Bearing characteristic match (primary attention for this spectrum type): Input shaft bearing 150 RE BSF/Rolling element H4. Sidebands present with 2nd shaft Wobbling spacing.
timesignal (40).uff,envelope,m/s²,0.0999756859,242.041136,0.75686511,0.655223004,Yes,bearing,Output shaft bearing 250/251,OR BPFO/Outer race,10,239.8,2.2411356,2.398,Output shaft bearing 250/251 OR BPFO/Outer race H10 239.800 Hz; Output shaft bearing 250 OR BPFO/Outer race H10 239.700 Hz,"3 sideband(s), spacing 16.296 Hz ~ 2nd shaft Wobbling (16.210 Hz)",Bearing characteristic match (primary attention for this spectrum type): Output shaft bearing 250/251 OR BPFO/Outer race H10. Sidebands present with 2nd shaft Wobbling spacing.
timesignal (40).uff,envelope,m/s²,0.0999756859,250.139166,0.715948051,0.626881555,Yes,bearing,2nd shaft bearing 350/351,OR BPFO/Outer race,5,249.65,0.489166155,2.4965,2nd shaft bearing 350/351 OR BPFO/Outer race H5 249.650 Hz; 2nd shaft bearing 350 OR BPFO/Outer race H5 251.150 Hz; Input shaft bearing 151 OR BPFO/Outer race H2 251.800 Hz,"3 sideband(s), spacing 24.394 Hz ~ Output shaft bearing 250/251 OR BPFO/Outer race (23.980 Hz)",Bearing characteristic match (primary attention for this spectrum type): 2nd shaft bearing 350/351 OR BPFO/Outer race H5. Sidebands present with Output shaft bearing 250/251 OR BPFO/Outer race spacing.
timesignal (40).uff,envelope,m/s²,0.0999756859,314.623484,0.619386255,0.524522643,No,,,,,,,,,No clear sideband pattern,Significant peak; no table match within tolerance. Trend and inspect if amplitude is high.
timesignal (40).uff,envelope,m/s²,0.0999756859,322.721514,0.722733793,0.656317103,No,,,,,,,,,No clear sideband pattern,Significant peak; no table match within tolerance. Trend and inspect if amplitude is high.
timesignal (40).uff,envelope,m/s²,0.0999756859,459.688204,0.585219378,0.500193504,Yes,gear,Gear mesh,GMF Stage 1,1,462,2.31179617,4.62,Gear mesh GMF Stage 1 H1 462.000 Hz,No clear sideband pattern,Gear characteristic match (secondary attention for this spectrum type): Gear mesh GMF Stage 1 H1. No clear sideband family detected from significant peaks.
timesignal (41).uff,envelope,m/s²,0.062500032,8.12500416,2.07245268,1.96845398,Yes,gear,2nd shaft,Shaft rotation,1,8.11,0.01500416,0.125000064,2nd shaft Shaft rotation H1 8.110 Hz; Output shaft Shaft rotation H4 8.200 Hz; Output shaft Wobbling H2 8.220 Hz,No clear sideband pattern,Gear characteristic match (secondary attention for this spectrum type): 2nd shaft Shaft rotation H1. No clear sideband family detected from significant peaks.
timesignal (41).uff,envelope,m/s²,0.062500032,24.3750125,0.633328929,0.529222342,Yes,gear,2nd shaft,Shaft rotation,3,24.33,0.04501248,0.2433,2nd shaft Shaft rotation H3 24.330 Hz,"3 sideband(s), spacing 16.250 Hz ~ 2nd shaft Wobbling (16.210 Hz)",Gear characteristic match (secondary attention for this spectrum type): 2nd shaft Shaft rotation H3. Sidebands present with 2nd shaft Wobbling spacing.
timesignal (41).uff,envelope,m/s²,0.062500032,32.5000166,1.08904378,0.973082763,Yes,gear,2nd shaft,Shaft rotation,4,32.44,0.06001664,0.3244,2nd shaft Shaft rotation H4 32.440 Hz; 2nd shaft Wobbling H2 32.420 Hz,"3 sideband(s), spacing 8.125 Hz ~ 2nd shaft Shaft rotation (8.110 Hz)",Gear characteristic match (secondary attention for this spectrum type): 2nd shaft Shaft rotation H4. Sidebands present with 2nd shaft Shaft rotation spacing.
timesignal (41).uff,envelope,m/s²,0.062500032,48.1875247,0.639597906,0.540262973,Yes,bearing,Output shaft bearing 250/251,OR BPFO/Outer race,2,47.96,0.227524672,0.4796,Output shaft bearing 250/251 OR BPFO/Outer race H2 47.960 Hz; Output shaft bearing 250 OR BPFO/Outer race H2 47.940 Hz; Input shaft bearing 151 Cage FTF/Cage H7 48.510 Hz; 2nd shaft Wobbling H3 48.630 Hz; 2nd shaft Shaft rotation H6 48.660 Hz,"4 sideband(s), spacing 23.813 Hz ~ Output shaft bearing 250/251 OR BPFO/Outer race (23.980 Hz)",Bearing characteristic match (primary attention for this spectrum type): Output shaft bearing 250/251 OR BPFO/Outer race H2. Sidebands present with Output shaft bearing 250/251 OR BPFO/Outer race spacing.
timesignal (41).uff,envelope,m/s²,0.062500032,64.437533,0.708681142,0.616293424,Yes,bearing,2nd shaft bearing 350/351,RE BSF/Rolling element,3,64.44,0.00246700798,0.6444,2nd shaft bearing 350/351 RE BSF/Rolling element H3 64.440 Hz; 2nd shaft Wobbling H4 64.840 Hz; 2nd shaft Shaft rotation H8 64.880 Hz; Input shaft bearing 150 Cage FTF/Cage H9 63.990 Hz,"5 sideband(s), spacing 8.125 Hz ~ 2nd shaft Shaft rotation (8.110 Hz)",Bearing characteristic match (primary attention for this spectrum type): 2nd shaft bearing 350/351 RE BSF/Rolling element H3. Sidebands present with 2nd shaft Shaft rotation spacing.
timesignal (41).uff,envelope,m/s²,0.062500032,72.5625372,0.797849119,0.72097272,Yes,gear,2nd shaft,Shaft rotation,9,72.99,0.427462848,0.7299,2nd shaft Shaft rotation H9 72.990 Hz; Output shaft bearing 250/251 OR BPFO/Outer race H3 71.940 Hz; Output shaft bearing 250 OR BPFO/Outer race H3 71.910 Hz,"5 sideband(s), spacing 8.125 Hz ~ 2nd shaft Shaft rotation (8.110 Hz)",Gear characteristic match (secondary attention for this spectrum type): 2nd shaft Shaft rotation H9. Sidebands present with 2nd shaft Shaft rotation spacing.
timesignal (41).uff,envelope,m/s²,0.062500032,80.6875413,1.07273305,0.995335837,Yes,gear,2nd shaft,Wobbling,5,81.05,0.362458688,0.8105,2nd shaft Wobbling H5 81.050 Hz; 2nd shaft Shaft rotation H10 81.100 Hz,"5 sideband(s), spacing 8.125 Hz ~ 2nd shaft Shaft rotation (8.110 Hz)",Gear characteristic match (secondary attention for this spectrum type): 2nd shaft Wobbling H5. Sidebands present with 2nd shaft Shaft rotation spacing.
timesignal (41).uff,envelope,m/s²,0.062500032,88.8125455,0.722400542,0.63477745,Yes,bearing,Output shaft bearing 250/251,RE BSF/Rolling element,9,88.56,0.252545472,0.8856,Output shaft bearing 250/251 RE BSF/Rolling element H9 88.560 Hz; Output shaft bearing 250 IR BPFI/Inner race H3 88.350 Hz; Output shaft bearing 250/251 IR BPFI/Inner race H3 88.350 Hz; 2nd shaft bearing 350 RE BSF/Rolling element H4 88.200 Hz; Output shaft bearing 250 RE BSF/Rolling element H9 88.200 Hz,"4 sideband(s), spacing 8.125 Hz ~ 2nd shaft Shaft rotation (8.110 Hz)",Bearing characteristic match (primary attention for this spectrum type): Output shaft bearing 250/251 RE BSF/Rolling element H9. Sidebands present with 2nd shaft Shaft rotation spacing.
timesignal (41).uff,envelope,m/s²,0.062500032,96.9375496,0.722759022,0.649765046,Yes,gear,2nd shaft,Wobbling,6,97.26,0.322450368,0.9726,2nd shaft Wobbling H6 97.260 Hz,"5 sideband(s), spacing 16.250 Hz ~ 2nd shaft Wobbling (16.210 Hz)",Gear characteristic match (secondary attention for this spectrum type): 2nd shaft Wobbling H6. Sidebands present with 2nd shaft Wobbling spacing.
timesignal (41).uff,envelope,m/s²,0.062500032,145.125074,0.563591033,0.494232099,Yes,gear,Gear mesh,GMF Stage 2,1,145.89,0.764925696,1.4589,Gear mesh GMF Stage 2 H1 145.890 Hz; 2nd shaft Wobbling H9 145.890 Hz; Output shaft bearing 250/251 OR BPFO/Outer race H6 143.880 Hz; Output shaft bearing 250 OR BPFO/Outer race H6 143.820 Hz,"3 sideband(s), spacing 16.250 Hz ~ 2nd shaft Wobbling (16.210 Hz)",Gear characteristic match (secondary attention for this spectrum type): Gear mesh GMF Stage 2 H1. Sidebands present with 2nd shaft Wobbling spacing.
timesignal (41).uff,envelope,m/s²,0.062500032,161.375083,0.599643837,0.544377514,Yes,gear,2nd shaft,Wobbling,10,162.1,0.724917376,1.621,2nd shaft Wobbling H10 162.100 Hz,"2 sideband(s), spacing 16.250 Hz ~ 2nd shaft Wobbling (16.210 Hz)",Gear characteristic match (secondary attention for this spectrum type): 2nd shaft Wobbling H10. Sidebands present with 2nd shaft Wobbling spacing.
timesignal (41).uff,envelope,m/s²,0.062500032,322.750165,0.541588645,0.500571024,No,,,,,,,,,No clear sideband pattern,Significant peak; no table match within tolerance. Trend and inspect if amplitude is high.
timesignal (42).uff,velocity_from_acceleration,mm/s,0.062500032,53.6875275,0.231967657,0.226350875,No,,,,,,,,,No clear sideband pattern,Significant peak; no table match within tolerance. Trend and inspect if amplitude is high.
timesignal (42).uff,velocity_from_acceleration,mm/s,0.062500032,55.7500285,0.842620979,0.834058281,Yes,bearing,Input shaft bearing 151,Cage FTF/Cage,8,55.44,0.310028544,0.5544,Input shaft bearing 151 Cage FTF/Cage H8 55.440 Hz,"3 sideband(s), spacing 55.750 Hz ~ Input shaft bearing 150 RE BSF/Rolling element (56.740 Hz)",Bearing characteristic match (secondary attention for this spectrum type): Input shaft bearing 151 Cage FTF/Cage H8. Sidebands present with Input shaft bearing 150 RE BSF/Rolling element spacing.
timesignal (42).uff,velocity_from_acceleration,mm/s,0.062500032,57.8125296,0.227181487,0.216926762,No,,,,,,,,,No clear sideband pattern,Significant peak; no table match within tolerance. Trend and inspect if amplitude is high.
timesignal (42).uff,velocity_from_acceleration,mm/s,0.062500032,59.8750307,0.242695185,0.230040109,No,,,,,,,,,No clear sideband pattern,Significant peak; no table match within tolerance. Trend and inspect if amplitude is high.
timesignal (42).uff,velocity_from_acceleration,mm/s,0.062500032,61.9375317,0.458685345,0.443850278,Yes,bearing,Input shaft bearing 151,Cage FTF/Cage,9,62.37,0.432468288,0.6237,Input shaft bearing 151 Cage FTF/Cage H9 62.370 Hz,"6 sideband(s), spacing 2.063 Hz ~ Output shaft Shaft rotation (2.050 Hz)",Bearing characteristic match (secondary attention for this spectrum type): Input shaft bearing 151 Cage FTF/Cage H9. Sidebands present with Output shaft Shaft rotation spacing.
timesignal (42).uff,velocity_from_acceleration,mm/s,0.062500032,64.0000328,0.243501424,0.230485408,Yes,bearing,Input shaft bearing 150,Cage FTF/Cage,9,63.99,0.010032768,0.6399,Input shaft bearing 150 Cage FTF/Cage H9 63.990 Hz; 2nd shaft bearing 350/351 RE BSF/Rolling element H3 64.440 Hz,"5 sideband(s), spacing 2.063 Hz ~ Output shaft Shaft rotation (2.050 Hz)",Bearing characteristic match (secondary attention for this spectrum type): Input shaft bearing 150 Cage FTF/Cage H9. Sidebands present with Output shaft Shaft rotation spacing.
timesignal (42).uff,velocity_from_acceleration,mm/s,0.062500032,68.1250349,0.407780744,0.393148872,Yes,bearing,Output shaft bearing 250,RE BSF/Rolling element,7,68.6,0.47496512,0.686,Output shaft bearing 250 RE BSF/Rolling element H7 68.600 Hz,"4 sideband(s), spacing 4.125 Hz ~ Output shaft Wobbling (4.110 Hz)",Bearing characteristic match (secondary attention for this spectrum type): Output shaft bearing 250 RE BSF/Rolling element H7. Sidebands present with Output shaft Wobbling spacing.
timesignal (42).uff,velocity_from_acceleration,mm/s,0.062500032,73.3125375,0.435028718,0.410410048,Yes,gear,2nd shaft,Shaft rotation,9,72.99,0.322537536,0.7299,2nd shaft Shaft rotation H9 72.990 Hz,"4 sideband(s), spacing 24.438 Hz ~ Output shaft bearing 250/251 OR BPFO/Outer race (23.980 Hz)",Gear characteristic match (primary attention for this spectrum type): 2nd shaft Shaft rotation H9. Sidebands present with Output shaft bearing 250/251 OR BPFO/Outer race spacing.
timesignal (42).uff,velocity_from_acceleration,mm/s,0.062500032,80.8125414,0.402250291,0.387009541,Yes,gear,2nd shaft,Wobbling,5,81.05,0.237458624,0.8105,2nd shaft Wobbling H5 81.050 Hz; 2nd shaft Shaft rotation H10 81.100 Hz,"5 sideband(s), spacing 3.750 Hz ~ Output shaft Wobbling (4.110 Hz)",Gear characteristic match (primary attention for this spectrum type): 2nd shaft Wobbling H5. Sidebands present with Output shaft Wobbling spacing.
timesignal (42).uff,velocity_from_acceleration,mm/s,0.062500032,88.9375455,0.234098394,0.219226755,Yes,bearing,Output shaft bearing 250/251,RE BSF/Rolling element,9,88.56,0.377545536,0.8856,Output shaft bearing 250/251 RE BSF/Rolling element H9 88.560 Hz; Output shaft bearing 250 IR BPFI/Inner race H3 88.350 Hz; Output shaft bearing 250/251 IR BPFI/Inner race H3 88.350 Hz; 2nd shaft bearing 350 RE BSF/Rolling element H4 88.200 Hz; Output shaft bearing 250 RE BSF/Rolling element H9 88.200 Hz,"5 sideband(s), spacing 8.125 Hz ~ 2nd shaft Shaft rotation (8.110 Hz)",Bearing characteristic match (secondary attention for this spectrum type): Output shaft bearing 250/251 RE BSF/Rolling element H9. Sidebands present with 2nd shaft Shaft rotation spacing.
timesignal (42).uff,velocity_from_acceleration,mm/s,0.062500032,97.75005,0.277658566,0.265008167,Yes,bearing,Output shaft bearing 250,RE BSF/Rolling element,10,98,0.249949952,0.98,Output shaft bearing 250 RE BSF/Rolling element H10 98.000 Hz; 2nd shaft Wobbling H6 97.260 Hz; Output shaft bearing 250/251 RE BSF/Rolling element H10 98.400 Hz,"5 sideband(s), spacing 8.813 Hz ~ 2nd shaft Shaft rotation (8.110 Hz)",Bearing characteristic match (secondary attention for this spectrum type): Output shaft bearing 250 RE BSF/Rolling element H10. Sidebands present with 2nd shaft Shaft rotation spacing.
timesignal (42).uff,velocity_from_acceleration,mm/s,0.062500032,109.437556,0.226393188,0.214332269,Yes,bearing,2nd shaft bearing 350,RE BSF/Rolling element,5,110.25,0.812443968,1.1025,2nd shaft bearing 350 RE BSF/Rolling element H5 110.250 Hz,"3 sideband(s), spacing 3.896 Hz ~ Output shaft Wobbling (4.110 Hz)",Bearing characteristic match (secondary attention for this spectrum type): 2nd shaft bearing 350 RE BSF/Rolling element H5. Sidebands present with Output shaft Wobbling spacing.
timesignal (42).uff,velocity_from_acceleration,mm/s,0.062500032,111.500057,2.2562427,2.24451237,No,,,,,,,,,No clear sideband pattern,Significant peak; no table match within tolerance. Trend and inspect if amplitude is high.
timesignal (42).uff,velocity_from_acceleration,mm/s,0.062500032,122.125063,0.434287089,0.421260574,No,,,,,,,,,No clear sideband pattern,Significant peak; no table match within tolerance. Trend and inspect if amplitude is high.
timesignal (42).uff,velocity_from_acceleration,mm/s,0.062500032,125.750064,0.642141229,0.629027728,Yes,bearing,Input shaft bearing 151,OR BPFO/Outer race,1,125.9,0.149935616,1.259,Input shaft bearing 151 OR BPFO/Outer race H1 125.900 Hz,"4 sideband(s), spacing 7.125 Hz ~ Input shaft bearing 151 Cage FTF/Cage (6.930 Hz)",Bearing characteristic match (secondary attention for this spectrum type): Input shaft bearing 151 OR BPFO/Outer race H1. Sidebands present with Input shaft bearing 151 Cage FTF/Cage spacing.
timesignal (42).uff,velocity_from_acceleration,mm/s,0.062500032,130.312567,0.395612767,0.384791071,Yes,gear,2nd shaft,Wobbling,8,129.68,0.63256672,1.2968,2nd shaft Wobbling H8 129.680 Hz,"5 sideband(s), spacing 23.125 Hz ~ Output shaft bearing 250/251 OR BPFO/Outer race (23.980 Hz)",Gear characteristic match (primary attention for this spectrum type): 2nd shaft Wobbling H8. Sidebands present with Output shaft bearing 250/251 OR BPFO/Outer race spacing.
timesignal (42).uff,velocity_from_acceleration,mm/s,0.062500032,145.312574,0.373590005,0.36480534,Yes,gear,Gear mesh,GMF Stage 2,1,145.89,0.5774256,1.4589,Gear mesh GMF Stage 2 H1 145.890 Hz; 2nd shaft Wobbling H9 145.890 Hz; Output shaft bearing 250/251 OR BPFO/Outer race H6 143.880 Hz,"6 sideband(s), spacing 23.188 Hz ~ Output shaft bearing 250/251 OR BPFO/Outer race (23.980 Hz)",Gear characteristic match (primary attention for this spectrum type): Gear mesh GMF Stage 2 H1. Sidebands present with Output shaft bearing 250/251 OR BPFO/Outer race spacing.
timesignal (42).uff,velocity_from_acceleration,mm/s,0.062500032,153.437579,0.293582291,0.287692913,Yes,bearing,2nd shaft bearing 350,RE BSF/Rolling element,7,154.35,0.91242144,1.5435,2nd shaft bearing 350 RE BSF/Rolling element H7 154.350 Hz,"7 sideband(s), spacing 23.125 Hz ~ Output shaft bearing 250/251 OR BPFO/Outer race (23.980 Hz)",Bearing characteristic match (secondary attention for this spectrum type): 2nd shaft bearing 350 RE BSF/Rolling element H7. Sidebands present with Output shaft bearing 250/251 OR BPFO/Outer race spacing.
timesignal (42).uff,velocity_from_acceleration,mm/s,0.062500032,167.250086,0.254724216,0.245829202,Yes,bearing,Output shaft bearing 250,OR BPFO/Outer race,7,167.79,0.539914368,1.6779,Output shaft bearing 250 OR BPFO/Outer race H7 167.790 Hz; Output shaft bearing 250/251 OR BPFO/Outer race H7 167.860 Hz,"3 sideband(s), spacing 6.906 Hz ~ Input shaft bearing 151 Cage FTF/Cage (6.930 Hz)",Bearing characteristic match (secondary attention for this spectrum type): Output shaft bearing 250 OR BPFO/Outer race H7. Sidebands present with Input shaft bearing 151 Cage FTF/Cage spacing.
timesignal (42).uff,velocity_from_acceleration,mm/s,0.062500032,169.750087,0.71855215,0.709458619,Yes,bearing,Input shaft bearing 150,RE BSF/Rolling element,3,170.22,0.469913088,1.7022,Input shaft bearing 150 RE BSF/Rolling element H3 170.220 Hz; Input shaft bearing 150 IR BPFI/Inner race H1 169.110 Hz; Input shaft bearing 151 IR BPFI/Inner race H1 171.110 Hz,"7 sideband(s), spacing 24.438 Hz ~ Output shaft bearing 250/251 OR BPFO/Outer race (23.980 Hz)",Bearing characteristic match (secondary attention for this spectrum type): Input shaft bearing 150 RE BSF/Rolling element H3. Sidebands present with Output shaft bearing 250/251 OR BPFO/Outer race spacing.
timesignal (42).uff,velocity_from_acceleration,mm/s,0.062500032,177.875091,0.515409653,0.503730942,Yes,bearing,Output shaft bearing 250,IR BPFI/Inner race,6,176.7,1.17509107,1.767,Output shaft bearing 250 IR BPFI/Inner race H6 176.700 Hz; Output shaft bearing 250/251 IR BPFI/Inner race H6 176.700 Hz; 2nd shaft bearing 350 RE BSF/Rolling element H8 176.400 Hz,"6 sideband(s), spacing 8.125 Hz ~ 2nd shaft Shaft rotation (8.110 Hz)",Bearing characteristic match (secondary attention for this spectrum type): Output shaft bearing 250 IR BPFI/Inner race H6. Sidebands present with 2nd shaft Shaft rotation spacing.
timesignal (42).uff,velocity_from_acceleration,mm/s,0.062500032,186.062595,0.269360213,0.256664533,No,,,,,,,,,No clear sideband pattern,Significant peak; no table match within tolerance. Trend and inspect if amplitude is high.
timesignal (42).uff,velocity_from_acceleration,mm/s,0.062500032,194.187599,0.295035729,0.282854454,Yes,bearing,2nd shaft bearing 350/351,RE BSF/Rolling element,9,193.32,0.867599424,1.9332,2nd shaft bearing 350/351 RE BSF/Rolling element H9 193.320 Hz,"6 sideband(s), spacing 8.125 Hz ~ 2nd shaft Shaft rotation (8.110 Hz)",Bearing characteristic match (secondary attention for this spectrum type): 2nd shaft bearing 350/351 RE BSF/Rolling element H9. Sidebands present with 2nd shaft Shaft rotation spacing.
timesignal (42).uff,velocity_from_acceleration,mm/s,0.062500032,202.312604,0.286002928,0.277503201,Yes,bearing,2nd shaft bearing 350,OR BPFO/Outer race,4,200.92,1.39260358,2.0092,2nd shaft bearing 350 OR BPFO/Outer race H4 200.920 Hz,"6 sideband(s), spacing 8.125 Hz ~ 2nd shaft Shaft rotation (8.110 Hz)",Bearing characteristic match (secondary attention for this spectrum type): 2nd shaft bearing 350 OR BPFO/Outer race H4. Sidebands present with 2nd shaft Shaft rotation spacing.
timesignal (42).uff,velocity_from_acceleration,mm/s,0.062500032,218.625112,0.285118237,0.271495441,Yes,bearing,2nd shaft bearing 350,RE BSF/Rolling element,10,220.5,1.87488806,2.205,2nd shaft bearing 350 RE BSF/Rolling element H10 220.500 Hz,"6 sideband(s), spacing 16.313 Hz ~ 2nd shaft Wobbling (16.210 Hz)",Bearing characteristic match (secondary attention for this spectrum type): 2nd shaft bearing 350 RE BSF/Rolling element H10. Sidebands present with 2nd shaft Wobbling spacing.
timesignal (42).uff,velocity_from_acceleration,mm/s,0.062500032,226.125116,0.396851993,0.377757521,Yes,bearing,Input shaft bearing 150,RE BSF/Rolling element,4,226.96,0.834884224,2.2696,Input shaft bearing 150 RE BSF/Rolling element H4 226.960 Hz,"6 sideband(s), spacing 23.813 Hz ~ Output shaft bearing 250/251 OR BPFO/Outer race (23.980 Hz)",Bearing characteristic match (secondary attention for this spectrum type): Input shaft bearing 150 RE BSF/Rolling element H4. Sidebands present with Output shaft bearing 250/251 OR BPFO/Outer race spacing.
timesignal (42).uff,velocity_from_acceleration,mm/s,0.062500032,250.562628,0.81347925,0.800387826,Yes,bearing,2nd shaft bearing 350,OR BPFO/Outer race,5,251.15,0.587371712,2.5115,2nd shaft bearing 350 OR BPFO/Outer race H5 251.150 Hz; 2nd shaft bearing 350/351 OR BPFO/Outer race H5 249.650 Hz; Input shaft bearing 151 OR BPFO/Outer race H2 251.800 Hz,"5 sideband(s), spacing 8.125 Hz ~ 2nd shaft Shaft rotation (8.110 Hz)",Bearing characteristic match (secondary attention for this spectrum type): 2nd shaft bearing 350 OR BPFO/Outer race H5. Sidebands present with 2nd shaft Shaft rotation spacing.
timesignal (42).uff,velocity_from_acceleration,mm/s,0.062500032,258.687632,0.493817317,0.479585195,Yes,bearing,Input shaft bearing 151,RE BSF/Rolling element,5,259.05,0.362367552,2.5905,Input shaft bearing 151 RE BSF/Rolling element H5 259.050 Hz,"4 sideband(s), spacing 8.125 Hz ~ 2nd shaft Shaft rotation (8.110 Hz)",Bearing characteristic match (secondary attention for this spectrum type): Input shaft bearing 151 RE BSF/Rolling element H5. Sidebands present with 2nd shaft Shaft rotation spacing.
timesignal (42).uff,velocity_from_acceleration,mm/s,0.062500032,266.875137,0.302583781,0.289988483,Yes,bearing,Output shaft bearing 250,IR BPFI/Inner race,9,265.05,1.82513664,2.6505,Output shaft bearing 250 IR BPFI/Inner race H9 265.050 Hz; Output shaft bearing 250/251 IR BPFI/Inner race H9 265.050 Hz,"4 sideband(s), spacing 2.729 Hz ~ Output shaft Shaft rotation (2.050 Hz)",Bearing characteristic match (secondary attention for this spectrum type): Output shaft bearing 250 IR BPFI/Inner race H9. Sidebands present with Output shaft Shaft rotation spacing.
timesignal (42).uff,velocity_from_acceleration,mm/s,0.062500032,275.000141,0.323394982,0.310354624,No,,,,,,,,,No clear sideband pattern,Significant peak; no table match within tolerance. Trend and inspect if amplitude is high.
timesignal (42).uff,velocity_from_acceleration,mm/s,0.062500032,468.56274,0.27796378,0.268617181,Yes,bearing,Input shaft bearing 151,RE BSF/Rolling element,9,466.29,2.2727399,4.6629,Input shaft bearing 151 RE BSF/Rolling element H9 466.290 Hz,"4 sideband(s), spacing 8.125 Hz ~ Output shaft Wobbling (4.110 Hz)",Bearing characteristic match (secondary attention for this spectrum type): Input shaft bearing 151 RE BSF/Rolling element H9. Sidebands present with Output shaft Wobbling spacing.
timesignal (42).uff,velocity_from_acceleration,mm/s,0.062500032,476.687744,0.380847615,0.367977516,No,,,,,,,,,No clear sideband pattern,Significant peak; no table match within tolerance. Trend and inspect if amplitude is high.
timesignal (42).uff,velocity_from_acceleration,mm/s,0.062500032,484.812748,0.479098864,0.466400157,No,,,,,,,,,No clear sideband pattern,Significant peak; no table match within tolerance. Trend and inspect if amplitude is high.
timesignal (42).uff,velocity_from_acceleration,mm/s,0.062500032,557.500285,0.602476096,0.590903531,No,,,,,,,,,No clear sideband pattern,Significant peak; no table match within tolerance. Trend and inspect if amplitude is high.
timesignal (42).uff,velocity_from_acceleration,mm/s,0.062500032,662.750339,0.22383727,0.216979887,No,,,,,,,,,No clear sideband pattern,Significant peak; no table match within tolerance. Trend and inspect if amplitude is high.
timesignal (43).uff,velocity_from_acceleration,mm/s,0.062499968,0.62499968,0.538841446,0.470777046,No,,,,,,,,,No clear sideband pattern,Significant peak; no table match within tolerance. Trend and inspect if amplitude is high.
timesignal (43).uff,velocity_from_acceleration,mm/s,0.062499968,53.7499725,0.198591992,0.191804346,No,,,,,,,,,No clear sideband pattern,Significant peak; no table match within tolerance. Trend and inspect if amplitude is high.
timesignal (43).uff,velocity_from_acceleration,mm/s,0.062499968,55.8124714,0.788741995,0.778769396,Yes,bearing,Input shaft bearing 151,Cage FTF/Cage,8,55.44,0.372471424,0.5544,Input shaft bearing 151 Cage FTF/Cage H8 55.440 Hz,"3 sideband(s), spacing 55.750 Hz ~ Input shaft bearing 150 RE BSF/Rolling element (56.740 Hz)",Bearing characteristic match (secondary attention for this spectrum type): Input shaft bearing 151 Cage FTF/Cage H8. Sidebands present with Input shaft bearing 150 RE BSF/Rolling element spacing.
timesignal (43).uff,velocity_from_acceleration,mm/s,0.062499968,57.8749704,0.217133701,0.205768137,No,,,,,,,,,No clear sideband pattern,Significant peak; no table match within tolerance. Trend and inspect if amplitude is high.
timesignal (43).uff,velocity_from_acceleration,mm/s,0.062499968,59.9374693,0.225445422,0.215281584,No,,,,,,,,,No clear sideband pattern,Significant peak; no table match within tolerance. Trend and inspect if amplitude is high.
timesignal (43).uff,velocity_from_acceleration,mm/s,0.062499968,61.9999683,0.443810565,0.430718301,Yes,bearing,Input shaft bearing 151,Cage FTF/Cage,9,62.37,0.370031744,0.6237,Input shaft bearing 151 Cage FTF/Cage H9 62.370 Hz,"6 sideband(s), spacing 2.062 Hz ~ Output shaft Shaft rotation (2.050 Hz)",Bearing characteristic match (secondary attention for this spectrum type): Input shaft bearing 151 Cage FTF/Cage H9. Sidebands present with Output shaft Shaft rotation spacing.
timesignal (43).uff,velocity_from_acceleration,mm/s,0.062499968,64.0624672,0.25166316,0.234849416,Yes,bearing,Input shaft bearing 150,Cage FTF/Cage,9,63.99,0.0724672,0.6399,Input shaft bearing 150 Cage FTF/Cage H9 63.990 Hz; 2nd shaft bearing 350/351 RE BSF/Rolling element H3 64.440 Hz,"5 sideband(s), spacing 2.062 Hz ~ Output shaft Shaft rotation (2.050 Hz)",Bearing characteristic match (secondary attention for this spectrum type): Input shaft bearing 150 Cage FTF/Cage H9. Sidebands present with Output shaft Shaft rotation spacing.
timesignal (43).uff,velocity_from_acceleration,mm/s,0.062499968,68.1874651,0.409061032,0.392774505,Yes,bearing,Output shaft bearing 250,RE BSF/Rolling element,7,68.6,0.412534912,0.686,Output shaft bearing 250 RE BSF/Rolling element H7 68.600 Hz,"4 sideband(s), spacing 4.125 Hz ~ Output shaft Wobbling (4.110 Hz)",Bearing characteristic match (secondary attention for this spectrum type): Output shaft bearing 250 RE BSF/Rolling element H7. Sidebands present with Output shaft Wobbling spacing.
timesignal (43).uff,velocity_from_acceleration,mm/s,0.062499968,73.3749624,0.422585579,0.404944131,Yes,gear,2nd shaft,Shaft rotation,9,72.99,0.384962432,0.7299,2nd shaft Shaft rotation H9 72.990 Hz,"3 sideband(s), spacing 24.437 Hz ~ Output shaft bearing 250/251 OR BPFO/Outer race (23.980 Hz)",Gear characteristic match (primary attention for this spectrum type): 2nd shaft Shaft rotation H9. Sidebands present with Output shaft bearing 250/251 OR BPFO/Outer race spacing.
timesignal (43).uff,velocity_from_acceleration,mm/s,0.062499968,80.8749586,0.415662757,0.397092765,Yes,gear,2nd shaft,Wobbling,5,81.05,0.175041408,0.8105,2nd shaft Wobbling H5 81.050 Hz; 2nd shaft Shaft rotation H10 81.100 Hz,"4 sideband(s), spacing 3.750 Hz ~ Output shaft Wobbling (4.110 Hz)",Gear characteristic match (primary attention for this spectrum type): 2nd shaft Wobbling H5. Sidebands present with Output shaft Wobbling spacing.
timesignal (43).uff,velocity_from_acceleration,mm/s,0.062499968,88.9999544,0.219263861,0.204795572,Yes,bearing,Output shaft bearing 250/251,RE BSF/Rolling element,9,88.56,0.439954432,0.8856,Output shaft bearing 250/251 RE BSF/Rolling element H9 88.560 Hz; Output shaft bearing 250 IR BPFI/Inner race H3 88.350 Hz; Output shaft bearing 250/251 IR BPFI/Inner race H3 88.350 Hz; 2nd shaft bearing 350 RE BSF/Rolling element H4 88.200 Hz; Output shaft bearing 250 RE BSF/Rolling element H9 88.200 Hz,"5 sideband(s), spacing 33.187 Hz ~ Input/Motor shaft Wobbling (33.000 Hz)",Bearing characteristic match (secondary attention for this spectrum type): Output shaft bearing 250/251 RE BSF/Rolling element H9. Sidebands present with Input/Motor shaft Wobbling spacing.
timesignal (43).uff,velocity_from_acceleration,mm/s,0.062499968,109.499944,0.21864206,0.206475099,Yes,bearing,2nd shaft bearing 350,RE BSF/Rolling element,5,110.25,0.750056064,1.1025,2nd shaft bearing 350 RE BSF/Rolling element H5 110.250 Hz,"4 sideband(s), spacing 51.625 Hz ~ Input shaft bearing 151 RE BSF/Rolling element (51.810 Hz)",Bearing characteristic match (secondary attention for this spectrum type): 2nd shaft bearing 350 RE BSF/Rolling element H5. Sidebands present with Input shaft bearing 151 RE BSF/Rolling element spacing.
timesignal (43).uff,velocity_from_acceleration,mm/s,0.062499968,111.562443,2.21268394,2.19840372,No,,,,,,,,,No clear sideband pattern,Significant peak; no table match within tolerance. Trend and inspect if amplitude is high.
timesignal (43).uff,velocity_from_acceleration,mm/s,0.062499968,122.249937,0.459464718,0.447818124,No,,,,,,,,,No clear sideband pattern,Significant peak; no table match within tolerance. Trend and inspect if amplitude is high.
timesignal (43).uff,velocity_from_acceleration,mm/s,0.062499968,125.874936,0.626330933,0.612477134,Yes,bearing,Input shaft bearing 151,OR BPFO/Outer race,1,125.9,0.025064448,1.259,Input shaft bearing 151 OR BPFO/Outer race H1 125.900 Hz,"3 sideband(s), spacing 1.208 Hz ~ Output shaft bearing 250 Cage FTF/Cage (0.920 Hz)",Bearing characteristic match (secondary attention for this spectrum type): Input shaft bearing 151 OR BPFO/Outer race H1. Sidebands present with Output shaft bearing 250 Cage FTF/Cage spacing.
timesignal (43).uff,velocity_from_acceleration,mm/s,0.062499968,130.437433,0.349433849,0.336479416,Yes,gear,2nd shaft,Wobbling,8,129.68,0.757433216,1.2968,2nd shaft Wobbling H8 129.680 Hz,"4 sideband(s), spacing 23.187 Hz ~ Output shaft bearing 250 OR BPFO/Outer race (23.970 Hz)",Gear characteristic match (primary attention for this spectrum type): 2nd shaft Wobbling H8. Sidebands present with Output shaft bearing 250 OR BPFO/Outer race spacing.
timesignal (43).uff,velocity_from_acceleration,mm/s,0.062499968,145.437426,0.391926092,0.38296354,Yes,gear,Gear mesh,GMF Stage 2,1,145.89,0.452574464,1.4589,Gear mesh GMF Stage 2 H1 145.890 Hz; 2nd shaft Wobbling H9 145.890 Hz,"6 sideband(s), spacing 8.187 Hz ~ 2nd shaft Shaft rotation (8.110 Hz)",Gear characteristic match (primary attention for this spectrum type): Gear mesh GMF Stage 2 H1. Sidebands present with 2nd shaft Shaft rotation spacing.
timesignal (43).uff,velocity_from_acceleration,mm/s,0.062499968,153.624921,0.300002712,0.292806414,Yes,bearing,2nd shaft bearing 350,RE BSF/Rolling element,7,154.35,0.725078656,1.5435,2nd shaft bearing 350 RE BSF/Rolling element H7 154.350 Hz,"7 sideband(s), spacing 8.187 Hz ~ 2nd shaft Shaft rotation (8.110 Hz)",Bearing characteristic match (secondary attention for this spectrum type): 2nd shaft bearing 350 RE BSF/Rolling element H7. Sidebands present with 2nd shaft Shaft rotation spacing.
timesignal (43).uff,velocity_from_acceleration,mm/s,0.062499968,161.749917,0.184578636,0.177028478,Yes,gear,2nd shaft,Wobbling,10,162.1,0.350082816,1.621,2nd shaft Wobbling H10 162.100 Hz,"7 sideband(s), spacing 8.125 Hz ~ 2nd shaft Shaft rotation (8.110 Hz)",Gear characteristic match (primary attention for this spectrum type): 2nd shaft Wobbling H10. Sidebands present with 2nd shaft Shaft rotation spacing.
timesignal (43).uff,velocity_from_acceleration,mm/s,0.062499968,167.374914,0.274879259,0.266991961,Yes,bearing,Output shaft bearing 250,OR BPFO/Outer race,7,167.79,0.415085696,1.6779,Output shaft bearing 250 OR BPFO/Outer race H7 167.790 Hz; Output shaft bearing 250/251 OR BPFO/Outer race H7 167.860 Hz,"4 sideband(s), spacing 2.500 Hz ~ 2nd shaft bearing 350 Cage FTF/Cage (3.350 Hz)",Bearing characteristic match (secondary attention for this spectrum type): Output shaft bearing 250 OR BPFO/Outer race H7. Sidebands present with 2nd shaft bearing 350 Cage FTF/Cage spacing.
timesignal (43).uff,velocity_from_acceleration,mm/s,0.062499968,169.874913,0.638182812,0.627612267,Yes,bearing,Input shaft bearing 150,RE BSF/Rolling element,3,170.22,0.345086976,1.7022,Input shaft bearing 150 RE BSF/Rolling element H3 170.220 Hz; Input shaft bearing 150 IR BPFI/Inner race H1 169.110 Hz; Input shaft bearing 151 IR BPFI/Inner race H1 171.110 Hz,"6 sideband(s), spacing 8.187 Hz ~ 2nd shaft Shaft rotation (8.110 Hz)",Bearing characteristic match (secondary attention for this spectrum type): Input shaft bearing 150 RE BSF/Rolling element H3. Sidebands present with 2nd shaft Shaft rotation spacing.
timesignal (43).uff,velocity_from_acceleration,mm/s,0.062499968,178.062409,0.518551296,0.506741356,Yes,bearing,Output shaft bearing 250,IR BPFI/Inner race,6,176.7,1.36240883,1.767,Output shaft bearing 250 IR BPFI/Inner race H6 176.700 Hz; Output shaft bearing 250/251 IR BPFI/Inner race H6 176.700 Hz; 2nd shaft bearing 350 RE BSF/Rolling element H8 176.400 Hz,"7 sideband(s), spacing 8.187 Hz ~ 2nd shaft Shaft rotation (8.110 Hz)",Bearing characteristic match (secondary attention for this spectrum type): Output shaft bearing 250 IR BPFI/Inner race H6. Sidebands present with 2nd shaft Shaft rotation spacing.
timesignal (43).uff,velocity_from_acceleration,mm/s,0.062499968,186.187405,0.266771408,0.25130253,No,,,,,,,,,No clear sideband pattern,Significant peak; no table match within tolerance. Trend and inspect if amplitude is high.
timesignal (43).uff,velocity_from_acceleration,mm/s,0.062499968,194.3749,0.260439506,0.246996114,Yes,bearing,2nd shaft bearing 350/351,RE BSF/Rolling element,9,193.32,1.05490048,1.9332,2nd shaft bearing 350/351 RE BSF/Rolling element H9 193.320 Hz,"7 sideband(s), spacing 8.187 Hz ~ 2nd shaft Shaft rotation (8.110 Hz)",Bearing characteristic match (secondary attention for this spectrum type): 2nd shaft bearing 350/351 RE BSF/Rolling element H9. Sidebands present with 2nd shaft Shaft rotation spacing.
timesignal (43).uff,velocity_from_acceleration,mm/s,0.062499968,202.499896,0.267446077,0.25753081,Yes,bearing,2nd shaft bearing 350,OR BPFO/Outer race,4,200.92,1.57989632,2.0092,2nd shaft bearing 350 OR BPFO/Outer race H4 200.920 Hz,"6 sideband(s), spacing 8.125 Hz ~ 2nd shaft Shaft rotation (8.110 Hz)",Bearing characteristic match (secondary attention for this spectrum type): 2nd shaft bearing 350 OR BPFO/Outer race H4. Sidebands present with 2nd shaft Shaft rotation spacing.
timesignal (43).uff,velocity_from_acceleration,mm/s,0.062499968,218.812388,0.23896257,0.222300689,Yes,bearing,2nd shaft bearing 350,RE BSF/Rolling element,10,220.5,1.68761203,2.205,2nd shaft bearing 350 RE BSF/Rolling element H10 220.500 Hz,"7 sideband(s), spacing 24.437 Hz ~ Output shaft bearing 250/251 OR BPFO/Outer race (23.980 Hz)",Bearing characteristic match (secondary attention for this spectrum type): 2nd shaft bearing 350 RE BSF/Rolling element H10. Sidebands present with Output shaft bearing 250/251 OR BPFO/Outer race spacing.
timesignal (43).uff,velocity_from_acceleration,mm/s,0.062499968,226.312384,0.399545644,0.378139775,Yes,bearing,Input shaft bearing 150,RE BSF/Rolling element,4,226.96,0.647615872,2.2696,Input shaft bearing 150 RE BSF/Rolling element H4 226.960 Hz,"7 sideband(s), spacing 23.812 Hz ~ Output shaft bearing 250/251 OR BPFO/Outer race (23.980 Hz)",Bearing characteristic match (secondary attention for this spectrum type): Input shaft bearing 150 RE BSF/Rolling element H4. Sidebands present with Output shaft bearing 250/251 OR BPFO/Outer race spacing.
timesignal (43).uff,velocity_from_acceleration,mm/s,0.062499968,242.624876,0.202918563,0.19024516,No,,,,,,,,,No clear sideband pattern,Significant peak; no table match within tolerance. Trend and inspect if amplitude is high.
timesignal (43).uff,velocity_from_acceleration,mm/s,0.062499968,250.749872,0.747208972,0.734623315,Yes,bearing,2nd shaft bearing 350,OR BPFO/Outer race,5,251.15,0.400128384,2.5115,2nd shaft bearing 350 OR BPFO/Outer race H5 251.150 Hz; Input shaft bearing 151 OR BPFO/Outer race H2 251.800 Hz; 2nd shaft bearing 350/351 OR BPFO/Outer race H5 249.650 Hz,"5 sideband(s), spacing 24.437 Hz ~ Output shaft bearing 250/251 OR BPFO/Outer race (23.980 Hz)",Bearing characteristic match (secondary attention for this spectrum type): 2nd shaft bearing 350 OR BPFO/Outer race H5. Sidebands present with Output shaft bearing 250/251 OR BPFO/Outer race spacing.
timesignal (43).uff,velocity_from_acceleration,mm/s,0.062499968,258.937367,0.507016754,0.494515277,Yes,bearing,Input shaft bearing 151,RE BSF/Rolling element,5,259.05,0.112632576,2.5905,Input shaft bearing 151 RE BSF/Rolling element H5 259.050 Hz,"5 sideband(s), spacing 8.187 Hz ~ 2nd shaft Shaft rotation (8.110 Hz)",Bearing characteristic match (secondary attention for this spectrum type): Input shaft bearing 151 RE BSF/Rolling element H5. Sidebands present with 2nd shaft Shaft rotation spacing.
timesignal (43).uff,velocity_from_acceleration,mm/s,0.062499968,267.062363,0.310990773,0.297535694,Yes,bearing,Output shaft bearing 250,IR BPFI/Inner race,9,265.05,2.01236326,2.6505,Output shaft bearing 250 IR BPFI/Inner race H9 265.050 Hz; Output shaft bearing 250/251 IR BPFI/Inner race H9 265.050 Hz,"5 sideband(s), spacing 16.312 Hz ~ 2nd shaft Wobbling (16.210 Hz)",Bearing characteristic match (secondary attention for this spectrum type): Output shaft bearing 250 IR BPFI/Inner race H9. Sidebands present with 2nd shaft Wobbling spacing.
timesignal (43).uff,velocity_from_acceleration,mm/s,0.062499968,275.249859,0.290303284,0.277711929,No,,,,,,,,,No clear sideband pattern,Significant peak; no table match within tolerance. Trend and inspect if amplitude is high.
timesignal (43).uff,velocity_from_acceleration,mm/s,0.062499968,317.874837,0.196194391,0.187481577,No,,,,,,,,,No clear sideband pattern,Significant peak; no table match within tolerance. Trend and inspect if amplitude is high.
timesignal (43).uff,velocity_from_acceleration,mm/s,0.062499968,323.499834,0.230277844,0.223487241,No,,,,,,,,,No clear sideband pattern,Significant peak; no table match within tolerance. Trend and inspect if amplitude is high.
timesignal (43).uff,velocity_from_acceleration,mm/s,0.062499968,334.749829,0.201021868,0.193269735,No,,,,,,,,,No clear sideband pattern,Significant peak; no table match within tolerance. Trend and inspect if amplitude is high.
timesignal (44).uff,acceleration,m/s²,0.999999283,110.99992,1.49279823,1.4168055,Yes,bearing,2nd shaft bearing 350,RE BSF/Rolling element,5,110.25,0.749920435,1.99999857,2nd shaft bearing 350 RE BSF/Rolling element H5 110.250 Hz,No clear sideband pattern,Bearing characteristic match (primary attention for this spectrum type): 2nd shaft bearing 350 RE BSF/Rolling element H5. No clear sideband family detected from significant peaks.
timesignal (44).uff,acceleration,m/s²,0.999999283,249.999821,1.15569407,0.995455139,Yes,bearing,2nd shaft bearing 350/351,OR BPFO/Outer race,5,249.65,0.3498208,2.4965,2nd shaft bearing 350/351 OR BPFO/Outer race H5 249.650 Hz; 2nd shaft bearing 350 OR BPFO/Outer race H5 251.150 Hz; Input shaft bearing 151 OR BPFO/Outer race H2 251.800 Hz,No clear sideband pattern,Bearing characteristic match (primary attention for this spectrum type): 2nd shaft bearing 350/351 OR BPFO/Outer race H5. No clear sideband family detected from significant peaks.
timesignal (44).uff,acceleration,m/s²,0.999999283,475.999659,1.09687359,0.8789893,No,,,,,,,,,No clear sideband pattern,Significant peak; no table match within tolerance. Trend and inspect if amplitude is high.
timesignal (44).uff,acceleration,m/s²,0.999999283,483.999653,1.54510559,1.27464734,No,,,,,,,,,No clear sideband pattern,Significant peak; no table match within tolerance. Trend and inspect if amplitude is high.
timesignal (44).uff,acceleration,m/s²,0.999999283,556.999601,2.54814644,2.28114185,No,,,,,,,,,No clear sideband pattern,Significant peak; no table match within tolerance. Trend and inspect if amplitude is high.
timesignal (44).uff,acceleration,m/s²,0.999999283,661.999525,2.17018766,1.70688756,No,,,,,,,,,No clear sideband pattern,Significant peak; no table match within tolerance. Trend and inspect if amplitude is high.
timesignal (44).uff,acceleration,m/s²,0.999999283,726.999479,1.2291722,0.987593307,Yes,gear,Gear mesh,GMF Stage 2,5,729.45,2.45052111,7.2945,Gear mesh GMF Stage 2 H5 729.450 Hz,"4 sideband(s), spacing 8.000 Hz ~ Input shaft bearing 150 Cage FTF/Cage (7.110 Hz)",Gear characteristic match (secondary attention for this spectrum type): Gear mesh GMF Stage 2 H5. Sidebands present with Input shaft bearing 150 Cage FTF/Cage spacing.
timesignal (44).uff,acceleration,m/s²,0.999999283,734.999473,2.15674724,1.93222117,Yes,gear,Gear mesh,GMF Stage 2,5,729.45,5.54947315,7.2945,Gear mesh GMF Stage 2 H5 729.450 Hz,"5 sideband(s), spacing 8.000 Hz ~ Output shaft Wobbling (4.110 Hz)",Gear characteristic match (secondary attention for this spectrum type): Gear mesh GMF Stage 2 H5. Sidebands present with Output shaft Wobbling spacing.
timesignal (44).uff,acceleration,m/s²,0.999999283,753.99946,1.97563352,1.68408797,Yes,bearing,Input shaft bearing 151,OR BPFO/Outer race,6,755.4,1.40054047,7.554,Input shaft bearing 151 OR BPFO/Outer race H6 755.400 Hz,"3 sideband(s), spacing 9.500 Hz ~ Input shaft bearing 151 Cage FTF/Cage (6.930 Hz)",Bearing characteristic match (primary attention for this spectrum type): Input shaft bearing 151 OR BPFO/Outer race H6. Sidebands present with Input shaft bearing 151 Cage FTF/Cage spacing.
timesignal (44).uff,acceleration,m/s²,0.999999283,2010.99856,1.21634177,0.991113101,No,,,,,,,,,No clear sideband pattern,Significant peak; no table match within tolerance. Trend and inspect if amplitude is high.
timesignal (44).uff,acceleration,m/s²,0.999999283,2135.99847,1.70521096,1.24308164,No,,,,,,,,,No clear sideband pattern,Significant peak; no table match within tolerance. Trend and inspect if amplitude is high.
timesignal (45).uff,envelope,m/s²,0.0999756859,1.29968392,0.284631597,0.198499961,No,,,,,,,,,No clear sideband pattern,Significant peak; no table match within tolerance. Trend and inspect if amplitude is high.
timesignal (45).uff,envelope,m/s²,0.0999756859,8.09803056,0.839911689,0.774967672,Yes,gear,2nd shaft,Shaft rotation,1,8.11,0.011969441,0.199951372,2nd shaft Shaft rotation H1 8.110 Hz; Output shaft Shaft rotation H4 8.200 Hz; Output shaft Wobbling H2 8.220 Hz; Output shaft bearing 250 Cage FTF/Cage H9 8.280 Hz; Output shaft bearing 250/251 Cage FTF/Cage H9 8.280 Hz,"4 sideband(s), spacing 8.198 Hz ~ 2nd shaft Shaft rotation (8.110 Hz)",Gear characteristic match (secondary attention for this spectrum type): 2nd shaft Shaft rotation H1. Sidebands present with 2nd shaft Shaft rotation spacing.
timesignal (45).uff,envelope,m/s²,0.0999756859,16.2960368,0.358498355,0.293781741,Yes,gear,2nd shaft,Shaft rotation,2,16.22,0.0760368038,0.199951372,2nd shaft Shaft rotation H2 16.220 Hz; 2nd shaft Wobbling H1 16.210 Hz; Output shaft Shaft rotation H8 16.400 Hz; Output shaft Wobbling H4 16.440 Hz,"4 sideband(s), spacing 8.198 Hz ~ 2nd shaft Shaft rotation (8.110 Hz)",Gear characteristic match (secondary attention for this spectrum type): 2nd shaft Shaft rotation H2. Sidebands present with 2nd shaft Shaft rotation spacing.
timesignal (45).uff,envelope,m/s²,0.0999756859,24.3940674,0.442612949,0.371264412,Yes,gear,2nd shaft,Shaft rotation,3,24.33,0.0640673628,0.2433,2nd shaft Shaft rotation H3 24.330 Hz,"4 sideband(s), spacing 8.098 Hz ~ 2nd shaft Shaft rotation (8.110 Hz)",Gear characteristic match (secondary attention for this spectrum type): 2nd shaft Shaft rotation H3. Sidebands present with 2nd shaft Shaft rotation spacing.
timesignal (45).uff,envelope,m/s²,0.0999756859,32.4920979,0.56119336,0.480561663,Yes,gear,2nd shaft,Shaft rotation,4,32.44,0.0520979218,0.3244,2nd shaft Shaft rotation H4 32.440 Hz; 2nd shaft Wobbling H2 32.420 Hz,"4 sideband(s), spacing 8.098 Hz ~ 2nd shaft Shaft rotation (8.110 Hz)",Gear characteristic match (secondary attention for this spectrum type): 2nd shaft Shaft rotation H4. Sidebands present with 2nd shaft Shaft rotation spacing.
timesignal (45).uff,envelope,m/s²,0.0999756859,40.6901042,0.337062492,0.257724301,Yes,gear,2nd shaft,Shaft rotation,5,40.55,0.140104167,0.4055,2nd shaft Shaft rotation H5 40.550 Hz; Output shaft Wobbling H10 41.100 Hz,"5 sideband(s), spacing 8.198 Hz ~ 2nd shaft Shaft rotation (8.110 Hz)",Gear characteristic match (secondary attention for this spectrum type): 2nd shaft Shaft rotation H5. Sidebands present with 2nd shaft Shaft rotation spacing.
timesignal (45).uff,envelope,m/s²,0.0999756859,48.1882806,0.418446605,0.360419018,Yes,bearing,Output shaft bearing 250/251,OR BPFO/Outer race,2,47.96,0.22828061,0.4796,Output shaft bearing 250/251 OR BPFO/Outer race H2 47.960 Hz; Output shaft bearing 250 OR BPFO/Outer race H2 47.940 Hz; Input shaft bearing 151 Cage FTF/Cage H7 48.510 Hz; 2nd shaft Wobbling H3 48.630 Hz; 2nd shaft Shaft rotation H6 48.660 Hz,"2 sideband(s), spacing 8.131 Hz ~ 2nd shaft Shaft rotation (8.110 Hz)",Bearing characteristic match (primary attention for this spectrum type): Output shaft bearing 250/251 OR BPFO/Outer race H2. Sidebands present with 2nd shaft Shaft rotation spacing.
timesignal (45).uff,envelope,m/s²,0.0999756859,72.582348,0.325045633,0.265234185,Yes,gear,2nd shaft,Shaft rotation,9,72.99,0.407652027,0.7299,2nd shaft Shaft rotation H9 72.990 Hz; Output shaft bearing 250/251 OR BPFO/Outer race H3 71.940 Hz; Output shaft bearing 250 OR BPFO/Outer race H3 71.910 Hz,"3 sideband(s), spacing 8.098 Hz ~ 2nd shaft Shaft rotation (8.110 Hz)",Gear characteristic match (secondary attention for this spectrum type): 2nd shaft Shaft rotation H9. Sidebands present with 2nd shaft Shaft rotation spacing.
timesignal (45).uff,envelope,m/s²,0.0999756859,80.6803785,0.731919142,0.680830347,Yes,gear,2nd shaft,Wobbling,5,81.05,0.369621468,0.8105,2nd shaft Wobbling H5 81.050 Hz; 2nd shaft Shaft rotation H10 81.100 Hz,"3 sideband(s), spacing 8.098 Hz ~ 2nd shaft Shaft rotation (8.110 Hz)",Gear characteristic match (secondary attention for this spectrum type): 2nd shaft Wobbling H5. Sidebands present with 2nd shaft Shaft rotation spacing.
timesignal (45).uff,envelope,m/s²,0.0999756859,88.7784091,0.700355386,0.646057532,Yes,bearing,Output shaft bearing 250/251,RE BSF/Rolling element,9,88.56,0.218409091,0.8856,Output shaft bearing 250/251 RE BSF/Rolling element H9 88.560 Hz; Output shaft bearing 250 IR BPFI/Inner race H3 88.350 Hz; Output shaft bearing 250/251 IR BPFI/Inner race H3 88.350 Hz; 2nd shaft bearing 350 RE BSF/Rolling element H4 88.200 Hz; Output shaft bearing 250 RE BSF/Rolling element H9 88.200 Hz,"3 sideband(s), spacing 24.044 Hz ~ Output shaft bearing 250/251 OR BPFO/Outer race (23.980 Hz)",Bearing characteristic match (primary attention for this spectrum type): Output shaft bearing 250/251 RE BSF/Rolling element H9. Sidebands present with Output shaft bearing 250/251 OR BPFO/Outer race spacing.
timesignal (45).uff,envelope,m/s²,0.0999756859,125.569462,0.43594214,0.373687633,Yes,bearing,Input shaft bearing 151,OR BPFO/Outer race,1,125.9,0.330538493,1.259,Input shaft bearing 151 OR BPFO/Outer race H1 125.900 Hz,"2 sideband(s), spacing 22.445 Hz ~ 2nd shaft bearing 350 RE BSF/Rolling element (22.050 Hz)",Bearing characteristic match (primary attention for this spectrum type): Input shaft bearing 151 OR BPFO/Outer race H1. Sidebands present with 2nd shaft bearing 350 RE BSF/Rolling element spacing.
timesignal (45).uff,envelope,m/s²,0.0999756859,136.96669,0.312156447,0.263671176,No,,,,,,,,,No clear sideband pattern,Significant peak; no table match within tolerance. Trend and inspect if amplitude is high.
timesignal (45).uff,envelope,m/s²,0.0999756859,161.360757,0.286603852,0.249274927,Yes,gear,2nd shaft,Wobbling,10,162.1,0.739242936,1.621,2nd shaft Wobbling H10 162.100 Hz,"3 sideband(s), spacing 8.098 Hz ~ 2nd shaft Shaft rotation (8.110 Hz)",Gear characteristic match (secondary attention for this spectrum type): 2nd shaft Wobbling H10. Sidebands present with 2nd shaft Shaft rotation spacing.
timesignal (45).uff,envelope,m/s²,0.0999756859,169.458788,0.244708428,0.204757668,Yes,bearing,Input shaft bearing 150,IR BPFI/Inner race,1,169.11,0.348787623,1.6911,Input shaft bearing 150 IR BPFI/Inner race H1 169.110 Hz; Input shaft bearing 150 RE BSF/Rolling element H3 170.220 Hz; Output shaft bearing 250/251 OR BPFO/Outer race H7 167.860 Hz; Input shaft bearing 151 IR BPFI/Inner race H1 171.110 Hz; Output shaft bearing 250 OR BPFO/Outer race H7 167.790 Hz,"3 sideband(s), spacing 8.098 Hz ~ 2nd shaft Shaft rotation (8.110 Hz)",Bearing characteristic match (primary attention for this spectrum type): Input shaft bearing 150 IR BPFI/Inner race H1. Sidebands present with 2nd shaft Shaft rotation spacing.
timesignal (45).uff,envelope,m/s²,0.0999756859,177.656794,0.361046935,0.317100279,Yes,bearing,Output shaft bearing 250,IR BPFI/Inner race,6,176.7,0.956793868,1.767,Output shaft bearing 250 IR BPFI/Inner race H6 176.700 Hz; Output shaft bearing 250/251 IR BPFI/Inner race H6 176.700 Hz; 2nd shaft bearing 350 RE BSF/Rolling element H8 176.400 Hz,"2 sideband(s), spacing 4.099 Hz ~ Output shaft Wobbling (4.110 Hz)",Bearing characteristic match (primary attention for this spectrum type): Output shaft bearing 250 IR BPFI/Inner race H6. Sidebands present with Output shaft Wobbling spacing.
timesignal (45).uff,envelope,m/s²,0.0999756859,314.523508,0.26560614,0.231286071,No,,,,,,,,,No clear sideband pattern,Significant peak; no table match within tolerance. Trend and inspect if amplitude is high.
timesignal (46).uff,envelope,m/s²,0.062500032,8.12500416,0.616955456,0.558698679,Yes,gear,2nd shaft,Shaft rotation,1,8.11,0.01500416,0.125000064,2nd shaft Shaft rotation H1 8.110 Hz; Output shaft Shaft rotation H4 8.200 Hz; Output shaft Wobbling H2 8.220 Hz,"2 sideband(s), spacing 8.125 Hz ~ 2nd shaft Shaft rotation (8.110 Hz)",Gear characteristic match (secondary attention for this spectrum type): 2nd shaft Shaft rotation H1. Sidebands present with 2nd shaft Shaft rotation spacing.
timesignal (46).uff,envelope,m/s²,0.062500032,16.2500083,0.33668023,0.281841106,Yes,gear,2nd shaft,Shaft rotation,2,16.22,0.03000832,0.1622,2nd shaft Shaft rotation H2 16.220 Hz; 2nd shaft Wobbling H1 16.210 Hz; Output shaft Shaft rotation H8 16.400 Hz,"3 sideband(s), spacing 16.313 Hz ~ 2nd shaft Wobbling (16.210 Hz)",Gear characteristic match (secondary attention for this spectrum type): 2nd shaft Shaft rotation H2. Sidebands present with 2nd shaft Wobbling spacing.
timesignal (46).uff,envelope,m/s²,0.062500032,32.5625167,0.425813578,0.384626798,Yes,gear,2nd shaft,Shaft rotation,4,32.44,0.122516672,0.3244,2nd shaft Shaft rotation H4 32.440 Hz; 2nd shaft Wobbling H2 32.420 Hz; Output shaft Wobbling H8 32.880 Hz,"2 sideband(s), spacing 8.156 Hz ~ 2nd shaft Shaft rotation (8.110 Hz)",Gear characteristic match (secondary attention for this spectrum type): 2nd shaft Shaft rotation H4. Sidebands present with 2nd shaft Shaft rotation spacing.
timesignal (46).uff,envelope,m/s²,0.062500032,48.1875247,0.358737257,0.313823778,Yes,bearing,Output shaft bearing 250/251,OR BPFO/Outer race,2,47.96,0.227524672,0.4796,Output shaft bearing 250/251 OR BPFO/Outer race H2 47.960 Hz; Output shaft bearing 250 OR BPFO/Outer race H2 47.940 Hz; Input shaft bearing 151 Cage FTF/Cage H7 48.510 Hz; 2nd shaft Wobbling H3 48.630 Hz; 2nd shaft Shaft rotation H6 48.660 Hz,"2 sideband(s), spacing 8.125 Hz ~ 2nd shaft Shaft rotation (8.110 Hz)",Bearing characteristic match (primary attention for this spectrum type): Output shaft bearing 250/251 OR BPFO/Outer race H2. Sidebands present with 2nd shaft Shaft rotation spacing.
timesignal (46).uff,envelope,m/s²,0.062500032,56.3125288,0.258476242,0.214858669,Yes,bearing,Input shaft bearing 150,RE BSF/Rolling element,1,56.74,0.427471168,0.5674,Input shaft bearing 150 RE BSF/Rolling element H1 56.740 Hz; 2nd shaft Shaft rotation H7 56.770 Hz; Input shaft bearing 150 Cage FTF/Cage H8 56.880 Hz,"3 sideband(s), spacing 8.125 Hz ~ 2nd shaft Shaft rotation (8.110 Hz)",Bearing characteristic match (primary attention for this spectrum type): Input shaft bearing 150 RE BSF/Rolling element H1. Sidebands present with 2nd shaft Shaft rotation spacing.
timesignal (46).uff,envelope,m/s²,0.062500032,80.6875413,0.373340582,0.342232648,Yes,gear,2nd shaft,Wobbling,5,81.05,0.362458688,0.8105,2nd shaft Wobbling H5 81.050 Hz; 2nd shaft Shaft rotation H10 81.100 Hz,"3 sideband(s), spacing 8.125 Hz ~ 2nd shaft Shaft rotation (8.110 Hz)",Gear characteristic match (secondary attention for this spectrum type): 2nd shaft Wobbling H5. Sidebands present with 2nd shaft Shaft rotation spacing.
timesignal (46).uff,envelope,m/s²,0.062500032,88.8125455,0.313181929,0.270931556,Yes,bearing,Output shaft bearing 250/251,RE BSF/Rolling element,9,88.56,0.252545472,0.8856,Output shaft bearing 250/251 RE BSF/Rolling element H9 88.560 Hz; Output shaft bearing 250 IR BPFI/Inner race H3 88.350 Hz; Output shaft bearing 250/251 IR BPFI/Inner race H3 88.350 Hz; 2nd shaft bearing 350 RE BSF/Rolling element H4 88.200 Hz; Output shaft bearing 250 RE BSF/Rolling element H9 88.200 Hz,"2 sideband(s), spacing 8.125 Hz ~ 2nd shaft Shaft rotation (8.110 Hz)",Bearing characteristic match (primary attention for this spectrum type): Output shaft bearing 250/251 RE BSF/Rolling element H9. Sidebands present with 2nd shaft Shaft rotation spacing.
timesignal (46).uff,envelope,m/s²,0.062500032,161.437583,0.272085568,0.245579562,Yes,gear,2nd shaft,Wobbling,10,162.1,0.662417344,1.621,2nd shaft Wobbling H10 162.100 Hz,No clear sideband pattern,Gear characteristic match (secondary attention for this spectrum type): 2nd shaft Wobbling H10. No clear sideband family detected from significant peaks.
timesignal (47).uff,velocity_from_acceleration,mm/s,0.062500032,0.687500352,2.76472527,2.2076281,No,,,,,,,,,No clear sideband pattern,Significant peak; no table match within tolerance. Trend and inspect if amplitude is high.
timesignal (47).uff,velocity_from_acceleration,mm/s,0.062500032,49.5625254,0.409635094,0.401674919,Yes,gear,Input/Motor shaft,Shaft rotation,3,49.5,0.062525376,0.495,Input/Motor shaft Shaft rotation H3 49.500 Hz; Input shaft bearing 150 Cage FTF/Cage H7 49.770 Hz; 2nd shaft bearing 350/351 OR BPFO/Outer race H1 49.930 Hz; Output shaft bearing 250/251 RE BSF/Rolling element H5 49.200 Hz,"3 sideband(s), spacing 8.250 Hz ~ 2nd shaft Shaft rotation (8.110 Hz)",Gear characteristic match (primary attention for this spectrum type): Input/Motor shaft Shaft rotation H3. Sidebands present with 2nd shaft Shaft rotation spacing.
timesignal (47).uff,velocity_from_acceleration,mm/s,0.062500032,55.7500285,1.1876548,1.1719863,Yes,bearing,Input shaft bearing 151,Cage FTF/Cage,8,55.44,0.310028544,0.5544,Input shaft bearing 151 Cage FTF/Cage H8 55.440 Hz,"2 sideband(s), spacing 55.750 Hz ~ Input shaft bearing 150 RE BSF/Rolling element (56.740 Hz)",Bearing characteristic match (secondary attention for this spectrum type): Input shaft bearing 151 Cage FTF/Cage H8. Sidebands present with Input shaft bearing 150 RE BSF/Rolling element spacing.
timesignal (47).uff,velocity_from_acceleration,mm/s,0.062500032,57.8125296,0.261899115,0.247765211,No,,,,,,,,,No clear sideband pattern,Significant peak; no table match within tolerance. Trend and inspect if amplitude is high.
timesignal (47).uff,velocity_from_acceleration,mm/s,0.062500032,59.8750307,0.275889957,0.262368614,No,,,,,,,,,No clear sideband pattern,Significant peak; no table match within tolerance. Trend and inspect if amplitude is high.
timesignal (47).uff,velocity_from_acceleration,mm/s,0.062500032,61.9375317,0.766931084,0.747740223,Yes,bearing,Input shaft bearing 151,Cage FTF/Cage,9,62.37,0.432468288,0.6237,Input shaft bearing 151 Cage FTF/Cage H9 62.370 Hz,"4 sideband(s), spacing 2.063 Hz ~ Output shaft Shaft rotation (2.050 Hz)",Bearing characteristic match (secondary attention for this spectrum type): Input shaft bearing 151 Cage FTF/Cage H9. Sidebands present with Output shaft Shaft rotation spacing.
timesignal (47).uff,velocity_from_acceleration,mm/s,0.062500032,64.0000328,0.346887268,0.330230439,Yes,bearing,Input shaft bearing 150,Cage FTF/Cage,9,63.99,0.010032768,0.6399,Input shaft bearing 150 Cage FTF/Cage H9 63.990 Hz; 2nd shaft bearing 350/351 RE BSF/Rolling element H3 64.440 Hz,"5 sideband(s), spacing 2.063 Hz ~ Output shaft Shaft rotation (2.050 Hz)",Bearing characteristic match (secondary attention for this spectrum type): Input shaft bearing 150 Cage FTF/Cage H9. Sidebands present with Output shaft Shaft rotation spacing.
timesignal (47).uff,velocity_from_acceleration,mm/s,0.062500032,68.1250349,0.448168711,0.429496605,Yes,bearing,Output shaft bearing 250,RE BSF/Rolling element,7,68.6,0.47496512,0.686,Output shaft bearing 250 RE BSF/Rolling element H7 68.600 Hz,"3 sideband(s), spacing 2.063 Hz ~ Output shaft Shaft rotation (2.050 Hz)",Bearing characteristic match (secondary attention for this spectrum type): Output shaft bearing 250 RE BSF/Rolling element H7. Sidebands present with Output shaft Shaft rotation spacing.
timesignal (47).uff,velocity_from_acceleration,mm/s,0.062500032,73.3125375,0.296000088,0.275184814,Yes,gear,2nd shaft,Shaft rotation,9,72.99,0.322537536,0.7299,2nd shaft Shaft rotation H9 72.990 Hz,"3 sideband(s), spacing 23.750 Hz ~ Output shaft bearing 250/251 OR BPFO/Outer race (23.980 Hz)",Gear characteristic match (primary attention for this spectrum type): 2nd shaft Shaft rotation H9. Sidebands present with Output shaft bearing 250/251 OR BPFO/Outer race spacing.
timesignal (47).uff,velocity_from_acceleration,mm/s,0.062500032,81.4375417,0.307878233,0.290636341,Yes,gear,2nd shaft,Shaft rotation,10,81.1,0.337541696,0.811,2nd shaft Shaft rotation H10 81.100 Hz; 2nd shaft Wobbling H5 81.050 Hz,"3 sideband(s), spacing 23.625 Hz ~ Output shaft bearing 250/251 OR BPFO/Outer race (23.980 Hz)",Gear characteristic match (primary attention for this spectrum type): 2nd shaft Shaft rotation H10. Sidebands present with Output shaft bearing 250/251 OR BPFO/Outer race spacing.
timesignal (47).uff,velocity_from_acceleration,mm/s,0.062500032,111.500057,1.08127369,1.07149284,No,,,,,,,,,No clear sideband pattern,Significant peak; no table match within tolerance. Trend and inspect if amplitude is high.
timesignal (47).uff,velocity_from_acceleration,mm/s,0.062500032,125.375064,0.399001925,0.390873372,Yes,bearing,Input shaft bearing 151,OR BPFO/Outer race,1,125.9,0.524935808,1.259,Input shaft bearing 151 OR BPFO/Outer race H1 125.900 Hz,"3 sideband(s), spacing 6.938 Hz ~ Input shaft bearing 151 Cage FTF/Cage (6.930 Hz)",Bearing characteristic match (secondary attention for this spectrum type): Input shaft bearing 151 OR BPFO/Outer race H1. Sidebands present with Input shaft bearing 151 Cage FTF/Cage spacing.
timesignal (47).uff,velocity_from_acceleration,mm/s,0.062500032,145.375074,0.461002395,0.448005356,Yes,gear,Gear mesh,GMF Stage 2,1,145.89,0.514925568,1.4589,Gear mesh GMF Stage 2 H1 145.890 Hz; 2nd shaft Wobbling H9 145.890 Hz,"5 sideband(s), spacing 24.438 Hz ~ Output shaft bearing 250/251 OR BPFO/Outer race (23.980 Hz)",Gear characteristic match (primary attention for this spectrum type): Gear mesh GMF Stage 2 H1. Sidebands present with Output shaft bearing 250/251 OR BPFO/Outer race spacing.
timesignal (47).uff,velocity_from_acceleration,mm/s,0.062500032,153.500079,0.409810537,0.400104164,Yes,bearing,2nd shaft bearing 350,RE BSF/Rolling element,7,154.35,0.849921408,1.5435,2nd shaft bearing 350 RE BSF/Rolling element H7 154.350 Hz,"5 sideband(s), spacing 24.438 Hz ~ Output shaft bearing 250/251 OR BPFO/Outer race (23.980 Hz)",Bearing characteristic match (secondary attention for this spectrum type): 2nd shaft bearing 350 RE BSF/Rolling element H7. Sidebands present with Output shaft bearing 250/251 OR BPFO/Outer race spacing.
timesignal (47).uff,velocity_from_acceleration,mm/s,0.062500032,169.812587,0.706735837,0.698384676,Yes,bearing,Input shaft bearing 150,RE BSF/Rolling element,3,170.22,0.407413056,1.7022,Input shaft bearing 150 RE BSF/Rolling element H3 170.220 Hz; Input shaft bearing 150 IR BPFI/Inner race H1 169.110 Hz; Input shaft bearing 151 IR BPFI/Inner race H1 171.110 Hz,"6 sideband(s), spacing 8.125 Hz ~ 2nd shaft Shaft rotation (8.110 Hz)",Bearing characteristic match (secondary attention for this spectrum type): Input shaft bearing 150 RE BSF/Rolling element H3. Sidebands present with 2nd shaft Shaft rotation spacing.
timesignal (47).uff,velocity_from_acceleration,mm/s,0.062500032,177.937591,0.352806117,0.343203249,Yes,bearing,Output shaft bearing 250,IR BPFI/Inner race,6,176.7,1.2375911,1.767,Output shaft bearing 250 IR BPFI/Inner race H6 176.700 Hz; Output shaft bearing 250/251 IR BPFI/Inner race H6 176.700 Hz; 2nd shaft bearing 350 RE BSF/Rolling element H8 176.400 Hz,"6 sideband(s), spacing 8.125 Hz ~ 2nd shaft Shaft rotation (8.110 Hz)",Bearing characteristic match (secondary attention for this spectrum type): Output shaft bearing 250 IR BPFI/Inner race H6. Sidebands present with 2nd shaft Shaft rotation spacing.
timesignal (47).uff,velocity_from_acceleration,mm/s,0.062500032,186.062595,0.248945781,0.234872524,No,,,,,,,,,No clear sideband pattern,Significant peak; no table match within tolerance. Trend and inspect if amplitude is high.
timesignal (47).uff,velocity_from_acceleration,mm/s,0.062500032,194.250099,0.282139696,0.270232082,Yes,bearing,2nd shaft bearing 350/351,RE BSF/Rolling element,9,193.32,0.930099456,1.9332,2nd shaft bearing 350/351 RE BSF/Rolling element H9 193.320 Hz,"4 sideband(s), spacing 8.188 Hz ~ 2nd shaft Shaft rotation (8.110 Hz)",Bearing characteristic match (secondary attention for this spectrum type): 2nd shaft bearing 350/351 RE BSF/Rolling element H9. Sidebands present with 2nd shaft Shaft rotation spacing.
timesignal (47).uff,velocity_from_acceleration,mm/s,0.062500032,202.375104,0.272924745,0.264381185,Yes,bearing,2nd shaft bearing 350,OR BPFO/Outer race,4,200.92,1.45510362,2.0092,2nd shaft bearing 350 OR BPFO/Outer race H4 200.920 Hz,"6 sideband(s), spacing 16.313 Hz ~ 2nd shaft Wobbling (16.210 Hz)",Bearing characteristic match (secondary attention for this spectrum type): 2nd shaft bearing 350 OR BPFO/Outer race H4. Sidebands present with 2nd shaft Wobbling spacing.
timesignal (47).uff,velocity_from_acceleration,mm/s,0.062500032,234.31262,0.539116795,0.519507526,Yes,bearing,Output shaft bearing 250,IR BPFI/Inner race,8,235.6,1.28738003,2.356,Output shaft bearing 250 IR BPFI/Inner race H8 235.600 Hz; Output shaft bearing 250/251 IR BPFI/Inner race H8 235.600 Hz,"5 sideband(s), spacing 8.188 Hz ~ 2nd shaft Shaft rotation (8.110 Hz)",Bearing characteristic match (secondary attention for this spectrum type): Output shaft bearing 250 IR BPFI/Inner race H8. Sidebands present with 2nd shaft Shaft rotation spacing.
timesignal (47).uff,velocity_from_acceleration,mm/s,0.062500032,242.500124,0.474212763,0.457359213,No,,,,,,,,,No clear sideband pattern,Significant peak; no table match within tolerance. Trend and inspect if amplitude is high.
timesignal (47).uff,velocity_from_acceleration,mm/s,0.062500032,250.625128,0.977612374,0.958395988,Yes,bearing,2nd shaft bearing 350,OR BPFO/Outer race,5,251.15,0.52487168,2.5115,2nd shaft bearing 350 OR BPFO/Outer race H5 251.150 Hz; 2nd shaft bearing 350/351 OR BPFO/Outer race H5 249.650 Hz; Input shaft bearing 151 OR BPFO/Outer race H2 251.800 Hz,"4 sideband(s), spacing 8.125 Hz ~ 2nd shaft Shaft rotation (8.110 Hz)",Bearing characteristic match (secondary attention for this spectrum type): 2nd shaft bearing 350 OR BPFO/Outer race H5. Sidebands present with 2nd shaft Shaft rotation spacing.
timesignal (47).uff,velocity_from_acceleration,mm/s,0.062500032,258.750132,0.710735319,0.694551698,Yes,bearing,Input shaft bearing 151,RE BSF/Rolling element,5,259.05,0.29986752,2.5905,Input shaft bearing 151 RE BSF/Rolling element H5 259.050 Hz,"5 sideband(s), spacing 8.125 Hz ~ 2nd shaft Shaft rotation (8.110 Hz)",Bearing characteristic match (secondary attention for this spectrum type): Input shaft bearing 151 RE BSF/Rolling element H5. Sidebands present with 2nd shaft Shaft rotation spacing.
timesignal (47).uff,velocity_from_acceleration,mm/s,0.062500032,266.937637,0.467550325,0.448353732,Yes,bearing,Output shaft bearing 250,IR BPFI/Inner race,9,265.05,1.88763667,2.6505,Output shaft bearing 250 IR BPFI/Inner race H9 265.050 Hz; Output shaft bearing 250/251 IR BPFI/Inner race H9 265.050 Hz,"5 sideband(s), spacing 8.188 Hz ~ 2nd shaft Shaft rotation (8.110 Hz)",Bearing characteristic match (secondary attention for this spectrum type): Output shaft bearing 250 IR BPFI/Inner race H9. Sidebands present with 2nd shaft Shaft rotation spacing.
timesignal (47).uff,velocity_from_acceleration,mm/s,0.062500032,275.062641,0.254369883,0.237854685,No,,,,,,,,,No clear sideband pattern,Significant peak; no table match within tolerance. Trend and inspect if amplitude is high.
timesignal (47).uff,velocity_from_acceleration,mm/s,0.062500032,323.312666,0.636751232,0.621456888,No,,,,,,,,,No clear sideband pattern,Significant peak; no table match within tolerance. Trend and inspect if amplitude is high.
timesignal (47).uff,velocity_from_acceleration,mm/s,0.062500032,396.000203,0.624254541,0.601825008,Yes,bearing,Input shaft bearing 150,RE BSF/Rolling element,7,397.18,1.17979725,3.9718,Input shaft bearing 150 RE BSF/Rolling element H7 397.180 Hz; 2nd shaft bearing 350/351 OR BPFO/Outer race H8 399.440 Hz,"3 sideband(s), spacing 24.229 Hz ~ Output shaft bearing 250/251 OR BPFO/Outer race (23.980 Hz)",Bearing characteristic match (secondary attention for this spectrum type): Input shaft bearing 150 RE BSF/Rolling element H7. Sidebands present with Output shaft bearing 250/251 OR BPFO/Outer race spacing.
timesignal (47).uff,velocity_from_acceleration,mm/s,0.062500032,456.187734,0.286666435,0.267779285,Yes,bearing,Input shaft bearing 150,RE BSF/Rolling element,8,453.92,2.26773357,4.5392,Input shaft bearing 150 RE BSF/Rolling element H8 453.920 Hz; 2nd shaft bearing 350 OR BPFO/Outer race H9 452.070 Hz,"4 sideband(s), spacing 36.938 Hz ~ Input/Motor shaft Wobbling (33.000 Hz)",Bearing characteristic match (secondary attention for this spectrum type): Input shaft bearing 150 RE BSF/Rolling element H8. Sidebands present with Input/Motor shaft Wobbling spacing.
timesignal (47).uff,velocity_from_acceleration,mm/s,0.062500032,464.312738,0.395461706,0.37697487,Yes,bearing,Input shaft bearing 151,RE BSF/Rolling element,9,466.29,1.97726227,4.6629,Input shaft bearing 151 RE BSF/Rolling element H9 466.290 Hz; Gear mesh GMF Stage 1 H1 462.000 Hz,"4 sideband(s), spacing 68.313 Hz ~ 2nd shaft bearing 350 IR BPFI/Inner race (71.350 Hz)",Bearing characteristic match (secondary attention for this spectrum type): Input shaft bearing 151 RE BSF/Rolling element H9. Sidebands present with 2nd shaft bearing 350 IR BPFI/Inner race spacing.
timesignal (47).uff,velocity_from_acceleration,mm/s,0.062500032,493.125252,0.258401185,0.24549592,No,,,,,,,,,No clear sideband pattern,Significant peak; no table match within tolerance. Trend and inspect if amplitude is high.
timesignal (47).uff,velocity_from_acceleration,mm/s,0.062500032,501.250257,0.522635902,0.506670213,Yes,bearing,2nd shaft bearing 350/351,IR BPFI/Inner race,7,501.55,0.29974336,5.0155,2nd shaft bearing 350/351 IR BPFI/Inner race H7 501.550 Hz; 2nd shaft bearing 350 OR BPFO/Outer race H10 502.300 Hz; 2nd shaft bearing 350 IR BPFI/Inner race H7 499.450 Hz; 2nd shaft bearing 350/351 OR BPFO/Outer race H10 499.300 Hz; Input shaft bearing 151 OR BPFO/Outer race H4 503.600 Hz,"4 sideband(s), spacing 8.125 Hz ~ Output shaft Wobbling (4.110 Hz)",Bearing characteristic match (secondary attention for this spectrum type): 2nd shaft bearing 350/351 IR BPFI/Inner race H7. Sidebands present with Output shaft Wobbling spacing.
timesignal (47).uff,velocity_from_acceleration,mm/s,0.062500032,520.062766,0.276958479,0.258105788,Yes,bearing,Input shaft bearing 151,RE BSF/Rolling element,10,518.1,1.96276627,5.181,Input shaft bearing 151 RE BSF/Rolling element H10 518.100 Hz,"4 sideband(s), spacing 18.813 Hz ~ Input/Motor shaft Shaft rotation (16.500 Hz)",Bearing characteristic match (secondary attention for this spectrum type): Input shaft bearing 151 RE BSF/Rolling element H10. Sidebands present with Input/Motor shaft Shaft rotation spacing.
timesignal (47).uff,velocity_from_acceleration,mm/s,0.062500032,557.625286,0.518214019,0.500800502,No,,,,,,,,,No clear sideband pattern,Significant peak; no table match within tolerance. Trend and inspect if amplitude is high.
timesignal (47).uff,velocity_from_acceleration,mm/s,0.062500032,565.81279,0.253344768,0.238455054,Yes,bearing,Input shaft bearing 150,RE BSF/Rolling element,10,567.4,1.5872103,5.674,Input shaft bearing 150 RE BSF/Rolling element H10 567.400 Hz; 2nd shaft bearing 350 IR BPFI/Inner race H8 570.800 Hz,"6 sideband(s), spacing 4.094 Hz ~ 2nd shaft bearing 350/351 Cage FTF/Cage (3.320 Hz)",Bearing characteristic match (secondary attention for this spectrum type): Input shaft bearing 150 RE BSF/Rolling element H10. Sidebands present with 2nd shaft bearing 350/351 Cage FTF/Cage spacing.
timesignal (47).uff,velocity_from_acceleration,mm/s,0.062500032,573.937794,0.453006387,0.436566769,Yes,bearing,2nd shaft bearing 350/351,IR BPFI/Inner race,8,573.2,0.737793856,5.732,2nd shaft bearing 350/351 IR BPFI/Inner race H8 573.200 Hz; 2nd shaft bearing 350 IR BPFI/Inner race H8 570.800 Hz,"4 sideband(s), spacing 8.125 Hz ~ Output shaft Wobbling (4.110 Hz)",Bearing characteristic match (secondary attention for this spectrum type): 2nd shaft bearing 350/351 IR BPFI/Inner race H8. Sidebands present with Output shaft Wobbling spacing.
timesignal (48).uff,velocity_from_acceleration,mm/s,0.062499968,0.687499648,4.83566063,4.1045749,No,,,,,,,,,No clear sideband pattern,Significant peak; no table match within tolerance. Trend and inspect if amplitude is high.
timesignal (48).uff,velocity_from_acceleration,mm/s,0.062499968,49.5624746,0.399041597,0.391267739,Yes,gear,Input/Motor shaft,Shaft rotation,3,49.5,0.062474624,0.495,Input/Motor shaft Shaft rotation H3 49.500 Hz; Input shaft bearing 150 Cage FTF/Cage H7 49.770 Hz; 2nd shaft bearing 350/351 OR BPFO/Outer race H1 49.930 Hz; Output shaft bearing 250/251 RE BSF/Rolling element H5 49.200 Hz,"2 sideband(s), spacing 51.969 Hz ~ Input shaft bearing 151 RE BSF/Rolling element (51.810 Hz)",Gear characteristic match (primary attention for this spectrum type): Input/Motor shaft Shaft rotation H3. Sidebands present with Input shaft bearing 151 RE BSF/Rolling element spacing.
timesignal (48).uff,velocity_from_acceleration,mm/s,0.062499968,55.7499715,1.20540368,1.19415153,Yes,bearing,Input shaft bearing 151,Cage FTF/Cage,8,55.44,0.309971456,0.5544,Input shaft bearing 151 Cage FTF/Cage H8 55.440 Hz,"2 sideband(s), spacing 55.750 Hz ~ Input shaft bearing 150 RE BSF/Rolling element (56.740 Hz)",Bearing characteristic match (secondary attention for this spectrum type): Input shaft bearing 151 Cage FTF/Cage H8. Sidebands present with Input shaft bearing 150 RE BSF/Rolling element spacing.
timesignal (48).uff,velocity_from_acceleration,mm/s,0.062499968,61.9374683,0.800237796,0.781671543,Yes,bearing,Input shaft bearing 151,Cage FTF/Cage,9,62.37,0.432531712,0.6237,Input shaft bearing 151 Cage FTF/Cage H9 62.370 Hz,"3 sideband(s), spacing 2.062 Hz ~ Output shaft Shaft rotation (2.050 Hz)",Bearing characteristic match (secondary attention for this spectrum type): Input shaft bearing 151 Cage FTF/Cage H9. Sidebands present with Output shaft Shaft rotation spacing.
timesignal (48).uff,velocity_from_acceleration,mm/s,0.062499968,63.9999672,0.365475071,0.347566585,Yes,bearing,Input shaft bearing 150,Cage FTF/Cage,9,63.99,0.00996723202,0.6399,Input shaft bearing 150 Cage FTF/Cage H9 63.990 Hz; 2nd shaft bearing 350/351 RE BSF/Rolling element H3 64.440 Hz,"3 sideband(s), spacing 2.062 Hz ~ Output shaft Shaft rotation (2.050 Hz)",Bearing characteristic match (secondary attention for this spectrum type): Input shaft bearing 150 Cage FTF/Cage H9. Sidebands present with Output shaft Shaft rotation spacing.
timesignal (48).uff,velocity_from_acceleration,mm/s,0.062499968,68.1249651,0.471351838,0.45179315,Yes,bearing,Output shaft bearing 250,RE BSF/Rolling element,7,68.6,0.47503488,0.686,Output shaft bearing 250 RE BSF/Rolling element H7 68.600 Hz,"2 sideband(s), spacing 2.062 Hz ~ Output shaft Shaft rotation (2.050 Hz)",Bearing characteristic match (secondary attention for this spectrum type): Output shaft bearing 250 RE BSF/Rolling element H7. Sidebands present with Output shaft Shaft rotation spacing.
timesignal (48).uff,velocity_from_acceleration,mm/s,0.062499968,111.499943,1.11490464,1.10458287,No,,,,,,,,,No clear sideband pattern,Significant peak; no table match within tolerance. Trend and inspect if amplitude is high.
timesignal (48).uff,velocity_from_acceleration,mm/s,0.062499968,125.312436,0.427188062,0.418591482,Yes,bearing,Input shaft bearing 151,OR BPFO/Outer race,1,125.9,0.58756416,1.259,Input shaft bearing 151 OR BPFO/Outer race H1 125.900 Hz,"3 sideband(s), spacing 6.906 Hz ~ Input shaft bearing 151 Cage FTF/Cage (6.930 Hz)",Bearing characteristic match (secondary attention for this spectrum type): Input shaft bearing 151 OR BPFO/Outer race H1. Sidebands present with Input shaft bearing 151 Cage FTF/Cage spacing.
timesignal (48).uff,velocity_from_acceleration,mm/s,0.062499968,145.312426,0.446562366,0.434537879,Yes,gear,Gear mesh,GMF Stage 2,1,145.89,0.5775744,1.4589,Gear mesh GMF Stage 2 H1 145.890 Hz; 2nd shaft Wobbling H9 145.890 Hz; Output shaft bearing 250/251 OR BPFO/Outer race H6 143.880 Hz,"3 sideband(s), spacing 24.437 Hz ~ Output shaft bearing 250/251 OR BPFO/Outer race (23.980 Hz)",Gear characteristic match (primary attention for this spectrum type): Gear mesh GMF Stage 2 H1. Sidebands present with Output shaft bearing 250/251 OR BPFO/Outer race spacing.
timesignal (48).uff,velocity_from_acceleration,mm/s,0.062499968,153.499921,0.360621351,0.351940583,Yes,bearing,2nd shaft bearing 350,RE BSF/Rolling element,7,154.35,0.850078592,1.5435,2nd shaft bearing 350 RE BSF/Rolling element H7 154.350 Hz,"2 sideband(s), spacing 4.094 Hz ~ Output shaft Wobbling (4.110 Hz)",Bearing characteristic match (secondary attention for this spectrum type): 2nd shaft bearing 350 RE BSF/Rolling element H7. Sidebands present with Output shaft Wobbling spacing.
timesignal (48).uff,velocity_from_acceleration,mm/s,0.062499968,169.749913,0.707768401,0.700191975,Yes,bearing,Input shaft bearing 150,RE BSF/Rolling element,3,170.22,0.470086912,1.7022,Input shaft bearing 150 RE BSF/Rolling element H3 170.220 Hz; Input shaft bearing 150 IR BPFI/Inner race H1 169.110 Hz; Input shaft bearing 151 IR BPFI/Inner race H1 171.110 Hz,"3 sideband(s), spacing 22.219 Hz ~ 2nd shaft bearing 350 RE BSF/Rolling element (22.050 Hz)",Bearing characteristic match (secondary attention for this spectrum type): Input shaft bearing 150 RE BSF/Rolling element H3. Sidebands present with 2nd shaft bearing 350 RE BSF/Rolling element spacing.
timesignal (48).uff,velocity_from_acceleration,mm/s,0.062499968,234.24988,0.522101366,0.500638775,Yes,bearing,Output shaft bearing 250,IR BPFI/Inner race,8,235.6,1.35011994,2.356,Output shaft bearing 250 IR BPFI/Inner race H8 235.600 Hz; Output shaft bearing 250/251 IR BPFI/Inner race H8 235.600 Hz,"4 sideband(s), spacing 8.187 Hz ~ 2nd shaft Shaft rotation (8.110 Hz)",Bearing characteristic match (secondary attention for this spectrum type): Output shaft bearing 250 IR BPFI/Inner race H8. Sidebands present with 2nd shaft Shaft rotation spacing.
timesignal (48).uff,velocity_from_acceleration,mm/s,0.062499968,242.437376,0.480119617,0.461962007,No,,,,,,,,,No clear sideband pattern,Significant peak; no table match within tolerance. Trend and inspect if amplitude is high.
timesignal (48).uff,velocity_from_acceleration,mm/s,0.062499968,250.562372,0.978248353,0.962249922,Yes,bearing,2nd shaft bearing 350,OR BPFO/Outer race,5,251.15,0.587628288,2.5115,2nd shaft bearing 350 OR BPFO/Outer race H5 251.150 Hz; 2nd shaft bearing 350/351 OR BPFO/Outer race H5 249.650 Hz; Input shaft bearing 151 OR BPFO/Outer race H2 251.800 Hz,"4 sideband(s), spacing 8.125 Hz ~ 2nd shaft Shaft rotation (8.110 Hz)",Bearing characteristic match (secondary attention for this spectrum type): 2nd shaft bearing 350 OR BPFO/Outer race H5. Sidebands present with 2nd shaft Shaft rotation spacing.
timesignal (48).uff,velocity_from_acceleration,mm/s,0.062499968,258.687368,0.724718236,0.708003843,Yes,bearing,Input shaft bearing 151,RE BSF/Rolling element,5,259.05,0.362632448,2.5905,Input shaft bearing 151 RE BSF/Rolling element H5 259.050 Hz,"4 sideband(s), spacing 8.125 Hz ~ 2nd shaft Shaft rotation (8.110 Hz)",Bearing characteristic match (secondary attention for this spectrum type): Input shaft bearing 151 RE BSF/Rolling element H5. Sidebands present with 2nd shaft Shaft rotation spacing.
timesignal (48).uff,velocity_from_acceleration,mm/s,0.062499968,266.874863,0.445093786,0.428323635,Yes,bearing,Output shaft bearing 250,IR BPFI/Inner race,9,265.05,1.82486336,2.6505,Output shaft bearing 250 IR BPFI/Inner race H9 265.050 Hz; Output shaft bearing 250/251 IR BPFI/Inner race H9 265.050 Hz,"4 sideband(s), spacing 8.187 Hz ~ 2nd shaft Shaft rotation (8.110 Hz)",Bearing characteristic match (secondary attention for this spectrum type): Output shaft bearing 250 IR BPFI/Inner race H9. Sidebands present with 2nd shaft Shaft rotation spacing.
timesignal (48).uff,velocity_from_acceleration,mm/s,0.062499968,323.249834,0.564699521,0.54997896,No,,,,,,,,,No clear sideband pattern,Significant peak; no table match within tolerance. Trend and inspect if amplitude is high.
timesignal (48).uff,velocity_from_acceleration,mm/s,0.062499968,395.874797,0.476941769,0.461347234,Yes,bearing,Input shaft bearing 150,RE BSF/Rolling element,7,397.18,1.30520269,3.9718,Input shaft bearing 150 RE BSF/Rolling element H7 397.180 Hz; 2nd shaft bearing 350/351 OR BPFO/Outer race H8 399.440 Hz,"2 sideband(s), spacing 72.625 Hz ~ 2nd shaft bearing 350 IR BPFI/Inner race (71.350 Hz)",Bearing characteristic match (secondary attention for this spectrum type): Input shaft bearing 150 RE BSF/Rolling element H7. Sidebands present with 2nd shaft bearing 350 IR BPFI/Inner race spacing.
timesignal (49).uff,acceleration,m/s²,0.999999283,557.9996,2.74193273,2.17226699,No,,,,,,,,,No clear sideband pattern,Significant peak; no table match within tolerance. Trend and inspect if amplitude is high.
timesignal (50).uff,envelope,m/s²,0.0999756859,8.09803056,5.35615635,4.98606669,Yes,gear,2nd shaft,Shaft rotation,1,8.11,0.011969441,0.199951372,2nd shaft Shaft rotation H1 8.110 Hz; Output shaft Shaft rotation H4 8.200 Hz; Output shaft Wobbling H2 8.220 Hz; Output shaft bearing 250 Cage FTF/Cage H9 8.280 Hz; Output shaft bearing 250/251 Cage FTF/Cage H9 8.280 Hz,No clear sideband pattern,Gear characteristic match (secondary attention for this spectrum type): 2nd shaft Shaft rotation H1. No clear sideband family detected from significant peaks.
timesignal (50).uff,envelope,m/s²,0.0999756859,16.2960368,0.941017005,0.637826842,Yes,gear,2nd shaft,Shaft rotation,2,16.22,0.0760368038,0.199951372,2nd shaft Shaft rotation H2 16.220 Hz; 2nd shaft Wobbling H1 16.210 Hz; Output shaft Shaft rotation H8 16.400 Hz; Output shaft Wobbling H4 16.440 Hz,"4 sideband(s), spacing 8.198 Hz ~ 2nd shaft Shaft rotation (8.110 Hz)",Gear characteristic match (secondary attention for this spectrum type): 2nd shaft Shaft rotation H2. Sidebands present with 2nd shaft Shaft rotation spacing.
timesignal (50).uff,envelope,m/s²,0.0999756859,24.3940674,1.77672678,1.44167887,Yes,gear,2nd shaft,Shaft rotation,3,24.33,0.0640673628,0.2433,2nd shaft Shaft rotation H3 24.330 Hz,"5 sideband(s), spacing 8.098 Hz ~ 2nd shaft Shaft rotation (8.110 Hz)",Gear characteristic match (secondary attention for this spectrum type): 2nd shaft Shaft rotation H3. Sidebands present with 2nd shaft Shaft rotation spacing.
timesignal (50).uff,envelope,m/s²,0.0999756859,32.5920736,3.11182422,2.77883121,Yes,gear,2nd shaft,Shaft rotation,4,32.44,0.152073608,0.3244,2nd shaft Shaft rotation H4 32.440 Hz; 2nd shaft Wobbling H2 32.420 Hz; Output shaft Wobbling H8 32.880 Hz,"4 sideband(s), spacing 8.198 Hz ~ 2nd shaft Shaft rotation (8.110 Hz)",Gear characteristic match (secondary attention for this spectrum type): 2nd shaft Shaft rotation H4. Sidebands present with 2nd shaft Shaft rotation spacing.
timesignal (50).uff,envelope,m/s²,0.0999756859,40.0902501,1.32496122,1.05921328,No,,,,,,,,,No clear sideband pattern,Significant peak; no table match within tolerance. Trend and inspect if amplitude is high.
timesignal (50).uff,envelope,m/s²,0.0999756859,48.2882563,2.72303098,2.43323602,Yes,bearing,Input shaft bearing 151,Cage FTF/Cage,7,48.51,0.221743704,0.4851,Input shaft bearing 151 Cage FTF/Cage H7 48.510 Hz; Output shaft bearing 250/251 OR BPFO/Outer race H2 47.960 Hz; 2nd shaft Wobbling H3 48.630 Hz; Output shaft bearing 250 OR BPFO/Outer race H2 47.940 Hz; 2nd shaft Shaft rotation H6 48.660 Hz,"5 sideband(s), spacing 8.198 Hz ~ 2nd shaft Shaft rotation (8.110 Hz)",Bearing characteristic match (primary attention for this spectrum type): Input shaft bearing 151 Cage FTF/Cage H7. Sidebands present with 2nd shaft Shaft rotation spacing.
timesignal (50).uff,envelope,m/s²,0.0999756859,56.3862869,1.58538578,1.29874029,Yes,bearing,Input shaft bearing 150,RE BSF/Rolling element,1,56.74,0.353713145,0.5674,Input shaft bearing 150 RE BSF/Rolling element H1 56.740 Hz; 2nd shaft Shaft rotation H7 56.770 Hz; Input shaft bearing 150 Cage FTF/Cage H8 56.880 Hz,"6 sideband(s), spacing 8.098 Hz ~ 2nd shaft Shaft rotation (8.110 Hz)",Bearing characteristic match (primary attention for this spectrum type): Input shaft bearing 150 RE BSF/Rolling element H1. Sidebands present with 2nd shaft Shaft rotation spacing.
timesignal (50).uff,envelope,m/s²,0.0999756859,64.5842931,1.57367975,1.30447509,Yes,bearing,2nd shaft bearing 350/351,RE BSF/Rolling element,3,64.44,0.1442931,0.6444,2nd shaft bearing 350/351 RE BSF/Rolling element H3 64.440 Hz; 2nd shaft Wobbling H4 64.840 Hz; 2nd shaft Shaft rotation H8 64.880 Hz; Input shaft bearing 150 Cage FTF/Cage H9 63.990 Hz,"7 sideband(s), spacing 8.198 Hz ~ 2nd shaft Shaft rotation (8.110 Hz)",Bearing characteristic match (primary attention for this spectrum type): 2nd shaft bearing 350/351 RE BSF/Rolling element H3. Sidebands present with 2nd shaft Shaft rotation spacing.
timesignal (50).uff,envelope,m/s²,0.0999756859,72.6823237,2.01486385,1.72069993,Yes,gear,2nd shaft,Shaft rotation,9,72.99,0.307676341,0.7299,2nd shaft Shaft rotation H9 72.990 Hz,"8 sideband(s), spacing 8.098 Hz ~ 2nd shaft Shaft rotation (8.110 Hz)",Gear characteristic match (secondary attention for this spectrum type): 2nd shaft Shaft rotation H9. Sidebands present with 2nd shaft Shaft rotation spacing.
timesignal (50).uff,envelope,m/s²,0.0999756859,80.7803542,3.04258618,2.75602891,Yes,gear,2nd shaft,Wobbling,5,81.05,0.269645782,0.8105,2nd shaft Wobbling H5 81.050 Hz; 2nd shaft Shaft rotation H10 81.100 Hz,"8 sideband(s), spacing 8.098 Hz ~ 2nd shaft Shaft rotation (8.110 Hz)",Gear characteristic match (secondary attention for this spectrum type): 2nd shaft Wobbling H5. Sidebands present with 2nd shaft Shaft rotation spacing.
timesignal (50).uff,envelope,m/s²,0.0999756859,88.9783605,3.10445447,2.87865042,Yes,bearing,Output shaft bearing 250/251,RE BSF/Rolling element,9,88.56,0.418360463,0.8856,Output shaft bearing 250/251 RE BSF/Rolling element H9 88.560 Hz; Output shaft bearing 250 IR BPFI/Inner race H3 88.350 Hz; Output shaft bearing 250/251 IR BPFI/Inner race H3 88.350 Hz; 2nd shaft bearing 350 RE BSF/Rolling element H4 88.200 Hz; Output shaft bearing 250 RE BSF/Rolling element H9 88.200 Hz,"8 sideband(s), spacing 8.198 Hz ~ 2nd shaft Shaft rotation (8.110 Hz)",Bearing characteristic match (primary attention for this spectrum type): Output shaft bearing 250/251 RE BSF/Rolling element H9. Sidebands present with 2nd shaft Shaft rotation spacing.
timesignal (50).uff,envelope,m/s²,0.0999756859,97.076391,1.69012836,1.45400009,Yes,gear,2nd shaft,Wobbling,6,97.26,0.183608978,0.9726,2nd shaft Wobbling H6 97.260 Hz; Output shaft bearing 250 RE BSF/Rolling element H10 98.000 Hz,"8 sideband(s), spacing 8.098 Hz ~ 2nd shaft Shaft rotation (8.110 Hz)",Gear characteristic match (secondary attention for this spectrum type): 2nd shaft Wobbling H6. Sidebands present with 2nd shaft Shaft rotation spacing.
timesignal (50).uff,envelope,m/s²,0.0999756859,105.274397,1.33067572,1.08248209,No,,,,,,,,,No clear sideband pattern,Significant peak; no table match within tolerance. Trend and inspect if amplitude is high.
timesignal (50).uff,envelope,m/s²,0.0999756859,112.772574,1.44692188,1.27369263,Yes,gear,2nd shaft,Wobbling,7,113.47,0.69742629,1.1347,2nd shaft Wobbling H7 113.470 Hz; Input shaft bearing 150 RE BSF/Rolling element H2 113.480 Hz,"8 sideband(s), spacing 7.498 Hz ~ 2nd shaft Shaft rotation (8.110 Hz)",Gear characteristic match (secondary attention for this spectrum type): 2nd shaft Wobbling H7. Sidebands present with 2nd shaft Shaft rotation spacing.
timesignal (50).uff,envelope,m/s²,0.0999756859,120.870604,1.49510771,1.300199,Yes,bearing,Output shaft bearing 250/251,OR BPFO/Outer race,5,119.9,0.970604269,1.199,Output shaft bearing 250/251 OR BPFO/Outer race H5 119.900 Hz; Output shaft bearing 250 OR BPFO/Outer race H5 119.850 Hz,"8 sideband(s), spacing 8.098 Hz ~ 2nd shaft Shaft rotation (8.110 Hz)",Bearing characteristic match (primary attention for this spectrum type): Output shaft bearing 250/251 OR BPFO/Outer race H5. Sidebands present with 2nd shaft Shaft rotation spacing.
timesignal (50).uff,envelope,m/s²,0.0999756859,129.068611,1.04689619,0.861511955,Yes,bearing,2nd shaft bearing 350/351,RE BSF/Rolling element,6,128.88,0.188610514,1.2888,2nd shaft bearing 350/351 RE BSF/Rolling element H6 128.880 Hz; 2nd shaft Wobbling H8 129.680 Hz; Input shaft bearing 150 OR BPFO/Outer race H1 127.890 Hz,"8 sideband(s), spacing 8.198 Hz ~ 2nd shaft Shaft rotation (8.110 Hz)",Bearing characteristic match (primary attention for this spectrum type): 2nd shaft bearing 350/351 RE BSF/Rolling element H6. Sidebands present with 2nd shaft Shaft rotation spacing.
timesignal (50).uff,envelope,m/s²,0.0999756859,137.166641,1.75519319,1.53790434,No,,,,,,,,,No clear sideband pattern,Significant peak; no table match within tolerance. Trend and inspect if amplitude is high.
timesignal (50).uff,envelope,m/s²,0.0999756859,145.364647,2.17903292,1.94255328,Yes,gear,Gear mesh,GMF Stage 2,1,145.89,0.525352682,1.4589,Gear mesh GMF Stage 2 H1 145.890 Hz; 2nd shaft Wobbling H9 145.890 Hz,"8 sideband(s), spacing 8.198 Hz ~ 2nd shaft Shaft rotation (8.110 Hz)",Gear characteristic match (secondary attention for this spectrum type): Gear mesh GMF Stage 2 H1. Sidebands present with 2nd shaft Shaft rotation spacing.
timesignal (50).uff,envelope,m/s²,0.0999756859,153.462678,0.893947689,0.720447338,Yes,bearing,2nd shaft bearing 350,RE BSF/Rolling element,7,154.35,0.887322123,1.5435,2nd shaft bearing 350 RE BSF/Rolling element H7 154.350 Hz,"7 sideband(s), spacing 8.098 Hz ~ 2nd shaft Shaft rotation (8.110 Hz)",Bearing characteristic match (primary attention for this spectrum type): 2nd shaft bearing 350 RE BSF/Rolling element H7. Sidebands present with 2nd shaft Shaft rotation spacing.
timesignal (50).uff,envelope,m/s²,0.0999756859,161.660684,1.3305606,1.15474951,Yes,gear,2nd shaft,Wobbling,10,162.1,0.439315878,1.621,2nd shaft Wobbling H10 162.100 Hz,"7 sideband(s), spacing 8.198 Hz ~ 2nd shaft Shaft rotation (8.110 Hz)",Gear characteristic match (secondary attention for this spectrum type): 2nd shaft Wobbling H10. Sidebands present with 2nd shaft Shaft rotation spacing.
timesignal (50).uff,envelope,m/s²,0.0999756859,169.758715,1.15097874,0.982986028,Yes,bearing,Input shaft bearing 150,RE BSF/Rolling element,3,170.22,0.461285319,1.7022,Input shaft bearing 150 RE BSF/Rolling element H3 170.220 Hz; Input shaft bearing 150 IR BPFI/Inner race H1 169.110 Hz; Input shaft bearing 151 IR BPFI/Inner race H1 171.110 Hz,"6 sideband(s), spacing 8.098 Hz ~ 2nd shaft Shaft rotation (8.110 Hz)",Bearing characteristic match (primary attention for this spectrum type): Input shaft bearing 150 RE BSF/Rolling element H3. Sidebands present with 2nd shaft Shaft rotation spacing.
timesignal (50).uff,envelope,m/s²,0.0999756859,177.956721,1.3681334,1.19919274,Yes,bearing,Output shaft bearing 250,IR BPFI/Inner race,6,176.7,1.25672093,1.767,Output shaft bearing 250 IR BPFI/Inner race H6 176.700 Hz; Output shaft bearing 250/251 IR BPFI/Inner race H6 176.700 Hz; 2nd shaft bearing 350 RE BSF/Rolling element H8 176.400 Hz,"7 sideband(s), spacing 16.296 Hz ~ 2nd shaft Wobbling (16.210 Hz)",Bearing characteristic match (primary attention for this spectrum type): Output shaft bearing 250 IR BPFI/Inner race H6. Sidebands present with 2nd shaft Wobbling spacing.
timesignal (50).uff,envelope,m/s²,0.0999756859,193.652904,0.872958722,0.677789144,Yes,bearing,2nd shaft bearing 350/351,RE BSF/Rolling element,9,193.32,0.332903614,1.9332,2nd shaft bearing 350/351 RE BSF/Rolling element H9 193.320 Hz; Output shaft bearing 250/251 OR BPFO/Outer race H8 191.840 Hz; Output shaft bearing 250 OR BPFO/Outer race H8 191.760 Hz,"6 sideband(s), spacing 15.696 Hz ~ 2nd shaft Wobbling (16.210 Hz)",Bearing characteristic match (primary attention for this spectrum type): 2nd shaft bearing 350/351 RE BSF/Rolling element H9. Sidebands present with 2nd shaft Wobbling spacing.
timesignal (50).uff,envelope,m/s²,0.0999756859,218.046971,0.915108711,0.711326651,No,,,,,,,,,No clear sideband pattern,Significant peak; no table match within tolerance. Trend and inspect if amplitude is high.
timesignal (50).uff,envelope,m/s²,0.0999756859,226.145002,0.902964732,0.717731657,Yes,bearing,Input shaft bearing 150,RE BSF/Rolling element,4,226.96,0.814998464,2.2696,Input shaft bearing 150 RE BSF/Rolling element H4 226.960 Hz,"4 sideband(s), spacing 16.296 Hz ~ 2nd shaft Wobbling (16.210 Hz)",Bearing characteristic match (primary attention for this spectrum type): Input shaft bearing 150 RE BSF/Rolling element H4. Sidebands present with 2nd shaft Wobbling spacing.
timesignal (50).uff,envelope,m/s²,0.0999756859,242.441038,1.05405299,0.869601401,No,,,,,,,,,No clear sideband pattern,Significant peak; no table match within tolerance. Trend and inspect if amplitude is high.
timesignal (50).uff,envelope,m/s²,0.0999756859,307.025331,1.05293887,0.863615765,No,,,,,,,,,No clear sideband pattern,Significant peak; no table match within tolerance. Trend and inspect if amplitude is high.
timesignal (50).uff,envelope,m/s²,0.0999756859,315.123362,1.84434154,1.6730934,No,,,,,,,,,No clear sideband pattern,Significant peak; no table match within tolerance. Trend and inspect if amplitude is high.
timesignal (50).uff,envelope,m/s²,0.0999756859,323.321368,1.62101312,1.47353173,No,,,,,,,,,No clear sideband pattern,Significant peak; no table match within tolerance. Trend and inspect if amplitude is high.
timesignal (50).uff,envelope,m/s²,0.0999756859,331.419399,0.914755752,0.771597853,Yes,gear,Input/Motor shaft,Wobbling,10,330,1.4193988,3.3,Input/Motor shaft Wobbling H10 330.000 Hz,"3 sideband(s), spacing 8.098 Hz ~ 2nd shaft Shaft rotation (8.110 Hz)",Gear characteristic match (secondary attention for this spectrum type): Input/Motor shaft Wobbling H10. Sidebands present with 2nd shaft Shaft rotation spacing.
timesignal (51).uff,envelope,m/s²,0.062500032,8.12500416,3.47613908,3.34319716,Yes,gear,2nd shaft,Shaft rotation,1,8.11,0.01500416,0.125000064,2nd shaft Shaft rotation H1 8.110 Hz; Output shaft Shaft rotation H4 8.200 Hz; Output shaft Wobbling H2 8.220 Hz,No clear sideband pattern,Gear characteristic match (secondary attention for this spectrum type): 2nd shaft Shaft rotation H1. No clear sideband family detected from significant peaks.
timesignal (51).uff,envelope,m/s²,0.062500032,24.4375125,0.828334241,0.688761369,Yes,gear,2nd shaft,Shaft rotation,3,24.33,0.107512512,0.2433,2nd shaft Shaft rotation H3 24.330 Hz; Output shaft Wobbling H6 24.660 Hz,"4 sideband(s), spacing 16.313 Hz ~ 2nd shaft Wobbling (16.210 Hz)",Gear characteristic match (secondary attention for this spectrum type): 2nd shaft Shaft rotation H3. Sidebands present with 2nd shaft Wobbling spacing.
timesignal (51).uff,envelope,m/s²,0.062500032,32.6250167,1.95578894,1.82902987,Yes,gear,2nd shaft,Shaft rotation,4,32.44,0.185016704,0.3244,2nd shaft Shaft rotation H4 32.440 Hz; 2nd shaft Wobbling H2 32.420 Hz; Output shaft Wobbling H8 32.880 Hz,"3 sideband(s), spacing 8.188 Hz ~ 2nd shaft Shaft rotation (8.110 Hz)",Gear characteristic match (secondary attention for this spectrum type): 2nd shaft Shaft rotation H4. Sidebands present with 2nd shaft Shaft rotation spacing.
timesignal (51).uff,envelope,m/s²,0.062500032,40.1250205,1.21371773,1.08180474,No,,,,,,,,,No clear sideband pattern,Significant peak; no table match within tolerance. Trend and inspect if amplitude is high.
timesignal (51).uff,envelope,m/s²,0.062500032,48.2500247,1.84676877,1.72331026,Yes,bearing,Input shaft bearing 151,Cage FTF/Cage,7,48.51,0.259975296,0.4851,Input shaft bearing 151 Cage FTF/Cage H7 48.510 Hz; Output shaft bearing 250/251 OR BPFO/Outer race H2 47.960 Hz; Output shaft bearing 250 OR BPFO/Outer race H2 47.940 Hz; 2nd shaft Wobbling H3 48.630 Hz; 2nd shaft Shaft rotation H6 48.660 Hz,"5 sideband(s), spacing 8.125 Hz ~ 2nd shaft Shaft rotation (8.110 Hz)",Bearing characteristic match (primary attention for this spectrum type): Input shaft bearing 151 Cage FTF/Cage H7. Sidebands present with 2nd shaft Shaft rotation spacing.
timesignal (51).uff,envelope,m/s²,0.062500032,56.4375289,0.734278468,0.60009328,Yes,bearing,Input shaft bearing 150,RE BSF/Rolling element,1,56.74,0.302471104,0.5674,Input shaft bearing 150 RE BSF/Rolling element H1 56.740 Hz; 2nd shaft Shaft rotation H7 56.770 Hz; Input shaft bearing 150 Cage FTF/Cage H8 56.880 Hz,"6 sideband(s), spacing 8.188 Hz ~ 2nd shaft Shaft rotation (8.110 Hz)",Bearing characteristic match (primary attention for this spectrum type): Input shaft bearing 150 RE BSF/Rolling element H1. Sidebands present with 2nd shaft Shaft rotation spacing.
timesignal (51).uff,envelope,m/s²,0.062500032,64.5625331,0.776354531,0.648589489,Yes,bearing,2nd shaft bearing 350/351,RE BSF/Rolling element,3,64.44,0.122533056,0.6444,2nd shaft bearing 350/351 RE BSF/Rolling element H3 64.440 Hz; 2nd shaft Wobbling H4 64.840 Hz; 2nd shaft Shaft rotation H8 64.880 Hz; Input shaft bearing 150 Cage FTF/Cage H9 63.990 Hz,"7 sideband(s), spacing 8.125 Hz ~ 2nd shaft Shaft rotation (8.110 Hz)",Bearing characteristic match (primary attention for this spectrum type): 2nd shaft bearing 350/351 RE BSF/Rolling element H3. Sidebands present with 2nd shaft Shaft rotation spacing.
timesignal (51).uff,envelope,m/s²,0.062500032,72.7500372,1.10880724,0.98754765,Yes,gear,2nd shaft,Shaft rotation,9,72.99,0.239962752,0.7299,2nd shaft Shaft rotation H9 72.990 Hz,"7 sideband(s), spacing 8.188 Hz ~ 2nd shaft Shaft rotation (8.110 Hz)",Gear characteristic match (secondary attention for this spectrum type): 2nd shaft Shaft rotation H9. Sidebands present with 2nd shaft Shaft rotation spacing.
timesignal (51).uff,envelope,m/s²,0.062500032,80.8750414,2.01402529,1.90834214,Yes,gear,2nd shaft,Wobbling,5,81.05,0.174958592,0.8105,2nd shaft Wobbling H5 81.050 Hz; 2nd shaft Shaft rotation H10 81.100 Hz,"6 sideband(s), spacing 8.125 Hz ~ 2nd shaft Shaft rotation (8.110 Hz)",Gear characteristic match (secondary attention for this spectrum type): 2nd shaft Wobbling H5. Sidebands present with 2nd shaft Shaft rotation spacing.
timesignal (51).uff,envelope,m/s²,0.062500032,89.0000456,1.23946441,1.13032411,Yes,bearing,Output shaft bearing 250/251,RE BSF/Rolling element,9,88.56,0.440045568,0.8856,Output shaft bearing 250/251 RE BSF/Rolling element H9 88.560 Hz; Output shaft bearing 250 IR BPFI/Inner race H3 88.350 Hz; Output shaft bearing 250/251 IR BPFI/Inner race H3 88.350 Hz; 2nd shaft bearing 350 RE BSF/Rolling element H4 88.200 Hz; Output shaft bearing 250 RE BSF/Rolling element H9 88.200 Hz,"5 sideband(s), spacing 8.125 Hz ~ 2nd shaft Shaft rotation (8.110 Hz)",Bearing characteristic match (primary attention for this spectrum type): Output shaft bearing 250/251 RE BSF/Rolling element H9. Sidebands present with 2nd shaft Shaft rotation spacing.
timesignal (51).uff,envelope,m/s²,0.062500032,97.1875498,0.861864251,0.759950429,Yes,gear,2nd shaft,Wobbling,6,97.26,0.07245024,0.9726,2nd shaft Wobbling H6 97.260 Hz; Output shaft bearing 250 RE BSF/Rolling element H10 98.000 Hz,"6 sideband(s), spacing 16.313 Hz ~ 2nd shaft Wobbling (16.210 Hz)",Gear characteristic match (secondary attention for this spectrum type): 2nd shaft Wobbling H6. Sidebands present with 2nd shaft Wobbling spacing.
timesignal (51).uff,envelope,m/s²,0.062500032,137.31257,1.07194658,0.9733635,No,,,,,,,,,No clear sideband pattern,Significant peak; no table match within tolerance. Trend and inspect if amplitude is high.
timesignal (51).uff,envelope,m/s²,0.062500032,145.437574,1.29494229,1.19023398,Yes,gear,Gear mesh,GMF Stage 2,1,145.89,0.452425536,1.4589,Gear mesh GMF Stage 2 H1 145.890 Hz; 2nd shaft Wobbling H9 145.890 Hz,"4 sideband(s), spacing 16.313 Hz ~ 2nd shaft Wobbling (16.210 Hz)",Gear characteristic match (secondary attention for this spectrum type): Gear mesh GMF Stage 2 H1. Sidebands present with 2nd shaft Wobbling spacing.
timesignal (51).uff,envelope,m/s²,0.062500032,161.750083,1.14492536,1.03879066,Yes,gear,2nd shaft,Wobbling,10,162.1,0.349917184,1.621,2nd shaft Wobbling H10 162.100 Hz,"3 sideband(s), spacing 8.156 Hz ~ 2nd shaft Shaft rotation (8.110 Hz)",Gear characteristic match (secondary attention for this spectrum type): 2nd shaft Wobbling H10. Sidebands present with 2nd shaft Shaft rotation spacing.
timesignal (51).uff,envelope,m/s²,0.062500032,178.062591,0.777527774,0.672848352,Yes,bearing,Output shaft bearing 250,IR BPFI/Inner race,6,176.7,1.36259117,1.767,Output shaft bearing 250 IR BPFI/Inner race H6 176.700 Hz; Output shaft bearing 250/251 IR BPFI/Inner race H6 176.700 Hz; 2nd shaft bearing 350 RE BSF/Rolling element H8 176.400 Hz,"2 sideband(s), spacing 8.156 Hz ~ 2nd shaft Shaft rotation (8.110 Hz)",Bearing characteristic match (primary attention for this spectrum type): Output shaft bearing 250 IR BPFI/Inner race H6. Sidebands present with 2nd shaft Shaft rotation spacing.
timesignal (52).uff,velocity_from_acceleration,mm/s,0.062500032,0.562500288,0.682843428,0.629435207,No,,,,,,,,,No clear sideband pattern,Significant peak; no table match within tolerance. Trend and inspect if amplitude is high.
timesignal (52).uff,velocity_from_acceleration,mm/s,0.062500032,55.6875285,1.29127623,1.27896257,Yes,bearing,Input shaft bearing 151,Cage FTF/Cage,8,55.44,0.247528512,0.5544,Input shaft bearing 151 Cage FTF/Cage H8 55.440 Hz,"3 sideband(s), spacing 8.469 Hz ~ 2nd shaft Shaft rotation (8.110 Hz)",Bearing characteristic match (secondary attention for this spectrum type): Input shaft bearing 151 Cage FTF/Cage H8. Sidebands present with 2nd shaft Shaft rotation spacing.
timesignal (52).uff,velocity_from_acceleration,mm/s,0.062500032,72.6250372,0.582902666,0.566455905,Yes,gear,2nd shaft,Shaft rotation,9,72.99,0.364962816,0.7299,2nd shaft Shaft rotation H9 72.990 Hz; Output shaft bearing 250/251 OR BPFO/Outer race H3 71.940 Hz; Output shaft bearing 250 OR BPFO/Outer race H3 71.910 Hz,"4 sideband(s), spacing 24.375 Hz ~ Output shaft bearing 250/251 OR BPFO/Outer race (23.980 Hz)",Gear characteristic match (primary attention for this spectrum type): 2nd shaft Shaft rotation H9. Sidebands present with Output shaft bearing 250/251 OR BPFO/Outer race spacing.
timesignal (52).uff,velocity_from_acceleration,mm/s,0.062500032,80.7500413,0.952144411,0.938933507,Yes,gear,2nd shaft,Wobbling,5,81.05,0.299958656,0.8105,2nd shaft Wobbling H5 81.050 Hz; 2nd shaft Shaft rotation H10 81.100 Hz,"3 sideband(s), spacing 56.313 Hz ~ Input shaft bearing 150 RE BSF/Rolling element (56.740 Hz)",Gear characteristic match (primary attention for this spectrum type): 2nd shaft Wobbling H5. Sidebands present with Input shaft bearing 150 RE BSF/Rolling element spacing.
timesignal (52).uff,velocity_from_acceleration,mm/s,0.062500032,88.8750455,0.57901711,0.564177692,Yes,bearing,Output shaft bearing 250/251,RE BSF/Rolling element,9,88.56,0.315045504,0.8856,Output shaft bearing 250/251 RE BSF/Rolling element H9 88.560 Hz; Output shaft bearing 250 IR BPFI/Inner race H3 88.350 Hz; Output shaft bearing 250/251 IR BPFI/Inner race H3 88.350 Hz; 2nd shaft bearing 350 RE BSF/Rolling element H4 88.200 Hz; Output shaft bearing 250 RE BSF/Rolling element H9 88.200 Hz,"4 sideband(s), spacing 56.375 Hz ~ Input shaft bearing 150 RE BSF/Rolling element (56.740 Hz)",Bearing characteristic match (secondary attention for this spectrum type): Output shaft bearing 250/251 RE BSF/Rolling element H9. Sidebands present with Input shaft bearing 150 RE BSF/Rolling element spacing.
timesignal (52).uff,velocity_from_acceleration,mm/s,0.062500032,97.0000497,0.297799186,0.270725133,Yes,gear,2nd shaft,Wobbling,6,97.26,0.259950336,0.9726,2nd shaft Wobbling H6 97.260 Hz,"4 sideband(s), spacing 24.375 Hz ~ Output shaft bearing 250/251 OR BPFO/Outer race (23.980 Hz)",Gear characteristic match (primary attention for this spectrum type): 2nd shaft Wobbling H6. Sidebands present with Output shaft bearing 250/251 OR BPFO/Outer race spacing.
timesignal (52).uff,velocity_from_acceleration,mm/s,0.062500032,109.375056,0.475444485,0.455908856,Yes,bearing,2nd shaft bearing 350,RE BSF/Rolling element,5,110.25,0.874944,1.1025,2nd shaft bearing 350 RE BSF/Rolling element H5 110.250 Hz,"3 sideband(s), spacing 6.833 Hz ~ Input shaft bearing 150 Cage FTF/Cage (7.110 Hz)",Bearing characteristic match (secondary attention for this spectrum type): 2nd shaft bearing 350 RE BSF/Rolling element H5. Sidebands present with Input shaft bearing 150 Cage FTF/Cage spacing.
timesignal (52).uff,velocity_from_acceleration,mm/s,0.062500032,111.437557,0.936365232,0.918242682,No,,,,,,,,,No clear sideband pattern,Significant peak; no table match within tolerance. Trend and inspect if amplitude is high.
timesignal (52).uff,velocity_from_acceleration,mm/s,0.062500032,125.250064,0.506941853,0.487981937,Yes,bearing,Input shaft bearing 151,OR BPFO/Outer race,1,125.9,0.649935872,1.259,Input shaft bearing 151 OR BPFO/Outer race H1 125.900 Hz,"4 sideband(s), spacing 6.906 Hz ~ Input shaft bearing 151 Cage FTF/Cage (6.930 Hz)",Bearing characteristic match (secondary attention for this spectrum type): Input shaft bearing 151 OR BPFO/Outer race H1. Sidebands present with Input shaft bearing 151 Cage FTF/Cage spacing.
timesignal (52).uff,velocity_from_acceleration,mm/s,0.062500032,137.06257,0.349099639,0.327194369,No,,,,,,,,,No clear sideband pattern,Significant peak; no table match within tolerance. Trend and inspect if amplitude is high.
timesignal (52).uff,velocity_from_acceleration,mm/s,0.062500032,145.250074,0.614182433,0.599547434,Yes,gear,Gear mesh,GMF Stage 2,1,145.89,0.639925632,1.4589,Gear mesh GMF Stage 2 H1 145.890 Hz; 2nd shaft Wobbling H9 145.890 Hz; Output shaft bearing 250/251 OR BPFO/Outer race H6 143.880 Hz; Output shaft bearing 250 OR BPFO/Outer race H6 143.820 Hz,"5 sideband(s), spacing 24.375 Hz ~ Output shaft bearing 250/251 OR BPFO/Outer race (23.980 Hz)",Gear characteristic match (primary attention for this spectrum type): Gear mesh GMF Stage 2 H1. Sidebands present with Output shaft bearing 250/251 OR BPFO/Outer race spacing.
timesignal (52).uff,velocity_from_acceleration,mm/s,0.062500032,153.375079,0.426182533,0.415880607,Yes,bearing,2nd shaft bearing 350,RE BSF/Rolling element,7,154.35,0.974921472,1.5435,2nd shaft bearing 350 RE BSF/Rolling element H7 154.350 Hz,"5 sideband(s), spacing 16.313 Hz ~ 2nd shaft Wobbling (16.210 Hz)",Bearing characteristic match (secondary attention for this spectrum type): 2nd shaft bearing 350 RE BSF/Rolling element H7. Sidebands present with 2nd shaft Wobbling spacing.
timesignal (52).uff,velocity_from_acceleration,mm/s,0.062500032,169.625087,0.843446509,0.832385406,Yes,bearing,Input shaft bearing 150,IR BPFI/Inner race,1,169.11,0.515086848,1.6911,Input shaft bearing 150 IR BPFI/Inner race H1 169.110 Hz; Input shaft bearing 150 RE BSF/Rolling element H3 170.220 Hz; Input shaft bearing 151 IR BPFI/Inner race H1 171.110 Hz,"6 sideband(s), spacing 8.125 Hz ~ 2nd shaft Shaft rotation (8.110 Hz)",Bearing characteristic match (secondary attention for this spectrum type): Input shaft bearing 150 IR BPFI/Inner race H1. Sidebands present with 2nd shaft Shaft rotation spacing.
timesignal (52).uff,velocity_from_acceleration,mm/s,0.062500032,185.937595,0.354639823,0.330294213,No,,,,,,,,,No clear sideband pattern,Significant peak; no table match within tolerance. Trend and inspect if amplitude is high.
timesignal (52).uff,velocity_from_acceleration,mm/s,0.062500032,194.062599,0.342772116,0.326633895,Yes,bearing,2nd shaft bearing 350/351,RE BSF/Rolling element,9,193.32,0.74259936,1.9332,2nd shaft bearing 350/351 RE BSF/Rolling element H9 193.320 Hz,"4 sideband(s), spacing 57.000 Hz ~ Input shaft bearing 150 RE BSF/Rolling element (56.740 Hz)",Bearing characteristic match (secondary attention for this spectrum type): 2nd shaft bearing 350/351 RE BSF/Rolling element H9. Sidebands present with Input shaft bearing 150 RE BSF/Rolling element spacing.
timesignal (52).uff,velocity_from_acceleration,mm/s,0.062500032,202.187604,0.345402925,0.329739096,Yes,bearing,2nd shaft bearing 350,OR BPFO/Outer race,4,200.92,1.26760352,2.0092,2nd shaft bearing 350 OR BPFO/Outer race H4 200.920 Hz,"7 sideband(s), spacing 16.250 Hz ~ 2nd shaft Wobbling (16.210 Hz)",Bearing characteristic match (secondary attention for this spectrum type): 2nd shaft bearing 350 OR BPFO/Outer race H4. Sidebands present with 2nd shaft Wobbling spacing.
timesignal (52).uff,velocity_from_acceleration,mm/s,0.062500032,234.12512,0.71048374,0.687626602,Yes,bearing,Output shaft bearing 250,IR BPFI/Inner race,8,235.6,1.47488013,2.356,Output shaft bearing 250 IR BPFI/Inner race H8 235.600 Hz; Output shaft bearing 250/251 IR BPFI/Inner race H8 235.600 Hz,"5 sideband(s), spacing 8.125 Hz ~ 2nd shaft Shaft rotation (8.110 Hz)",Bearing characteristic match (secondary attention for this spectrum type): Output shaft bearing 250 IR BPFI/Inner race H8. Sidebands present with 2nd shaft Shaft rotation spacing.
timesignal (52).uff,velocity_from_acceleration,mm/s,0.062500032,242.250124,0.442915567,0.431114935,No,,,,,,,,,No clear sideband pattern,Significant peak; no table match within tolerance. Trend and inspect if amplitude is high.
timesignal (52).uff,velocity_from_acceleration,mm/s,0.062500032,250.375128,0.939787858,0.922314048,Yes,bearing,2nd shaft bearing 350/351,OR BPFO/Outer race,5,249.65,0.725128192,2.4965,2nd shaft bearing 350/351 OR BPFO/Outer race H5 249.650 Hz; 2nd shaft bearing 350 OR BPFO/Outer race H5 251.150 Hz; Input shaft bearing 151 OR BPFO/Outer race H2 251.800 Hz,"4 sideband(s), spacing 4.063 Hz ~ Output shaft Wobbling (4.110 Hz)",Bearing characteristic match (secondary attention for this spectrum type): 2nd shaft bearing 350/351 OR BPFO/Outer race H5. Sidebands present with Output shaft Wobbling spacing.
timesignal (52).uff,velocity_from_acceleration,mm/s,0.062500032,258.562632,0.765508567,0.74117714,Yes,bearing,Input shaft bearing 151,RE BSF/Rolling element,5,259.05,0.487367616,2.5905,Input shaft bearing 151 RE BSF/Rolling element H5 259.050 Hz,"5 sideband(s), spacing 8.188 Hz ~ 2nd shaft Shaft rotation (8.110 Hz)",Bearing characteristic match (secondary attention for this spectrum type): Input shaft bearing 151 RE BSF/Rolling element H5. Sidebands present with 2nd shaft Shaft rotation spacing.
timesignal (52).uff,velocity_from_acceleration,mm/s,0.062500032,266.687637,0.495815836,0.471307617,Yes,bearing,Output shaft bearing 250,IR BPFI/Inner race,9,265.05,1.63763654,2.6505,Output shaft bearing 250 IR BPFI/Inner race H9 265.050 Hz; Output shaft bearing 250/251 IR BPFI/Inner race H9 265.050 Hz,"5 sideband(s), spacing 8.125 Hz ~ 2nd shaft Shaft rotation (8.110 Hz)",Bearing characteristic match (secondary attention for this spectrum type): Output shaft bearing 250 IR BPFI/Inner race H9. Sidebands present with 2nd shaft Shaft rotation spacing.
timesignal (52).uff,velocity_from_acceleration,mm/s,0.062500032,274.812641,0.307533954,0.286788523,No,,,,,,,,,No clear sideband pattern,Significant peak; no table match within tolerance. Trend and inspect if amplitude is high.
timesignal (52).uff,velocity_from_acceleration,mm/s,0.062500032,317.375162,0.328117972,0.310052035,No,,,,,,,,,No clear sideband pattern,Significant peak; no table match within tolerance. Trend and inspect if amplitude is high.
timesignal (52).uff,velocity_from_acceleration,mm/s,0.062500032,323.000165,0.976072992,0.954981639,No,,,,,,,,,No clear sideband pattern,Significant peak; no table match within tolerance. Trend and inspect if amplitude is high.
timesignal (52).uff,velocity_from_acceleration,mm/s,0.062500032,347.437678,0.292445948,0.280453742,Yes,bearing,2nd shaft bearing 350/351,OR BPFO/Outer race,7,349.51,2.07232211,3.4951,2nd shaft bearing 350/351 OR BPFO/Outer race H7 349.510 Hz,"5 sideband(s), spacing 72.625 Hz ~ 2nd shaft bearing 350/351 IR BPFI/Inner race (71.650 Hz)",Bearing characteristic match (secondary attention for this spectrum type): 2nd shaft bearing 350/351 OR BPFO/Outer race H7. Sidebands present with 2nd shaft bearing 350/351 IR BPFI/Inner race spacing.
timesignal (52).uff,velocity_from_acceleration,mm/s,0.062500032,420.062715,0.300706119,0.286862266,No,,,,,,,,,No clear sideband pattern,Significant peak; no table match within tolerance. Trend and inspect if amplitude is high.
timesignal (52).uff,velocity_from_acceleration,mm/s,0.062500032,463.875238,0.345968069,0.333304866,Yes,gear,Gear mesh,GMF Stage 1,1,462,1.8752375,4.62,Gear mesh GMF Stage 1 H1 462.000 Hz; Input shaft bearing 151 RE BSF/Rolling element H9 466.290 Hz,"5 sideband(s), spacing 20.625 Hz ~ Output shaft bearing 250 OR BPFO/Outer race (23.970 Hz)",Gear characteristic match (primary attention for this spectrum type): Gear mesh GMF Stage 1 H1. Sidebands present with Output shaft bearing 250 OR BPFO/Outer race spacing.
timesignal (52).uff,velocity_from_acceleration,mm/s,0.062500032,476.375244,0.313662066,0.300108119,No,,,,,,,,,No clear sideband pattern,Significant peak; no table match within tolerance. Trend and inspect if amplitude is high.
timesignal (52).uff,velocity_from_acceleration,mm/s,0.062500032,484.500248,0.870480773,0.850185567,No,,,,,,,,,No clear sideband pattern,Significant peak; no table match within tolerance. Trend and inspect if amplitude is high.
timesignal (52).uff,velocity_from_acceleration,mm/s,0.062500032,492.625252,0.449508307,0.4323577,No,,,,,,,,,No clear sideband pattern,Significant peak; no table match within tolerance. Trend and inspect if amplitude is high.
timesignal (52).uff,velocity_from_acceleration,mm/s,0.062500032,500.812756,0.532360773,0.512025523,Yes,bearing,2nd shaft bearing 350/351,IR BPFI/Inner race,7,501.55,0.737243584,5.0155,2nd shaft bearing 350/351 IR BPFI/Inner race H7 501.550 Hz; 2nd shaft bearing 350 IR BPFI/Inner race H7 499.450 Hz; 2nd shaft bearing 350 OR BPFO/Outer race H10 502.300 Hz; 2nd shaft bearing 350/351 OR BPFO/Outer race H10 499.300 Hz; Input shaft bearing 151 OR BPFO/Outer race H4 503.600 Hz,"8 sideband(s), spacing 8.188 Hz ~ 2nd shaft Shaft rotation (8.110 Hz)",Bearing characteristic match (secondary attention for this spectrum type): 2nd shaft bearing 350/351 IR BPFI/Inner race H7. Sidebands present with 2nd shaft Shaft rotation spacing.
timesignal (52).uff,velocity_from_acceleration,mm/s,0.062500032,512.687762,0.287551746,0.267002635,Yes,bearing,Input shaft bearing 151,IR BPFI/Inner race,3,513.33,0.642237504,5.1333,Input shaft bearing 151 IR BPFI/Inner race H3 513.330 Hz; Input shaft bearing 150 OR BPFO/Outer race H4 511.560 Hz; Input shaft bearing 150 RE BSF/Rolling element H9 510.660 Hz,"8 sideband(s), spacing 11.875 Hz ~ Output shaft bearing 250 RE BSF/Rolling element (9.800 Hz)",Bearing characteristic match (secondary attention for this spectrum type): Input shaft bearing 151 IR BPFI/Inner race H3. Sidebands present with Output shaft bearing 250 RE BSF/Rolling element spacing.
timesignal (52).uff,velocity_from_acceleration,mm/s,0.062500032,520.812767,0.352809731,0.327497115,Yes,bearing,Input shaft bearing 151,RE BSF/Rolling element,10,518.1,2.71276666,5.181,Input shaft bearing 151 RE BSF/Rolling element H10 518.100 Hz,"6 sideband(s), spacing 8.125 Hz ~ 2nd shaft Shaft rotation (8.110 Hz)",Bearing characteristic match (secondary attention for this spectrum type): Input shaft bearing 151 RE BSF/Rolling element H10. Sidebands present with 2nd shaft Shaft rotation spacing.
timesignal (52).uff,velocity_from_acceleration,mm/s,0.062500032,537.125275,0.291758682,0.275871983,No,,,,,,,,,No clear sideband pattern,Significant peak; no table match within tolerance. Trend and inspect if amplitude is high.
timesignal (52).uff,velocity_from_acceleration,mm/s,0.062500032,557.125285,0.453815683,0.442550185,No,,,,,,,,,No clear sideband pattern,Significant peak; no table match within tolerance. Trend and inspect if amplitude is high.
timesignal (53).uff,velocity_from_acceleration,mm/s,0.062499968,0.749999616,0.508549499,0.395459637,No,,,,,,,,,No clear sideband pattern,Significant peak; no table match within tolerance. Trend and inspect if amplitude is high.
timesignal (53).uff,velocity_from_acceleration,mm/s,0.062499968,32.4999834,0.227319241,0.217861244,Yes,gear,2nd shaft,Shaft rotation,4,32.44,0.05998336,0.3244,2nd shaft Shaft rotation H4 32.440 Hz; 2nd shaft Wobbling H2 32.420 Hz,"4 sideband(s), spacing 56.312 Hz ~ Input shaft bearing 150 RE BSF/Rolling element (56.740 Hz)",Gear characteristic match (primary attention for this spectrum type): 2nd shaft Shaft rotation H4. Sidebands present with Input shaft bearing 150 RE BSF/Rolling element spacing.
timesignal (53).uff,velocity_from_acceleration,mm/s,0.062499968,55.6874715,1.2653686,1.25553047,Yes,bearing,Input shaft bearing 151,Cage FTF/Cage,8,55.44,0.247471488,0.5544,Input shaft bearing 151 Cage FTF/Cage H8 55.440 Hz,"3 sideband(s), spacing 8.437 Hz ~ 2nd shaft Shaft rotation (8.110 Hz)",Bearing characteristic match (secondary attention for this spectrum type): Input shaft bearing 151 Cage FTF/Cage H8. Sidebands present with 2nd shaft Shaft rotation spacing.
timesignal (53).uff,velocity_from_acceleration,mm/s,0.062499968,72.5624628,0.59580633,0.582937982,Yes,gear,2nd shaft,Shaft rotation,9,72.99,0.427537152,0.7299,2nd shaft Shaft rotation H9 72.990 Hz; Output shaft bearing 250/251 OR BPFO/Outer race H3 71.940 Hz; Output shaft bearing 250 OR BPFO/Outer race H3 71.910 Hz,"3 sideband(s), spacing 4.062 Hz ~ Output shaft Wobbling (4.110 Hz)",Gear characteristic match (primary attention for this spectrum type): 2nd shaft Shaft rotation H9. Sidebands present with Output shaft Wobbling spacing.
timesignal (53).uff,velocity_from_acceleration,mm/s,0.062499968,80.6874587,0.942293201,0.931362017,Yes,gear,2nd shaft,Wobbling,5,81.05,0.362541312,0.8105,2nd shaft Wobbling H5 81.050 Hz; 2nd shaft Shaft rotation H10 81.100 Hz,"3 sideband(s), spacing 56.312 Hz ~ Input shaft bearing 150 RE BSF/Rolling element (56.740 Hz)",Gear characteristic match (primary attention for this spectrum type): 2nd shaft Wobbling H5. Sidebands present with Input shaft bearing 150 RE BSF/Rolling element spacing.
timesignal (53).uff,velocity_from_acceleration,mm/s,0.062499968,88.8124545,0.554851761,0.540961207,Yes,bearing,Output shaft bearing 250/251,RE BSF/Rolling element,9,88.56,0.252454528,0.8856,Output shaft bearing 250/251 RE BSF/Rolling element H9 88.560 Hz; Output shaft bearing 250 IR BPFI/Inner race H3 88.350 Hz; Output shaft bearing 250/251 IR BPFI/Inner race H3 88.350 Hz; 2nd shaft bearing 350 RE BSF/Rolling element H4 88.200 Hz; Output shaft bearing 250 RE BSF/Rolling element H9 88.200 Hz,"4 sideband(s), spacing 8.125 Hz ~ 2nd shaft Shaft rotation (8.110 Hz)",Bearing characteristic match (secondary attention for this spectrum type): Output shaft bearing 250/251 RE BSF/Rolling element H9. Sidebands present with 2nd shaft Shaft rotation spacing.
timesignal (53).uff,velocity_from_acceleration,mm/s,0.062499968,105.749946,0.209366924,0.184921365,No,,,,,,,,,No clear sideband pattern,Significant peak; no table match within tolerance. Trend and inspect if amplitude is high.
timesignal (53).uff,velocity_from_acceleration,mm/s,0.062499968,109.249944,0.518319253,0.499798731,Yes,bearing,2nd shaft bearing 350,RE BSF/Rolling element,5,110.25,1.00005594,1.1025,2nd shaft bearing 350 RE BSF/Rolling element H5 110.250 Hz,"5 sideband(s), spacing 1.031 Hz ~ Output shaft bearing 250 Cage FTF/Cage (0.920 Hz)",Bearing characteristic match (secondary attention for this spectrum type): 2nd shaft bearing 350 RE BSF/Rolling element H5. Sidebands present with Output shaft bearing 250 Cage FTF/Cage spacing.
timesignal (53).uff,velocity_from_acceleration,mm/s,0.062499968,111.312443,1.0066844,0.988834952,Yes,bearing,2nd shaft bearing 350,RE BSF/Rolling element,5,110.25,1.06244301,1.1025,2nd shaft bearing 350 RE BSF/Rolling element H5 110.250 Hz,"2 sideband(s), spacing 1.031 Hz ~ Output shaft bearing 250 Cage FTF/Cage (0.920 Hz)",Bearing characteristic match (secondary attention for this spectrum type): 2nd shaft bearing 350 RE BSF/Rolling element H5. Sidebands present with Output shaft bearing 250 Cage FTF/Cage spacing.
timesignal (53).uff,velocity_from_acceleration,mm/s,0.062499968,113.874942,0.22101379,0.20617473,Yes,bearing,Input shaft bearing 150,RE BSF/Rolling element,2,113.48,0.394941696,1.1348,Input shaft bearing 150 RE BSF/Rolling element H2 113.480 Hz; 2nd shaft Wobbling H7 113.470 Hz,"6 sideband(s), spacing 8.125 Hz ~ 2nd shaft Shaft rotation (8.110 Hz)",Bearing characteristic match (secondary attention for this spectrum type): Input shaft bearing 150 RE BSF/Rolling element H2. Sidebands present with 2nd shaft Shaft rotation spacing.
timesignal (53).uff,velocity_from_acceleration,mm/s,0.062499968,125.124936,0.476255704,0.457900681,Yes,bearing,Input shaft bearing 151,OR BPFO/Outer race,1,125.9,0.775064064,1.259,Input shaft bearing 151 OR BPFO/Outer race H1 125.900 Hz,"4 sideband(s), spacing 5.000 Hz ~ Output shaft Wobbling (4.110 Hz)",Bearing characteristic match (secondary attention for this spectrum type): Input shaft bearing 151 OR BPFO/Outer race H1. Sidebands present with Output shaft Wobbling spacing.
timesignal (53).uff,velocity_from_acceleration,mm/s,0.062499968,130.124933,0.296065212,0.277387514,Yes,gear,2nd shaft,Wobbling,8,129.68,0.444933376,1.2968,2nd shaft Wobbling H8 129.680 Hz; 2nd shaft bearing 350/351 RE BSF/Rolling element H6 128.880 Hz,"5 sideband(s), spacing 24.375 Hz ~ Output shaft bearing 250 OR BPFO/Outer race (23.970 Hz)",Gear characteristic match (primary attention for this spectrum type): 2nd shaft Wobbling H8. Sidebands present with Output shaft bearing 250 OR BPFO/Outer race spacing.
timesignal (53).uff,velocity_from_acceleration,mm/s,0.062499968,136.99993,0.38230562,0.364531937,No,,,,,,,,,No clear sideband pattern,Significant peak; no table match within tolerance. Trend and inspect if amplitude is high.
timesignal (53).uff,velocity_from_acceleration,mm/s,0.062499968,145.124926,0.623332496,0.608896376,Yes,gear,Gear mesh,GMF Stage 2,1,145.89,0.765074304,1.4589,Gear mesh GMF Stage 2 H1 145.890 Hz; 2nd shaft Wobbling H9 145.890 Hz; Output shaft bearing 250/251 OR BPFO/Outer race H6 143.880 Hz; Output shaft bearing 250 OR BPFO/Outer race H6 143.820 Hz,"5 sideband(s), spacing 8.125 Hz ~ 2nd shaft Shaft rotation (8.110 Hz)",Gear characteristic match (primary attention for this spectrum type): Gear mesh GMF Stage 2 H1. Sidebands present with 2nd shaft Shaft rotation spacing.
timesignal (53).uff,velocity_from_acceleration,mm/s,0.062499968,153.249922,0.434562069,0.424598818,Yes,bearing,2nd shaft bearing 350,RE BSF/Rolling element,7,154.35,1.10007846,1.5435,2nd shaft bearing 350 RE BSF/Rolling element H7 154.350 Hz,"7 sideband(s), spacing 23.125 Hz ~ Output shaft bearing 250/251 OR BPFO/Outer race (23.980 Hz)",Bearing characteristic match (secondary attention for this spectrum type): 2nd shaft bearing 350 RE BSF/Rolling element H7. Sidebands present with Output shaft bearing 250/251 OR BPFO/Outer race spacing.
timesignal (53).uff,velocity_from_acceleration,mm/s,0.062499968,166.999914,0.231344635,0.222634502,Yes,bearing,Output shaft bearing 250,OR BPFO/Outer race,7,167.79,0.790085504,1.6779,Output shaft bearing 250 OR BPFO/Outer race H7 167.790 Hz; Output shaft bearing 250/251 OR BPFO/Outer race H7 167.860 Hz,"4 sideband(s), spacing 21.875 Hz ~ 2nd shaft bearing 350/351 RE BSF/Rolling element (21.480 Hz)",Bearing characteristic match (secondary attention for this spectrum type): Output shaft bearing 250 OR BPFO/Outer race H7. Sidebands present with 2nd shaft bearing 350/351 RE BSF/Rolling element spacing.
timesignal (53).uff,velocity_from_acceleration,mm/s,0.062499968,169.499913,0.794248451,0.781456106,Yes,bearing,Input shaft bearing 150,IR BPFI/Inner race,1,169.11,0.389913216,1.6911,Input shaft bearing 150 IR BPFI/Inner race H1 169.110 Hz; Input shaft bearing 150 RE BSF/Rolling element H3 170.220 Hz; Input shaft bearing 151 IR BPFI/Inner race H1 171.110 Hz; Output shaft bearing 250/251 OR BPFO/Outer race H7 167.860 Hz,"6 sideband(s), spacing 8.125 Hz ~ 2nd shaft Shaft rotation (8.110 Hz)",Bearing characteristic match (secondary attention for this spectrum type): Input shaft bearing 150 IR BPFI/Inner race H1. Sidebands present with 2nd shaft Shaft rotation spacing.
timesignal (53).uff,velocity_from_acceleration,mm/s,0.062499968,177.687409,0.244252409,0.233029098,Yes,bearing,Output shaft bearing 250,IR BPFI/Inner race,6,176.7,0.987409024,1.767,Output shaft bearing 250 IR BPFI/Inner race H6 176.700 Hz; Output shaft bearing 250/251 IR BPFI/Inner race H6 176.700 Hz; 2nd shaft bearing 350 RE BSF/Rolling element H8 176.400 Hz,"7 sideband(s), spacing 8.187 Hz ~ 2nd shaft Shaft rotation (8.110 Hz)",Bearing characteristic match (secondary attention for this spectrum type): Output shaft bearing 250 IR BPFI/Inner race H6. Sidebands present with 2nd shaft Shaft rotation spacing.
timesignal (53).uff,velocity_from_acceleration,mm/s,0.062499968,185.812405,0.341253229,0.318458876,No,,,,,,,,,No clear sideband pattern,Significant peak; no table match within tolerance. Trend and inspect if amplitude is high.
timesignal (53).uff,velocity_from_acceleration,mm/s,0.062499968,193.937401,0.358713374,0.344303481,Yes,bearing,2nd shaft bearing 350/351,RE BSF/Rolling element,9,193.32,0.617400704,1.9332,2nd shaft bearing 350/351 RE BSF/Rolling element H9 193.320 Hz,"7 sideband(s), spacing 16.250 Hz ~ 2nd shaft Wobbling (16.210 Hz)",Bearing characteristic match (secondary attention for this spectrum type): 2nd shaft bearing 350/351 RE BSF/Rolling element H9. Sidebands present with 2nd shaft Wobbling spacing.
timesignal (53).uff,velocity_from_acceleration,mm/s,0.062499968,202.062397,0.335948341,0.320930744,Yes,bearing,2nd shaft bearing 350,OR BPFO/Outer race,4,200.92,1.14239654,2.0092,2nd shaft bearing 350 OR BPFO/Outer race H4 200.920 Hz,"7 sideband(s), spacing 16.250 Hz ~ 2nd shaft Wobbling (16.210 Hz)",Bearing characteristic match (secondary attention for this spectrum type): 2nd shaft bearing 350 OR BPFO/Outer race H4. Sidebands present with 2nd shaft Wobbling spacing.
timesignal (53).uff,velocity_from_acceleration,mm/s,0.062499968,209.562393,0.252605968,0.240150292,No,,,,,,,,,No clear sideband pattern,Significant peak; no table match within tolerance. Trend and inspect if amplitude is high.
timesignal (53).uff,velocity_from_acceleration,mm/s,0.062499968,225.812384,0.234815045,0.217177055,Yes,bearing,Input shaft bearing 150,RE BSF/Rolling element,4,226.96,1.14761562,2.2696,Input shaft bearing 150 RE BSF/Rolling element H4 226.960 Hz,"7 sideband(s), spacing 8.125 Hz ~ 2nd shaft Shaft rotation (8.110 Hz)",Bearing characteristic match (secondary attention for this spectrum type): Input shaft bearing 150 RE BSF/Rolling element H4. Sidebands present with 2nd shaft Shaft rotation spacing.
timesignal (53).uff,velocity_from_acceleration,mm/s,0.062499968,233.93738,0.659080012,0.637666832,Yes,bearing,Output shaft bearing 250,IR BPFI/Inner race,8,235.6,1.66261978,2.356,Output shaft bearing 250 IR BPFI/Inner race H8 235.600 Hz; Output shaft bearing 250/251 IR BPFI/Inner race H8 235.600 Hz,"7 sideband(s), spacing 8.125 Hz ~ 2nd shaft Shaft rotation (8.110 Hz)",Bearing characteristic match (secondary attention for this spectrum type): Output shaft bearing 250 IR BPFI/Inner race H8. Sidebands present with 2nd shaft Shaft rotation spacing.
timesignal (53).uff,velocity_from_acceleration,mm/s,0.062499968,242.124876,0.384589041,0.37193976,Yes,bearing,Output shaft bearing 250/251,OR BPFO/Outer race,10,239.8,2.32487603,2.398,Output shaft bearing 250/251 OR BPFO/Outer race H10 239.800 Hz,"7 sideband(s), spacing 8.187 Hz ~ 2nd shaft Shaft rotation (8.110 Hz)",Bearing characteristic match (secondary attention for this spectrum type): Output shaft bearing 250/251 OR BPFO/Outer race H10. Sidebands present with 2nd shaft Shaft rotation spacing.
timesignal (53).uff,velocity_from_acceleration,mm/s,0.062499968,250.249872,0.939505401,0.922610749,Yes,bearing,2nd shaft bearing 350/351,OR BPFO/Outer race,5,249.65,0.599871872,2.4965,2nd shaft bearing 350/351 OR BPFO/Outer race H5 249.650 Hz; 2nd shaft bearing 350 OR BPFO/Outer race H5 251.150 Hz; Input shaft bearing 151 OR BPFO/Outer race H2 251.800 Hz,"5 sideband(s), spacing 8.125 Hz ~ 2nd shaft Shaft rotation (8.110 Hz)",Bearing characteristic match (secondary attention for this spectrum type): 2nd shaft bearing 350/351 OR BPFO/Outer race H5. Sidebands present with 2nd shaft Shaft rotation spacing.
timesignal (53).uff,velocity_from_acceleration,mm/s,0.062499968,258.374868,0.847458762,0.824468635,Yes,bearing,Input shaft bearing 151,RE BSF/Rolling element,5,259.05,0.675132288,2.5905,Input shaft bearing 151 RE BSF/Rolling element H5 259.050 Hz,"5 sideband(s), spacing 8.125 Hz ~ 2nd shaft Shaft rotation (8.110 Hz)",Bearing characteristic match (secondary attention for this spectrum type): Input shaft bearing 151 RE BSF/Rolling element H5. Sidebands present with 2nd shaft Shaft rotation spacing.
timesignal (53).uff,velocity_from_acceleration,mm/s,0.062499968,266.499864,0.524772023,0.504272494,Yes,bearing,Output shaft bearing 250,IR BPFI/Inner race,9,265.05,1.44986355,2.6505,Output shaft bearing 250 IR BPFI/Inner race H9 265.050 Hz; Output shaft bearing 250/251 IR BPFI/Inner race H9 265.050 Hz; Input/Motor shaft Wobbling H8 264.000 Hz,"5 sideband(s), spacing 8.125 Hz ~ 2nd shaft Shaft rotation (8.110 Hz)",Bearing characteristic match (secondary attention for this spectrum type): Output shaft bearing 250 IR BPFI/Inner race H9. Sidebands present with 2nd shaft Shaft rotation spacing.
timesignal (53).uff,velocity_from_acceleration,mm/s,0.062499968,274.624859,0.387732667,0.370804036,No,,,,,,,,,No clear sideband pattern,Significant peak; no table match within tolerance. Trend and inspect if amplitude is high.
timesignal (53).uff,velocity_from_acceleration,mm/s,0.062499968,317.187338,0.344057737,0.328866324,No,,,,,,,,,No clear sideband pattern,Significant peak; no table match within tolerance. Trend and inspect if amplitude is high.
timesignal (53).uff,velocity_from_acceleration,mm/s,0.062499968,322.812335,0.89479229,0.874871345,No,,,,,,,,,No clear sideband pattern,Significant peak; no table match within tolerance. Trend and inspect if amplitude is high.
timesignal (53).uff,velocity_from_acceleration,mm/s,0.062499968,325.312333,0.281546006,0.267397383,No,,,,,,,,,No clear sideband pattern,Significant peak; no table match within tolerance. Trend and inspect if amplitude is high.
timesignal (53).uff,velocity_from_acceleration,mm/s,0.062499968,333.999829,0.196780944,0.185051765,No,,,,,,,,,No clear sideband pattern,Significant peak; no table match within tolerance. Trend and inspect if amplitude is high.
timesignal (53).uff,velocity_from_acceleration,mm/s,0.062499968,347.187322,0.27703283,0.264390513,Yes,bearing,2nd shaft bearing 350/351,OR BPFO/Outer race,7,349.51,2.32267776,3.4951,2nd shaft bearing 350/351 OR BPFO/Outer race H7 349.510 Hz,"4 sideband(s), spacing 8.125 Hz ~ Input shaft bearing 150 Cage FTF/Cage (7.110 Hz)",Bearing characteristic match (secondary attention for this spectrum type): 2nd shaft bearing 350/351 OR BPFO/Outer race H7. Sidebands present with Input shaft bearing 150 Cage FTF/Cage spacing.
timesignal (53).uff,velocity_from_acceleration,mm/s,0.062499968,355.312318,0.203935025,0.191095742,Yes,bearing,2nd shaft bearing 350,IR BPFI/Inner race,5,356.75,1.43768192,3.5675,2nd shaft bearing 350 IR BPFI/Inner race H5 356.750 Hz; 2nd shaft bearing 350/351 IR BPFI/Inner race H5 358.250 Hz,"4 sideband(s), spacing 8.125 Hz ~ Output shaft bearing 250 RE BSF/Rolling element (9.800 Hz)",Bearing characteristic match (secondary attention for this spectrum type): 2nd shaft bearing 350 IR BPFI/Inner race H5. Sidebands present with Output shaft bearing 250 RE BSF/Rolling element spacing.
timesignal (54).uff,acceleration,m/s²,0.999999283,322.999768,1.98039748,1.73420246,No,,,,,,,,,No clear sideband pattern,Significant peak; no table match within tolerance. Trend and inspect if amplitude is high.
timesignal (54).uff,acceleration,m/s²,0.999999283,484.999652,2.48781777,1.91794988,No,,,,,,,,,No clear sideband pattern,Significant peak; no table match within tolerance. Trend and inspect if amplitude is high.
timesignal (54).uff,acceleration,m/s²,0.999999283,492.999647,1.77136566,1.11484244,No,,,,,,,,,No clear sideband pattern,Significant peak; no table match within tolerance. Trend and inspect if amplitude is high.
timesignal (54).uff,acceleration,m/s²,0.999999283,500.999641,2.01882293,1.37043872,Yes,bearing,2nd shaft bearing 350/351,IR BPFI/Inner race,7,501.55,0.550359117,5.0155,2nd shaft bearing 350/351 IR BPFI/Inner race H7 501.550 Hz; 2nd shaft bearing 350 OR BPFO/Outer race H10 502.300 Hz; 2nd shaft bearing 350 IR BPFI/Inner race H7 499.450 Hz; 2nd shaft bearing 350/351 OR BPFO/Outer race H10 499.300 Hz; Input shaft bearing 151 OR BPFO/Outer race H4 503.600 Hz,"4 sideband(s), spacing 8.000 Hz ~ Output shaft Wobbling (4.110 Hz)",Bearing characteristic match (primary attention for this spectrum type): 2nd shaft bearing 350/351 IR BPFI/Inner race H7. Sidebands present with Output shaft Wobbling spacing.
timesignal (54).uff,acceleration,m/s²,0.999999283,556.999601,1.9154242,1.55317869,No,,,,,,,,,No clear sideband pattern,Significant peak; no table match within tolerance. Trend and inspect if amplitude is high.
timesignal (54).uff,acceleration,m/s²,0.999999283,662.999525,1.58144485,1.21001552,No,,,,,,,,,No clear sideband pattern,Significant peak; no table match within tolerance. Trend and inspect if amplitude is high.
timesignal (54).uff,acceleration,m/s²,0.999999283,753.99946,1.5509554,1.40760582,Yes,bearing,Input shaft bearing 151,OR BPFO/Outer race,6,755.4,1.40054047,7.554,Input shaft bearing 151 OR BPFO/Outer race H6 755.400 Hz,No clear sideband pattern,Bearing characteristic match (primary attention for this spectrum type): Input shaft bearing 151 OR BPFO/Outer race H6. No clear sideband family detected from significant peaks.
timesignal (55).uff,envelope,m/s²,0.0999756859,8.09803056,2.30847343,2.16261744,Yes,gear,2nd shaft,Shaft rotation,1,8.11,0.011969441,0.199951372,2nd shaft Shaft rotation H1 8.110 Hz; Output shaft Shaft rotation H4 8.200 Hz; Output shaft Wobbling H2 8.220 Hz; Output shaft bearing 250 Cage FTF/Cage H9 8.280 Hz; Output shaft bearing 250/251 Cage FTF/Cage H9 8.280 Hz,No clear sideband pattern,Gear characteristic match (secondary attention for this spectrum type): 2nd shaft Shaft rotation H1. No clear sideband family detected from significant peaks.
timesignal (55).uff,envelope,m/s²,0.0999756859,24.3940674,0.734737768,0.610377758,Yes,gear,2nd shaft,Shaft rotation,3,24.33,0.0640673628,0.2433,2nd shaft Shaft rotation H3 24.330 Hz,"5 sideband(s), spacing 16.296 Hz ~ 2nd shaft Wobbling (16.210 Hz)",Gear characteristic match (secondary attention for this spectrum type): 2nd shaft Shaft rotation H3. Sidebands present with 2nd shaft Wobbling spacing.
timesignal (55).uff,envelope,m/s²,0.0999756859,31.8922438,0.538495013,0.409238128,No,,,,,,,,,No clear sideband pattern,Significant peak; no table match within tolerance. Trend and inspect if amplitude is high.
timesignal (55).uff,envelope,m/s²,0.0999756859,40.6901042,0.608660838,0.479346348,Yes,gear,2nd shaft,Shaft rotation,5,40.55,0.140104167,0.4055,2nd shaft Shaft rotation H5 40.550 Hz; Output shaft Wobbling H10 41.100 Hz,"5 sideband(s), spacing 16.296 Hz ~ 2nd shaft Wobbling (16.210 Hz)",Gear characteristic match (secondary attention for this spectrum type): 2nd shaft Shaft rotation H5. Sidebands present with 2nd shaft Wobbling spacing.
timesignal (55).uff,envelope,m/s²,0.0999756859,48.1882806,0.869955758,0.737197494,Yes,bearing,Output shaft bearing 250/251,OR BPFO/Outer race,2,47.96,0.22828061,0.4796,Output shaft bearing 250/251 OR BPFO/Outer race H2 47.960 Hz; Output shaft bearing 250 OR BPFO/Outer race H2 47.940 Hz; Input shaft bearing 151 Cage FTF/Cage H7 48.510 Hz; 2nd shaft Wobbling H3 48.630 Hz; 2nd shaft Shaft rotation H6 48.660 Hz,"5 sideband(s), spacing 8.098 Hz ~ 2nd shaft Shaft rotation (8.110 Hz)",Bearing characteristic match (primary attention for this spectrum type): Output shaft bearing 250/251 OR BPFO/Outer race H2. Sidebands present with 2nd shaft Shaft rotation spacing.
timesignal (55).uff,envelope,m/s²,0.0999756859,56.2863112,0.58530823,0.459726894,Yes,bearing,Input shaft bearing 150,RE BSF/Rolling element,1,56.74,0.453688831,0.5674,Input shaft bearing 150 RE BSF/Rolling element H1 56.740 Hz; 2nd shaft Shaft rotation H7 56.770 Hz,"6 sideband(s), spacing 8.098 Hz ~ 2nd shaft Shaft rotation (8.110 Hz)",Bearing characteristic match (primary attention for this spectrum type): Input shaft bearing 150 RE BSF/Rolling element H1. Sidebands present with 2nd shaft Shaft rotation spacing.
timesignal (55).uff,envelope,m/s²,0.0999756859,64.4843174,0.543462018,0.426894563,Yes,bearing,2nd shaft bearing 350/351,RE BSF/Rolling element,3,64.44,0.044317414,0.6444,2nd shaft bearing 350/351 RE BSF/Rolling element H3 64.440 Hz; 2nd shaft Wobbling H4 64.840 Hz; 2nd shaft Shaft rotation H8 64.880 Hz; Input shaft bearing 150 Cage FTF/Cage H9 63.990 Hz,"6 sideband(s), spacing 8.198 Hz ~ 2nd shaft Shaft rotation (8.110 Hz)",Bearing characteristic match (primary attention for this spectrum type): 2nd shaft bearing 350/351 RE BSF/Rolling element H3. Sidebands present with 2nd shaft Shaft rotation spacing.
timesignal (55).uff,envelope,m/s²,0.0999756859,72.582348,0.774188054,0.665066882,Yes,gear,2nd shaft,Shaft rotation,9,72.99,0.407652027,0.7299,2nd shaft Shaft rotation H9 72.990 Hz; Output shaft bearing 250/251 OR BPFO/Outer race H3 71.940 Hz; Output shaft bearing 250 OR BPFO/Outer race H3 71.910 Hz,"6 sideband(s), spacing 8.098 Hz ~ 2nd shaft Shaft rotation (8.110 Hz)",Gear characteristic match (secondary attention for this spectrum type): 2nd shaft Shaft rotation H9. Sidebands present with 2nd shaft Shaft rotation spacing.
timesignal (55).uff,envelope,m/s²,0.0999756859,80.7803542,1.82807043,1.70202325,Yes,gear,2nd shaft,Wobbling,5,81.05,0.269645782,0.8105,2nd shaft Wobbling H5 81.050 Hz; 2nd shaft Shaft rotation H10 81.100 Hz,"3 sideband(s), spacing 8.198 Hz ~ 2nd shaft Shaft rotation (8.110 Hz)",Gear characteristic match (secondary attention for this spectrum type): 2nd shaft Wobbling H5. Sidebands present with 2nd shaft Shaft rotation spacing.
timesignal (55).uff,envelope,m/s²,0.0999756859,88.8783848,1.65988386,1.55835343,Yes,bearing,Output shaft bearing 250/251,RE BSF/Rolling element,9,88.56,0.318384777,0.8856,Output shaft bearing 250/251 RE BSF/Rolling element H9 88.560 Hz; Output shaft bearing 250 IR BPFI/Inner race H3 88.350 Hz; Output shaft bearing 250/251 IR BPFI/Inner race H3 88.350 Hz; 2nd shaft bearing 350 RE BSF/Rolling element H4 88.200 Hz; Output shaft bearing 250 RE BSF/Rolling element H9 88.200 Hz,"4 sideband(s), spacing 8.098 Hz ~ 2nd shaft Shaft rotation (8.110 Hz)",Bearing characteristic match (primary attention for this spectrum type): Output shaft bearing 250/251 RE BSF/Rolling element H9. Sidebands present with 2nd shaft Shaft rotation spacing.
timesignal (55).uff,envelope,m/s²,0.0999756859,105.174422,0.621340784,0.529248085,No,,,,,,,,,No clear sideband pattern,Significant peak; no table match within tolerance. Trend and inspect if amplitude is high.
timesignal (55).uff,envelope,m/s²,0.0999756859,113.272452,0.554027943,0.438730563,Yes,gear,2nd shaft,Wobbling,7,113.47,0.19754786,1.1347,2nd shaft Wobbling H7 113.470 Hz; Input shaft bearing 150 RE BSF/Rolling element H2 113.480 Hz,"7 sideband(s), spacing 15.696 Hz ~ 2nd shaft Wobbling (16.210 Hz)",Gear characteristic match (secondary attention for this spectrum type): 2nd shaft Wobbling H7. Sidebands present with 2nd shaft Wobbling spacing.
timesignal (55).uff,envelope,m/s²,0.0999756859,125.669437,0.556803174,0.463259908,Yes,bearing,Input shaft bearing 151,OR BPFO/Outer race,1,125.9,0.230562807,1.259,Input shaft bearing 151 OR BPFO/Outer race H1 125.900 Hz,"3 sideband(s), spacing 6.832 Hz ~ Input shaft bearing 151 Cage FTF/Cage (6.930 Hz)",Bearing characteristic match (primary attention for this spectrum type): Input shaft bearing 151 OR BPFO/Outer race H1. Sidebands present with Input shaft bearing 151 Cage FTF/Cage spacing.
timesignal (55).uff,envelope,m/s²,0.0999756859,128.968635,0.499689105,0.379548519,Yes,bearing,2nd shaft bearing 350/351,RE BSF/Rolling element,6,128.88,0.088634828,1.2888,2nd shaft bearing 350/351 RE BSF/Rolling element H6 128.880 Hz; 2nd shaft Wobbling H8 129.680 Hz; Input shaft bearing 150 OR BPFO/Outer race H1 127.890 Hz,"7 sideband(s), spacing 15.696 Hz ~ 2nd shaft Wobbling (16.210 Hz)",Bearing characteristic match (primary attention for this spectrum type): 2nd shaft bearing 350/351 RE BSF/Rolling element H6. Sidebands present with 2nd shaft Wobbling spacing.
timesignal (55).uff,envelope,m/s²,0.0999756859,137.066665,0.675819868,0.584339425,No,,,,,,,,,No clear sideband pattern,Significant peak; no table match within tolerance. Trend and inspect if amplitude is high.
timesignal (55).uff,envelope,m/s²,0.0999756859,145.264672,0.613968002,0.533141484,Yes,gear,Gear mesh,GMF Stage 2,1,145.89,0.625328368,1.4589,Gear mesh GMF Stage 2 H1 145.890 Hz; 2nd shaft Wobbling H9 145.890 Hz; Output shaft bearing 250/251 OR BPFO/Outer race H6 143.880 Hz,"7 sideband(s), spacing 8.198 Hz ~ 2nd shaft Shaft rotation (8.110 Hz)",Gear characteristic match (secondary attention for this spectrum type): Gear mesh GMF Stage 2 H1. Sidebands present with 2nd shaft Shaft rotation spacing.
timesignal (55).uff,envelope,m/s²,0.0999756859,153.362702,0.530623989,0.431209704,Yes,bearing,2nd shaft bearing 350,RE BSF/Rolling element,7,154.35,0.987297809,1.5435,2nd shaft bearing 350 RE BSF/Rolling element H7 154.350 Hz,"7 sideband(s), spacing 8.098 Hz ~ 2nd shaft Shaft rotation (8.110 Hz)",Bearing characteristic match (primary attention for this spectrum type): 2nd shaft bearing 350 RE BSF/Rolling element H7. Sidebands present with 2nd shaft Shaft rotation spacing.
timesignal (55).uff,envelope,m/s²,0.0999756859,161.460733,0.866510291,0.780344724,Yes,gear,2nd shaft,Wobbling,10,162.1,0.63926725,1.621,2nd shaft Wobbling H10 162.100 Hz,"8 sideband(s), spacing 8.098 Hz ~ 2nd shaft Shaft rotation (8.110 Hz)",Gear characteristic match (secondary attention for this spectrum type): 2nd shaft Wobbling H10. Sidebands present with 2nd shaft Shaft rotation spacing.
timesignal (55).uff,envelope,m/s²,0.0999756859,169.658739,0.831287033,0.730710944,Yes,bearing,Input shaft bearing 150,IR BPFI/Inner race,1,169.11,0.548738995,1.6911,Input shaft bearing 150 IR BPFI/Inner race H1 169.110 Hz; Input shaft bearing 150 RE BSF/Rolling element H3 170.220 Hz; Input shaft bearing 151 IR BPFI/Inner race H1 171.110 Hz,"8 sideband(s), spacing 8.198 Hz ~ 2nd shaft Shaft rotation (8.110 Hz)",Bearing characteristic match (primary attention for this spectrum type): Input shaft bearing 150 IR BPFI/Inner race H1. Sidebands present with 2nd shaft Shaft rotation spacing.
timesignal (55).uff,envelope,m/s²,0.0999756859,177.75677,0.486360764,0.415021127,Yes,bearing,Output shaft bearing 250,IR BPFI/Inner race,6,176.7,1.05676955,1.767,Output shaft bearing 250 IR BPFI/Inner race H6 176.700 Hz; Output shaft bearing 250/251 IR BPFI/Inner race H6 176.700 Hz; 2nd shaft bearing 350 RE BSF/Rolling element H8 176.400 Hz,"7 sideband(s), spacing 8.098 Hz ~ 2nd shaft Shaft rotation (8.110 Hz)",Bearing characteristic match (primary attention for this spectrum type): Output shaft bearing 250 IR BPFI/Inner race H6. Sidebands present with 2nd shaft Shaft rotation spacing.
timesignal (55).uff,envelope,m/s²,0.0999756859,185.254946,0.579434946,0.503588882,No,,,,,,,,,No clear sideband pattern,Significant peak; no table match within tolerance. Trend and inspect if amplitude is high.
timesignal (55).uff,envelope,m/s²,0.0999756859,193.452952,0.4156463,0.338789914,Yes,bearing,2nd shaft bearing 350/351,RE BSF/Rolling element,9,193.32,0.132952242,1.9332,2nd shaft bearing 350/351 RE BSF/Rolling element H9 193.320 Hz; Output shaft bearing 250/251 OR BPFO/Outer race H8 191.840 Hz; Output shaft bearing 250 OR BPFO/Outer race H8 191.760 Hz,"6 sideband(s), spacing 8.198 Hz ~ 2nd shaft Shaft rotation (8.110 Hz)",Bearing characteristic match (primary attention for this spectrum type): 2nd shaft bearing 350/351 RE BSF/Rolling element H9. Sidebands present with 2nd shaft Shaft rotation spacing.
timesignal (55).uff,envelope,m/s²,0.0999756859,202.150837,0.485753085,0.393415547,Yes,bearing,2nd shaft bearing 350,OR BPFO/Outer race,4,200.92,1.23083692,2.0092,2nd shaft bearing 350 OR BPFO/Outer race H4 200.920 Hz,"6 sideband(s), spacing 16.896 Hz ~ 2nd shaft Wobbling (16.210 Hz)",Bearing characteristic match (primary attention for this spectrum type): 2nd shaft bearing 350 OR BPFO/Outer race H4. Sidebands present with 2nd shaft Wobbling spacing.
timesignal (55).uff,envelope,m/s²,0.0999756859,217.84702,0.641737875,0.545582501,Yes,bearing,Output shaft bearing 250/251,OR BPFO/Outer race,9,215.82,2.0270196,2.1582,Output shaft bearing 250/251 OR BPFO/Outer race H9 215.820 Hz; Output shaft bearing 250 OR BPFO/Outer race H9 215.730 Hz,"5 sideband(s), spacing 7.848 Hz ~ 2nd shaft Shaft rotation (8.110 Hz)",Bearing characteristic match (primary attention for this spectrum type): Output shaft bearing 250/251 OR BPFO/Outer race H9. Sidebands present with 2nd shaft Shaft rotation spacing.
timesignal (55).uff,envelope,m/s²,0.0999756859,242.241087,0.673309613,0.601833112,No,,,,,,,,,No clear sideband pattern,Significant peak; no table match within tolerance. Trend and inspect if amplitude is high.
timesignal (55).uff,envelope,m/s²,0.0999756859,250.439093,0.473548453,0.383195746,Yes,bearing,2nd shaft bearing 350,OR BPFO/Outer race,5,251.15,0.710906787,2.5115,2nd shaft bearing 350 OR BPFO/Outer race H5 251.150 Hz; 2nd shaft bearing 350/351 OR BPFO/Outer race H5 249.650 Hz; Input shaft bearing 151 OR BPFO/Outer race H2 251.800 Hz,"4 sideband(s), spacing 16.296 Hz ~ 2nd shaft Wobbling (16.210 Hz)",Bearing characteristic match (primary attention for this spectrum type): 2nd shaft bearing 350 OR BPFO/Outer race H5. Sidebands present with 2nd shaft Wobbling spacing.
timesignal (55).uff,envelope,m/s²,0.0999756859,314.823435,0.509573156,0.434070407,No,,,,,,,,,No clear sideband pattern,Significant peak; no table match within tolerance. Trend and inspect if amplitude is high.
timesignal (55).uff,envelope,m/s²,0.0999756859,323.021441,0.889624794,0.836751894,No,,,,,,,,,No clear sideband pattern,Significant peak; no table match within tolerance. Trend and inspect if amplitude is high.
timesignal (55).uff,envelope,m/s²,0.0999756859,331.119472,0.623579008,0.538536166,Yes,gear,Input/Motor shaft,Wobbling,10,330,1.11947174,3.3,Input/Motor shaft Wobbling H10 330.000 Hz,"3 sideband(s), spacing 56.636 Hz ~ Input shaft bearing 150 RE BSF/Rolling element (56.740 Hz)",Gear characteristic match (secondary attention for this spectrum type): Input/Motor shaft Wobbling H10. Sidebands present with Input shaft bearing 150 RE BSF/Rolling element spacing.
timesignal (56).uff,envelope,m/s²,0.062500032,8.12500416,0.678374299,0.636845932,Yes,gear,2nd shaft,Shaft rotation,1,8.11,0.01500416,0.125000064,2nd shaft Shaft rotation H1 8.110 Hz; Output shaft Shaft rotation H4 8.200 Hz; Output shaft Wobbling H2 8.220 Hz,No clear sideband pattern,Gear characteristic match (secondary attention for this spectrum type): 2nd shaft Shaft rotation H1. No clear sideband family detected from significant peaks.
timesignal (56).uff,envelope,m/s²,0.062500032,32.5625167,0.399623313,0.368397108,Yes,gear,2nd shaft,Shaft rotation,4,32.44,0.122516672,0.3244,2nd shaft Shaft rotation H4 32.440 Hz; 2nd shaft Wobbling H2 32.420 Hz; Output shaft Wobbling H8 32.880 Hz,"2 sideband(s), spacing 8.146 Hz ~ 2nd shaft Shaft rotation (8.110 Hz)",Gear characteristic match (secondary attention for this spectrum type): 2nd shaft Shaft rotation H4. Sidebands present with 2nd shaft Shaft rotation spacing.
timesignal (56).uff,envelope,m/s²,0.062500032,48.1875247,0.234482847,0.205083516,Yes,bearing,Output shaft bearing 250/251,OR BPFO/Outer race,2,47.96,0.227524672,0.4796,Output shaft bearing 250/251 OR BPFO/Outer race H2 47.960 Hz; Output shaft bearing 250 OR BPFO/Outer race H2 47.940 Hz; Input shaft bearing 151 Cage FTF/Cage H7 48.510 Hz; 2nd shaft Wobbling H3 48.630 Hz; 2nd shaft Shaft rotation H6 48.660 Hz,"2 sideband(s), spacing 8.146 Hz ~ 2nd shaft Shaft rotation (8.110 Hz)",Bearing characteristic match (primary attention for this spectrum type): Output shaft bearing 250/251 OR BPFO/Outer race H2. Sidebands present with 2nd shaft Shaft rotation spacing.
timesignal (56).uff,envelope,m/s²,0.062500032,57.0000292,0.166602107,0.139985893,Yes,bearing,Input shaft bearing 150,Cage FTF/Cage,8,56.88,0.120029184,0.5688,Input shaft bearing 150 Cage FTF/Cage H8 56.880 Hz; 2nd shaft Shaft rotation H7 56.770 Hz; Input shaft bearing 150 RE BSF/Rolling element H1 56.740 Hz,"4 sideband(s), spacing 7.813 Hz ~ 2nd shaft Shaft rotation (8.110 Hz)",Bearing characteristic match (primary attention for this spectrum type): Input shaft bearing 150 Cage FTF/Cage H8. Sidebands present with 2nd shaft Shaft rotation spacing.
timesignal (56).uff,envelope,m/s²,0.062500032,72.6250372,0.188332457,0.161818996,Yes,gear,2nd shaft,Shaft rotation,9,72.99,0.364962816,0.7299,2nd shaft Shaft rotation H9 72.990 Hz; Output shaft bearing 250/251 OR BPFO/Outer race H3 71.940 Hz; Output shaft bearing 250 OR BPFO/Outer race H3 71.910 Hz,"3 sideband(s), spacing 8.125 Hz ~ 2nd shaft Shaft rotation (8.110 Hz)",Gear characteristic match (secondary attention for this spectrum type): 2nd shaft Shaft rotation H9. Sidebands present with 2nd shaft Shaft rotation spacing.
timesignal (56).uff,envelope,m/s²,0.062500032,80.7500413,0.463444716,0.438393265,Yes,gear,2nd shaft,Wobbling,5,81.05,0.299958656,0.8105,2nd shaft Wobbling H5 81.050 Hz; 2nd shaft Shaft rotation H10 81.100 Hz,"3 sideband(s), spacing 8.125 Hz ~ 2nd shaft Shaft rotation (8.110 Hz)",Gear characteristic match (secondary attention for this spectrum type): 2nd shaft Wobbling H5. Sidebands present with 2nd shaft Shaft rotation spacing.
timesignal (56).uff,envelope,m/s²,0.062500032,88.9375455,0.310083543,0.286429315,Yes,bearing,Output shaft bearing 250/251,RE BSF/Rolling element,9,88.56,0.377545536,0.8856,Output shaft bearing 250/251 RE BSF/Rolling element H9 88.560 Hz; Output shaft bearing 250 IR BPFI/Inner race H3 88.350 Hz; Output shaft bearing 250/251 IR BPFI/Inner race H3 88.350 Hz; 2nd shaft bearing 350 RE BSF/Rolling element H4 88.200 Hz; Output shaft bearing 250 RE BSF/Rolling element H9 88.200 Hz,"3 sideband(s), spacing 8.188 Hz ~ 2nd shaft Shaft rotation (8.110 Hz)",Bearing characteristic match (primary attention for this spectrum type): Output shaft bearing 250/251 RE BSF/Rolling element H9. Sidebands present with 2nd shaft Shaft rotation spacing.
timesignal (56).uff,envelope,m/s²,0.062500032,125.687564,0.21508898,0.193489559,Yes,bearing,Input shaft bearing 151,OR BPFO/Outer race,1,125.9,0.212435648,1.259,Input shaft bearing 151 OR BPFO/Outer race H1 125.900 Hz,No clear sideband pattern,Bearing characteristic match (primary attention for this spectrum type): Input shaft bearing 151 OR BPFO/Outer race H1. No clear sideband family detected from significant peaks.
timesignal (56).uff,envelope,m/s²,0.062500032,137.12507,0.225484023,0.207325088,No,,,,,,,,,No clear sideband pattern,Significant peak; no table match within tolerance. Trend and inspect if amplitude is high.
timesignal (56).uff,envelope,m/s²,0.062500032,145.250074,0.199437832,0.17868923,Yes,gear,Gear mesh,GMF Stage 2,1,145.89,0.639925632,1.4589,Gear mesh GMF Stage 2 H1 145.890 Hz; 2nd shaft Wobbling H9 145.890 Hz; Output shaft bearing 250/251 OR BPFO/Outer race H6 143.880 Hz; Output shaft bearing 250 OR BPFO/Outer race H6 143.820 Hz,"2 sideband(s), spacing 8.125 Hz ~ 2nd shaft Shaft rotation (8.110 Hz)",Gear characteristic match (secondary attention for this spectrum type): Gear mesh GMF Stage 2 H1. Sidebands present with 2nd shaft Shaft rotation spacing.
timesignal (56).uff,envelope,m/s²,0.062500032,161.562583,0.16610553,0.145843174,Yes,gear,2nd shaft,Wobbling,10,162.1,0.53741728,1.621,2nd shaft Wobbling H10 162.100 Hz,"2 sideband(s), spacing 8.156 Hz ~ 2nd shaft Shaft rotation (8.110 Hz)",Gear characteristic match (secondary attention for this spectrum type): 2nd shaft Wobbling H10. Sidebands present with 2nd shaft Shaft rotation spacing.
timesignal (56).uff,envelope,m/s²,0.062500032,217.875112,0.168722157,0.148406546,Yes,bearing,Output shaft bearing 250/251,OR BPFO/Outer race,9,215.82,2.05511155,2.1582,Output shaft bearing 250/251 OR BPFO/Outer race H9 215.820 Hz; Output shaft bearing 250 OR BPFO/Outer race H9 215.730 Hz,No clear sideband pattern,Bearing characteristic match (primary attention for this spectrum type): Output shaft bearing 250/251 OR BPFO/Outer race H9. No clear sideband family detected from significant peaks.
timesignal (56).uff,envelope,m/s²,0.062500032,323.062665,0.173274686,0.156216231,No,,,,,,,,,No clear sideband pattern,Significant peak; no table match within tolerance. Trend and inspect if amplitude is high.
