source,center_frequency_hz,sideband_frequency_hz,side,order,detected_spacing_hz,theoretical_spacing_hz,spacing_difference_hz,spacing_identified
timesignal.uff,4.99970764,1.87489037,lower,3,1.04160576,0.92,0.121605759,Output shaft bearing 250 Cage FTF/Cage
timesignal.uff,4.99970764,1.87489037,lower,4,0.781204319,0.92,0.138795681,Output shaft bearing 250 Cage FTF/Cage
timesignal.uff,55.6217475,4.99970764,lower,1,50.6220399,50.23,0.392039876,2nd shaft bearing 350 OR BPFO/Outer race
timesignal.uff,55.6217475,258.109907,upper,4,50.6220399,50.23,0.392039876,2nd shaft bearing 350 OR BPFO/Outer race
timesignal.uff,125.305173,111.243495,lower,2,7.03083887,6.93,0.100838872,Input shaft bearing 151 Cage FTF/Cage
timesignal.uff,125.305173,153.116047,upper,4,6.95271844,6.93,0.0227184398,Input shaft bearing 151 Cage FTF/Cage
timesignal.uff,153.116047,225.611807,upper,3,24.1652536,23.98,0.185253603,Output shaft bearing 250/251 OR BPFO/Outer race
timesignal.uff,153.116047,249.985382,upper,4,24.2173339,23.98,0.237333891,Output shaft bearing 250/251 OR BPFO/Outer race
timesignal.uff,225.611807,241.860857,upper,2,8.12452492,8.11,0.0145249184,2nd shaft Shaft rotation
timesignal.uff,225.611807,249.985382,upper,3,8.12452492,8.11,0.0145249184,2nd shaft Shaft rotation
timesignal.uff,225.611807,258.109907,upper,4,8.12452492,8.11,0.0145249184,2nd shaft Shaft rotation
timesignal.uff,241.860857,249.985382,upper,1,8.12452492,8.11,0.0145249184,2nd shaft Shaft rotation
timesignal.uff,241.860857,225.611807,lower,2,8.12452492,8.11,0.0145249184,2nd shaft Shaft rotation
timesignal.uff,241.860857,258.109907,upper,2,8.12452492,8.11,0.0145249184,2nd shaft Shaft rotation
timesignal.uff,249.985382,241.860857,lower,3,2.70817497,2.05,0.658174973,Output shaft Shaft rotation
timesignal.uff,249.985382,258.109907,upper,3,2.70817497,2.05,0.658174973,Output shaft Shaft rotation
timesignal.uff,249.985382,241.860857,lower,4,2.03113123,2.05,0.0188687704,Output shaft Shaft rotation
timesignal.uff,249.985382,258.109907,upper,4,2.03113123,2.05,0.0188687704,Output shaft Shaft rotation
timesignal.uff,258.109907,249.985382,lower,1,8.12452492,8.11,0.0145249184,2nd shaft Shaft rotation
timesignal.uff,258.109907,241.860857,lower,2,8.12452492,8.11,0.0145249184,2nd shaft Shaft rotation
timesignal.uff,258.109907,225.611807,lower,4,8.12452492,8.11,0.0145249184,2nd shaft Shaft rotation
timesignal (3).uff,8.09803056,80.5804028,upper,3,24.1607908,23.98,0.180790762,Output shaft bearing 250/251 OR BPFO/Outer race
timesignal (3).uff,8.09803056,104.97447,upper,4,24.2191099,23.98,0.239109912,Output shaft bearing 250/251 OR BPFO/Outer race
timesignal (3).uff,32.4920979,80.5804028,upper,2,24.0441525,23.98,0.0641524621,Output shaft bearing 250/251 OR BPFO/Outer race
timesignal (3).uff,32.4920979,104.97447,upper,3,24.1607908,23.98,0.180790762,Output shaft bearing 250/251 OR BPFO/Outer race
timesignal (3).uff,80.5804028,88.6784334,upper,1,8.09803056,8.11,0.011969441,2nd shaft Shaft rotation
timesignal (3).uff,80.5804028,104.97447,upper,3,8.13135579,8.11,0.0213557876,2nd shaft Shaft rotation
timesignal (3).uff,80.5804028,48.0883049,lower,4,8.12302448,8.11,0.0130244804,2nd shaft Shaft rotation
timesignal (3).uff,88.6784334,80.5804028,lower,1,8.09803056,8.11,0.011969441,2nd shaft Shaft rotation
timesignal (3).uff,88.6784334,104.97447,upper,2,8.1480184,8.11,0.0380184019,2nd shaft Shaft rotation
timesignal (3).uff,877.686547,752.317036,lower,4,31.3423775,33,1.65762247,Input/Motor shaft Wobbling
timesignal (3).uff,877.686547,1003.05606,upper,4,31.3423775,33,1.65762247,Input/Motor shaft Wobbling
timesignal (3).uff,1003.05606,877.686547,lower,4,31.3423775,33,1.65762247,Input/Motor shaft Wobbling
timesignal (3).uff,1003.05606,1128.42557,upper,4,31.3423775,33,1.65762247,Input/Motor shaft Wobbling
timesignal (3).uff,1128.42557,1003.05606,lower,4,31.3423775,33,1.65762247,Input/Motor shaft Wobbling
timesignal (3).uff,1128.42557,1253.89505,upper,4,31.3673715,33,1.63262854,Input/Motor shaft Wobbling
timesignal (4).uff,877.886498,752.417012,lower,4,31.3673715,33,1.63262854,Input/Motor shaft Wobbling
timesignal (4).uff,877.886498,1003.25601,upper,4,31.3423775,33,1.65762247,Input/Motor shaft Wobbling
timesignal (4).uff,1003.25601,877.886498,lower,4,31.3423775,33,1.65762247,Input/Motor shaft Wobbling
timesignal (4).uff,1003.25601,1128.62552,upper,4,31.3423775,33,1.65762247,Input/Motor shaft Wobbling
timesignal (4).uff,1128.62552,1003.25601,lower,4,31.3423775,33,1.65762247,Input/Motor shaft Wobbling
timesignal (4).uff,1128.62552,1254.095,upper,4,31.3673715,33,1.63262854,Input/Motor shaft Wobbling
timesignal (5).uff,111.243495,177.489621,upper,2,33.1230631,33,0.123063129,Input/Motor shaft Wobbling
timesignal (5).uff,111.243495,241.860857,upper,4,32.6543405,33,0.345659463,Input/Motor shaft Wobbling
timesignal (5).uff,177.489621,225.611807,upper,3,16.0407287,16.5,0.459271315,Input/Motor shaft Shaft rotation
timesignal (5).uff,177.489621,111.243495,lower,4,16.5615316,16.5,0.0615315644,Input/Motor shaft Shaft rotation
timesignal (5).uff,177.489621,241.860857,upper,4,16.092809,16.5,0.407191027,Input/Motor shaft Shaft rotation
timesignal (5).uff,225.611807,241.860857,upper,2,8.12452492,8.11,0.0145249184,2nd shaft Shaft rotation
timesignal (5).uff,225.611807,249.985382,upper,3,8.12452492,8.11,0.0145249184,2nd shaft Shaft rotation
timesignal (5).uff,225.611807,258.109907,upper,4,8.12452492,8.11,0.0145249184,2nd shaft Shaft rotation
timesignal (5).uff,241.860857,249.985382,upper,1,8.12452492,8.11,0.0145249184,2nd shaft Shaft rotation
timesignal (5).uff,241.860857,225.611807,lower,2,8.12452492,8.11,0.0145249184,2nd shaft Shaft rotation
timesignal (5).uff,241.860857,258.109907,upper,2,8.12452492,8.11,0.0145249184,2nd shaft Shaft rotation
timesignal (5).uff,249.985382,241.860857,lower,3,2.70817497,2.05,0.658174973,Output shaft Shaft rotation
timesignal (5).uff,249.985382,258.109907,upper,3,2.70817497,2.05,0.658174973,Output shaft Shaft rotation
timesignal (5).uff,249.985382,241.860857,lower,4,2.03113123,2.05,0.0188687704,Output shaft Shaft rotation
timesignal (5).uff,249.985382,258.109907,upper,4,2.03113123,2.05,0.0188687704,Output shaft Shaft rotation
timesignal (5).uff,258.109907,249.985382,lower,1,8.12452492,8.11,0.0145249184,2nd shaft Shaft rotation
timesignal (5).uff,258.109907,241.860857,lower,2,8.12452492,8.11,0.0145249184,2nd shaft Shaft rotation
timesignal (5).uff,258.109907,225.611807,lower,4,8.12452492,8.11,0.0145249184,2nd shaft Shaft rotation
timesignal (7).uff,241.999827,249.999821,upper,2,3.99999713,4.11,0.110002867,Output shaft Wobbling
timesignal (7).uff,241.999827,257.999815,upper,4,3.99999713,4.11,0.110002867,Output shaft Wobbling
timesignal (7).uff,249.999821,241.999827,lower,3,2.66666476,2.05,0.616664755,Output shaft Shaft rotation
timesignal (7).uff,249.999821,257.999815,upper,3,2.66666476,2.05,0.616664755,Output shaft Shaft rotation
timesignal (7).uff,249.999821,241.999827,lower,4,1.99999857,2.05,0.0500014336,Output shaft Shaft rotation
timesignal (7).uff,249.999821,257.999815,upper,4,1.99999857,2.05,0.0500014336,Output shaft Shaft rotation
timesignal (7).uff,257.999815,249.999821,lower,2,3.99999713,4.11,0.110002867,Output shaft Wobbling
timesignal (7).uff,257.999815,241.999827,lower,4,3.99999713,4.11,0.110002867,Output shaft Wobbling
timesignal (8).uff,8.09803056,16.1960611,upper,1,8.09803056,8.11,0.011969441,2nd shaft Shaft rotation
timesignal (8).uff,8.09803056,32.4920979,upper,3,8.13135579,8.11,0.0213557876,2nd shaft Shaft rotation
timesignal (8).uff,16.1960611,32.4920979,upper,1,16.2960368,16.21,0.0860368038,2nd shaft Wobbling
timesignal (8).uff,16.1960611,64.284366,upper,3,16.029435,16.21,0.180565025,2nd shaft Wobbling
timesignal (8).uff,16.1960611,80.5804028,upper,4,16.0960854,16.21,0.113914568,2nd shaft Wobbling
timesignal (8).uff,32.4920979,16.1960611,lower,1,16.2960368,16.21,0.0860368038,2nd shaft Wobbling
timesignal (8).uff,32.4920979,80.5804028,upper,3,16.029435,16.21,0.180565025,2nd shaft Wobbling
timesignal (8).uff,32.4920979,96.776464,upper,4,16.0710915,16.21,0.138908489,2nd shaft Wobbling
timesignal (8).uff,48.0883049,56.1863355,upper,1,8.09803056,8.11,0.011969441,2nd shaft Shaft rotation
timesignal (8).uff,48.0883049,64.284366,upper,2,8.09803056,8.11,0.011969441,2nd shaft Shaft rotation
timesignal (8).uff,48.0883049,72.4823723,upper,3,8.13135579,8.11,0.0213557876,2nd shaft Shaft rotation
timesignal (8).uff,48.0883049,80.5804028,upper,4,8.12302448,8.11,0.0130244804,2nd shaft Shaft rotation
timesignal (8).uff,56.1863355,48.0883049,lower,1,8.09803056,8.11,0.011969441,2nd shaft Shaft rotation
timesignal (8).uff,56.1863355,64.284366,upper,1,8.09803056,8.11,0.011969441,2nd shaft Shaft rotation
timesignal (8).uff,56.1863355,72.4823723,upper,2,8.1480184,8.11,0.0380184019,2nd shaft Shaft rotation
timesignal (8).uff,56.1863355,80.5804028,upper,3,8.13135579,8.11,0.0213557876,2nd shaft Shaft rotation
timesignal (8).uff,56.1863355,88.6784334,upper,4,8.12302448,8.11,0.0130244804,2nd shaft Shaft rotation
timesignal (8).uff,64.284366,56.1863355,lower,1,8.09803056,8.11,0.011969441,2nd shaft Shaft rotation
timesignal (8).uff,64.284366,72.4823723,upper,1,8.19800624,8.11,0.0880062449,2nd shaft Shaft rotation
timesignal (8).uff,64.284366,48.0883049,lower,2,8.09803056,8.11,0.011969441,2nd shaft Shaft rotation
timesignal (8).uff,64.284366,80.5804028,upper,2,8.1480184,8.11,0.0380184019,2nd shaft Shaft rotation
timesignal (8).uff,64.284366,88.6784334,upper,3,8.13135579,8.11,0.0213557876,2nd shaft Shaft rotation
timesignal (8).uff,64.284366,96.776464,upper,4,8.12302448,8.11,0.0130244804,2nd shaft Shaft rotation
timesignal (8).uff,72.4823723,64.284366,lower,1,8.19800624,8.11,0.0880062449,2nd shaft Shaft rotation
timesignal (8).uff,72.4823723,80.5804028,upper,1,8.09803056,8.11,0.011969441,2nd shaft Shaft rotation
timesignal (8).uff,72.4823723,56.1863355,lower,2,8.1480184,8.11,0.0380184019,2nd shaft Shaft rotation
timesignal (8).uff,72.4823723,88.6784334,upper,2,8.09803056,8.11,0.011969441,2nd shaft Shaft rotation
timesignal (8).uff,72.4823723,48.0883049,lower,3,8.13135579,8.11,0.0213557876,2nd shaft Shaft rotation
timesignal (8).uff,72.4823723,96.776464,upper,3,8.09803056,8.11,0.011969441,2nd shaft Shaft rotation
timesignal (8).uff,80.5804028,88.6784334,upper,1,8.09803056,8.11,0.011969441,2nd shaft Shaft rotation
timesignal (8).uff,80.5804028,56.1863355,lower,3,8.13135579,8.11,0.0213557876,2nd shaft Shaft rotation
timesignal (8).uff,80.5804028,48.0883049,lower,4,8.12302448,8.11,0.0130244804,2nd shaft Shaft rotation
timesignal (8).uff,88.6784334,80.5804028,lower,1,8.09803056,8.11,0.011969441,2nd shaft Shaft rotation
timesignal (8).uff,88.6784334,56.1863355,lower,4,8.12302448,8.11,0.0130244804,2nd shaft Shaft rotation
timesignal (8).uff,96.776464,88.6784334,lower,1,8.09803056,8.11,0.011969441,2nd shaft Shaft rotation
timesignal (8).uff,96.776464,80.5804028,lower,2,8.09803056,8.11,0.011969441,2nd shaft Shaft rotation
timesignal (8).uff,96.776464,72.4823723,lower,3,8.09803056,8.11,0.011969441,2nd shaft Shaft rotation
timesignal (8).uff,96.776464,64.284366,lower,4,8.12302448,8.11,0.0130244804,2nd shaft Shaft rotation
timesignal (8).uff,125.36951,96.776464,lower,1,28.5930462,29.45,0.856953829,Output shaft bearing 250 IR BPFI/Inner race
timesignal (8).uff,125.36951,241.641233,upper,4,29.0679307,29.45,0.382069321,Output shaft bearing 250 IR BPFI/Inner race
timesignal (9).uff,8.09803056,16.1960611,upper,1,8.09803056,8.11,0.011969441,2nd shaft Shaft rotation
timesignal (9).uff,8.09803056,32.4920979,upper,3,8.13135579,8.11,0.0213557876,2nd shaft Shaft rotation
timesignal (9).uff,16.1960611,72.3823966,upper,1,56.1863355,56.74,0.553664517,Input shaft bearing 150 RE BSF/Rolling element
timesignal (9).uff,16.1960611,185.454897,upper,3,56.4196121,56.74,0.320387916,Input shaft bearing 150 RE BSF/Rolling element
timesignal (9).uff,16.1960611,241.641233,upper,4,56.3612929,56.74,0.378707066,Input shaft bearing 150 RE BSF/Rolling element
timesignal (9).uff,32.4920979,16.1960611,lower,1,16.2960368,16.21,0.0860368038,2nd shaft Wobbling
timesignal (9).uff,32.4920979,80.5804028,upper,3,16.029435,16.21,0.180565025,2nd shaft Wobbling
timesignal (9).uff,32.4920979,96.776464,upper,4,16.0710915,16.21,0.138908489,2nd shaft Wobbling
timesignal (9).uff,48.0883049,56.1863355,upper,1,8.09803056,8.11,0.011969441,2nd shaft Shaft rotation
timesignal (9).uff,48.0883049,72.3823966,upper,3,8.09803056,8.11,0.011969441,2nd shaft Shaft rotation
timesignal (9).uff,48.0883049,80.5804028,upper,4,8.12302448,8.11,0.0130244804,2nd shaft Shaft rotation
timesignal (9).uff,56.1863355,32.4920979,lower,1,23.6942376,23.98,0.285762439,Output shaft bearing 250/251 OR BPFO/Outer race
timesignal (9).uff,56.1863355,80.5804028,upper,1,24.3940674,23.98,0.414067363,Output shaft bearing 250/251 OR BPFO/Outer race
timesignal (9).uff,56.1863355,8.09803056,lower,2,24.0441525,23.98,0.0641524621,Output shaft bearing 250/251 OR BPFO/Outer race
timesignal (9).uff,56.1863355,104.874495,upper,2,24.3440795,23.98,0.36407952,Output shaft bearing 250/251 OR BPFO/Outer race
timesignal (9).uff,56.1863355,152.962799,upper,4,24.194116,23.98,0.214115991,Output shaft bearing 250/251 OR BPFO/Outer race
timesignal (9).uff,72.3823966,80.5804028,upper,1,8.19800624,8.11,0.0880062449,2nd shaft Shaft rotation
timesignal (9).uff,72.3823966,56.1863355,lower,2,8.09803056,8.11,0.011969441,2nd shaft Shaft rotation
timesignal (9).uff,72.3823966,88.6784334,upper,2,8.1480184,8.11,0.0380184019,2nd shaft Shaft rotation
timesignal (9).uff,72.3823966,48.0883049,lower,3,8.09803056,8.11,0.011969441,2nd shaft Shaft rotation
timesignal (9).uff,72.3823966,96.776464,upper,3,8.13135579,8.11,0.0213557876,2nd shaft Shaft rotation
timesignal (9).uff,72.3823966,104.874495,upper,4,8.12302448,8.11,0.0130244804,2nd shaft Shaft rotation
timesignal (9).uff,80.5804028,88.6784334,upper,1,8.09803056,8.11,0.011969441,2nd shaft Shaft rotation
timesignal (9).uff,80.5804028,96.776464,upper,2,8.09803056,8.11,0.011969441,2nd shaft Shaft rotation
timesignal (9).uff,80.5804028,104.874495,upper,3,8.09803056,8.11,0.011969441,2nd shaft Shaft rotation
timesignal (9).uff,80.5804028,48.0883049,lower,4,8.12302448,8.11,0.0130244804,2nd shaft Shaft rotation
timesignal (9).uff,88.6784334,80.5804028,lower,1,8.09803056,8.11,0.011969441,2nd shaft Shaft rotation
timesignal (9).uff,88.6784334,96.776464,upper,1,8.09803056,8.11,0.011969441,2nd shaft Shaft rotation
timesignal (9).uff,88.6784334,104.874495,upper,2,8.09803056,8.11,0.011969441,2nd shaft Shaft rotation
timesignal (9).uff,88.6784334,56.1863355,lower,4,8.12302448,8.11,0.0130244804,2nd shaft Shaft rotation
timesignal (9).uff,96.776464,88.6784334,lower,1,8.09803056,8.11,0.011969441,2nd shaft Shaft rotation
timesignal (9).uff,96.776464,104.874495,upper,1,8.09803056,8.11,0.011969441,2nd shaft Shaft rotation
timesignal (9).uff,96.776464,80.5804028,lower,2,8.09803056,8.11,0.011969441,2nd shaft Shaft rotation
timesignal (9).uff,96.776464,112.972525,upper,2,8.09803056,8.11,0.011969441,2nd shaft Shaft rotation
timesignal (9).uff,96.776464,72.3823966,lower,3,8.13135579,8.11,0.0213557876,2nd shaft Shaft rotation
timesignal (9).uff,112.972525,104.874495,lower,1,8.09803056,8.11,0.011969441,2nd shaft Shaft rotation
timesignal (9).uff,112.972525,96.776464,lower,2,8.09803056,8.11,0.011969441,2nd shaft Shaft rotation
timesignal (9).uff,112.972525,88.6784334,lower,3,8.09803056,8.11,0.011969441,2nd shaft Shaft rotation
timesignal (9).uff,112.972525,80.5804028,lower,4,8.09803056,8.11,0.011969441,2nd shaft Shaft rotation
timesignal (9).uff,125.36951,104.874495,lower,3,6.83167187,6.93,0.0983281293,Input shaft bearing 151 Cage FTF/Cage
timesignal (9).uff,125.36951,96.776464,lower,4,7.14826154,6.93,0.218261543,Input shaft bearing 151 Cage FTF/Cage
timesignal (9).uff,125.36951,152.962799,upper,4,6.89832233,6.93,0.031677672,Input shaft bearing 151 Cage FTF/Cage
timesignal (9).uff,152.962799,185.454897,upper,2,16.246049,16.21,0.0360489609,2nd shaft Wobbling
timesignal (9).uff,152.962799,104.874495,lower,3,16.029435,16.21,0.180565025,2nd shaft Wobbling
timesignal (9).uff,152.962799,88.6784334,lower,4,16.0710915,16.21,0.138908489,2nd shaft Wobbling
timesignal (9).uff,161.06083,185.454897,upper,1,24.3940674,23.98,0.414067363,Output shaft bearing 250/251 OR BPFO/Outer race
timesignal (9).uff,161.06083,112.972525,lower,2,24.0441525,23.98,0.0641524621,Output shaft bearing 250/251 OR BPFO/Outer race
timesignal (9).uff,161.06083,88.6784334,lower,3,24.1274655,23.98,0.147465534,Output shaft bearing 250/251 OR BPFO/Outer race
timesignal (9).uff,241.641233,250.73902,upper,2,4.54889371,3.35,1.19889371,2nd shaft bearing 350 Cage FTF/Cage
timesignal (9).uff,241.641233,250.73902,upper,3,3.03259581,3.35,0.317404194,2nd shaft bearing 350 Cage FTF/Cage
timesignal (9).uff,250.73902,185.454897,lower,3,21.7613743,22.05,0.2886257,2nd shaft bearing 350 RE BSF/Rolling element
timesignal (9).uff,250.73902,161.06083,lower,4,22.4195476,22.05,0.369547566,2nd shaft bearing 350 RE BSF/Rolling element
timesignal (10).uff,55.6217475,72.4957608,upper,2,8.43700665,8.11,0.327006646,2nd shaft Shaft rotation
timesignal (10).uff,55.6217475,80.6202857,upper,3,8.33284607,8.11,0.22284607,2nd shaft Shaft rotation
timesignal (10).uff,55.6217475,88.7448106,upper,4,8.28076578,8.11,0.170765782,2nd shaft Shaft rotation
timesignal (10).uff,72.4957608,80.6202857,upper,1,8.12452492,8.11,0.0145249184,2nd shaft Shaft rotation
timesignal (10).uff,72.4957608,88.7448106,upper,2,8.12452492,8.11,0.0145249184,2nd shaft Shaft rotation
timesignal (10).uff,72.4957608,96.8693356,upper,3,8.12452492,8.11,0.0145249184,2nd shaft Shaft rotation
timesignal (10).uff,80.6202857,72.4957608,lower,1,8.12452492,8.11,0.0145249184,2nd shaft Shaft rotation
timesignal (10).uff,80.6202857,88.7448106,upper,1,8.12452492,8.11,0.0145249184,2nd shaft Shaft rotation
timesignal (10).uff,88.7448106,80.6202857,lower,1,8.12452492,8.11,0.0145249184,2nd shaft Shaft rotation
timesignal (10).uff,88.7448106,96.8693356,upper,1,8.12452492,8.11,0.0145249184,2nd shaft Shaft rotation
timesignal (10).uff,88.7448106,72.4957608,lower,2,8.12452492,8.11,0.0145249184,2nd shaft Shaft rotation
timesignal (10).uff,88.7448106,121.867874,upper,4,8.28076578,8.11,0.170765782,2nd shaft Shaft rotation
timesignal (10).uff,96.8693356,88.7448106,lower,1,8.12452492,8.11,0.0145249184,2nd shaft Shaft rotation
timesignal (10).uff,96.8693356,80.6202857,lower,2,8.12452492,8.11,0.0145249184,2nd shaft Shaft rotation
timesignal (10).uff,96.8693356,72.4957608,lower,3,8.12452492,8.11,0.0145249184,2nd shaft Shaft rotation
timesignal (10).uff,96.8693356,121.867874,upper,3,8.33284607,8.11,0.22284607,2nd shaft Shaft rotation
timesignal (10).uff,111.243495,121.867874,upper,3,3.54145958,3.35,0.19145958,2nd shaft bearing 350 Cage FTF/Cage
timesignal (10).uff,111.243495,96.8693356,lower,4,3.59353987,3.35,0.243539868,2nd shaft bearing 350 Cage FTF/Cage
timesignal (10).uff,111.243495,124.992691,upper,4,3.437299,3.35,0.0872990039,2nd shaft bearing 350 Cage FTF/Cage
timesignal (10).uff,124.992691,111.243495,lower,2,6.87459801,6.93,0.0554019921,Input shaft bearing 151 Cage FTF/Cage
timesignal (10).uff,124.992691,144.991522,upper,3,6.66627686,6.93,0.263723144,Input shaft bearing 151 Cage FTF/Cage
timesignal (10).uff,124.992691,96.8693356,lower,4,7.03083887,6.93,0.100838872,Input shaft bearing 151 Cage FTF/Cage
timesignal (10).uff,124.992691,153.116047,upper,4,7.03083887,6.93,0.100838872,Input shaft bearing 151 Cage FTF/Cage
timesignal (10).uff,144.991522,153.116047,upper,1,8.12452492,8.11,0.0145249184,2nd shaft Shaft rotation
timesignal (10).uff,144.991522,161.240571,upper,2,8.12452492,8.11,0.0145249184,2nd shaft Shaft rotation
timesignal (10).uff,144.991522,121.867874,lower,3,7.70788261,8.11,0.402117385,2nd shaft Shaft rotation
timesignal (10).uff,144.991522,169.365096,upper,3,8.12452492,8.11,0.0145249184,2nd shaft Shaft rotation
timesignal (10).uff,144.991522,177.489621,upper,4,8.12452492,8.11,0.0145249184,2nd shaft Shaft rotation
timesignal (10).uff,153.116047,177.489621,upper,1,24.3735748,23.98,0.393574755,Output shaft bearing 250/251 OR BPFO/Outer race
timesignal (10).uff,153.116047,80.6202857,lower,3,24.1652536,23.98,0.185253603,Output shaft bearing 250/251 OR BPFO/Outer race
timesignal (10).uff,153.116047,225.611807,upper,3,24.1652536,23.98,0.185253603,Output shaft bearing 250/251 OR BPFO/Outer race
timesignal (10).uff,153.116047,249.985382,upper,4,24.2173339,23.98,0.237333891,Output shaft bearing 250/251 OR BPFO/Outer race
timesignal (10).uff,161.240571,153.116047,lower,1,8.12452492,8.11,0.0145249184,2nd shaft Shaft rotation
timesignal (10).uff,161.240571,169.365096,upper,1,8.12452492,8.11,0.0145249184,2nd shaft Shaft rotation
timesignal (10).uff,161.240571,144.991522,lower,2,8.12452492,8.11,0.0145249184,2nd shaft Shaft rotation
timesignal (10).uff,161.240571,177.489621,upper,2,8.12452492,8.11,0.0145249184,2nd shaft Shaft rotation
timesignal (10).uff,161.240571,136.866997,lower,3,8.12452492,8.11,0.0145249184,2nd shaft Shaft rotation
timesignal (10).uff,161.240571,185.614146,upper,3,8.12452492,8.11,0.0145249184,2nd shaft Shaft rotation
timesignal (10).uff,169.365096,161.240571,lower,1,8.12452492,8.11,0.0145249184,2nd shaft Shaft rotation
timesignal (10).uff,169.365096,177.489621,upper,1,8.12452492,8.11,0.0145249184,2nd shaft Shaft rotation
timesignal (10).uff,169.365096,153.116047,lower,2,8.12452492,8.11,0.0145249184,2nd shaft Shaft rotation
timesignal (10).uff,169.365096,185.614146,upper,2,8.12452492,8.11,0.0145249184,2nd shaft Shaft rotation
timesignal (10).uff,169.365096,144.991522,lower,3,8.12452492,8.11,0.0145249184,2nd shaft Shaft rotation
timesignal (10).uff,177.489621,169.365096,lower,1,8.12452492,8.11,0.0145249184,2nd shaft Shaft rotation
timesignal (10).uff,177.489621,185.614146,upper,1,8.12452492,8.11,0.0145249184,2nd shaft Shaft rotation
timesignal (10).uff,177.489621,161.240571,lower,2,8.12452492,8.11,0.0145249184,2nd shaft Shaft rotation
timesignal (10).uff,177.489621,153.116047,lower,3,8.12452492,8.11,0.0145249184,2nd shaft Shaft rotation
timesignal (10).uff,177.489621,144.991522,lower,4,8.12452492,8.11,0.0145249184,2nd shaft Shaft rotation
timesignal (10).uff,225.611807,249.985382,upper,1,24.3735748,23.98,0.393574755,Output shaft bearing 250/251 OR BPFO/Outer race
timesignal (10).uff,225.611807,177.489621,lower,2,24.061093,23.98,0.0810930276,Output shaft bearing 250/251 OR BPFO/Outer race
timesignal (10).uff,225.611807,153.116047,lower,3,24.1652536,23.98,0.185253603,Output shaft bearing 250/251 OR BPFO/Outer race
timesignal (10).uff,225.611807,322.481143,upper,4,24.2173339,23.98,0.237333891,Output shaft bearing 250/251 OR BPFO/Outer race
timesignal (10).uff,233.736332,225.611807,lower,1,8.12452492,8.11,0.0145249184,2nd shaft Shaft rotation
timesignal (10).uff,233.736332,249.985382,upper,2,8.12452492,8.11,0.0145249184,2nd shaft Shaft rotation
timesignal (10).uff,233.736332,258.109907,upper,3,8.12452492,8.11,0.0145249184,2nd shaft Shaft rotation
timesignal (10).uff,233.736332,266.234432,upper,4,8.12452492,8.11,0.0145249184,2nd shaft Shaft rotation
timesignal (10).uff,249.985382,258.109907,upper,1,8.12452492,8.11,0.0145249184,2nd shaft Shaft rotation
timesignal (10).uff,249.985382,233.736332,lower,2,8.12452492,8.11,0.0145249184,2nd shaft Shaft rotation
timesignal (10).uff,249.985382,266.234432,upper,2,8.12452492,8.11,0.0145249184,2nd shaft Shaft rotation
timesignal (10).uff,249.985382,225.611807,lower,3,8.12452492,8.11,0.0145249184,2nd shaft Shaft rotation
timesignal (10).uff,258.109907,249.985382,lower,1,8.12452492,8.11,0.0145249184,2nd shaft Shaft rotation
timesignal (10).uff,258.109907,266.234432,upper,1,8.12452492,8.11,0.0145249184,2nd shaft Shaft rotation
timesignal (10).uff,258.109907,233.736332,lower,3,8.12452492,8.11,0.0145249184,2nd shaft Shaft rotation
timesignal (10).uff,258.109907,225.611807,lower,4,8.12452492,8.11,0.0145249184,2nd shaft Shaft rotation
timesignal (10).uff,266.234432,258.109907,lower,1,8.12452492,8.11,0.0145249184,2nd shaft Shaft rotation
timesignal (10).uff,266.234432,249.985382,lower,2,8.12452492,8.11,0.0145249184,2nd shaft Shaft rotation
timesignal (10).uff,266.234432,233.736332,lower,4,8.12452492,8.11,0.0145249184,2nd shaft Shaft rotation
timesignal (10).uff,463.09792,322.481143,lower,2,70.3083887,71.35,1.04161128,2nd shaft bearing 350 IR BPFI/Inner race
timesignal (10).uff,463.09792,249.985382,lower,3,71.0375127,71.35,0.312487252,2nd shaft bearing 350 IR BPFI/Inner race
timesignal (10).uff,463.09792,177.489621,lower,4,71.4020748,71.35,0.0520747637,2nd shaft bearing 350 IR BPFI/Inner race
timesignal (11).uff,55.6875285,80.6875413,upper,3,8.3333376,8.11,0.2233376,2nd shaft Shaft rotation
timesignal (11).uff,55.6875285,88.8125455,upper,4,8.28125424,8.11,0.17125424,2nd shaft Shaft rotation
timesignal (13).uff,8.09803056,16.2960368,upper,1,8.19800624,8.11,0.0880062449,2nd shaft Shaft rotation
timesignal (13).uff,8.09803056,24.3940674,upper,2,8.1480184,8.11,0.0380184019,2nd shaft Shaft rotation
timesignal (13).uff,8.09803056,32.4920979,upper,3,8.13135579,8.11,0.0213557876,2nd shaft Shaft rotation
timesignal (13).uff,8.09803056,40.5901285,upper,4,8.12302448,8.11,0.0130244804,2nd shaft Shaft rotation
timesignal (13).uff,16.2960368,8.09803056,lower,1,8.19800624,8.11,0.0880062449,2nd shaft Shaft rotation
timesignal (13).uff,16.2960368,24.3940674,upper,1,8.09803056,8.11,0.011969441,2nd shaft Shaft rotation
timesignal (13).uff,16.2960368,32.4920979,upper,2,8.09803056,8.11,0.011969441,2nd shaft Shaft rotation
timesignal (13).uff,16.2960368,40.5901285,upper,3,8.09803056,8.11,0.011969441,2nd shaft Shaft rotation
timesignal (13).uff,24.3940674,16.2960368,lower,1,8.09803056,8.11,0.011969441,2nd shaft Shaft rotation
timesignal (13).uff,24.3940674,32.4920979,upper,1,8.09803056,8.11,0.011969441,2nd shaft Shaft rotation
timesignal (13).uff,24.3940674,8.09803056,lower,2,8.1480184,8.11,0.0380184019,2nd shaft Shaft rotation
timesignal (13).uff,24.3940674,40.5901285,upper,2,8.09803056,8.11,0.011969441,2nd shaft Shaft rotation
timesignal (13).uff,24.3940674,56.2863112,upper,4,7.97306095,8.11,0.136939048,2nd shaft Shaft rotation
timesignal (13).uff,32.4920979,24.3940674,lower,1,8.09803056,8.11,0.011969441,2nd shaft Shaft rotation
timesignal (13).uff,32.4920979,40.5901285,upper,1,8.09803056,8.11,0.011969441,2nd shaft Shaft rotation
timesignal (13).uff,32.4920979,16.2960368,lower,2,8.09803056,8.11,0.011969441,2nd shaft Shaft rotation
timesignal (13).uff,32.4920979,8.09803056,lower,3,8.13135579,8.11,0.0213557876,2nd shaft Shaft rotation
timesignal (13).uff,32.4920979,56.2863112,upper,3,7.93140442,8.11,0.178595584,2nd shaft Shaft rotation
timesignal (13).uff,32.4920979,64.3843417,upper,4,7.97306095,8.11,0.136939048,2nd shaft Shaft rotation
timesignal (13).uff,40.5901285,32.4920979,lower,1,8.09803056,8.11,0.011969441,2nd shaft Shaft rotation
timesignal (13).uff,40.5901285,24.3940674,lower,2,8.09803056,8.11,0.011969441,2nd shaft Shaft rotation
timesignal (13).uff,40.5901285,56.2863112,upper,2,7.84809134,8.11,0.261908656,2nd shaft Shaft rotation
timesignal (13).uff,40.5901285,16.2960368,lower,3,8.09803056,8.11,0.011969441,2nd shaft Shaft rotation
timesignal (13).uff,40.5901285,64.3843417,upper,3,7.93140442,8.11,0.178595584,2nd shaft Shaft rotation
timesignal (13).uff,40.5901285,8.09803056,lower,4,8.12302448,8.11,0.0130244804,2nd shaft Shaft rotation
timesignal (13).uff,40.5901285,72.4823723,upper,4,7.97306095,8.11,0.136939048,2nd shaft Shaft rotation
timesignal (13).uff,48.0883049,56.2863112,upper,1,8.19800624,8.11,0.0880062449,2nd shaft Shaft rotation
timesignal (13).uff,48.0883049,64.3843417,upper,2,8.1480184,8.11,0.0380184019,2nd shaft Shaft rotation
timesignal (13).uff,48.0883049,72.4823723,upper,3,8.13135579,8.11,0.0213557876,2nd shaft Shaft rotation
timesignal (13).uff,48.0883049,80.5804028,upper,4,8.12302448,8.11,0.0130244804,2nd shaft Shaft rotation
timesignal (13).uff,56.2863112,48.0883049,lower,1,8.19800624,8.11,0.0880062449,2nd shaft Shaft rotation
timesignal (13).uff,56.2863112,64.3843417,upper,1,8.09803056,8.11,0.011969441,2nd shaft Shaft rotation
timesignal (13).uff,56.2863112,72.4823723,upper,2,8.09803056,8.11,0.011969441,2nd shaft Shaft rotation
timesignal (13).uff,56.2863112,80.5804028,upper,3,8.09803056,8.11,0.011969441,2nd shaft Shaft rotation
timesignal (13).uff,56.2863112,88.6784334,upper,4,8.09803056,8.11,0.011969441,2nd shaft Shaft rotation
timesignal (13).uff,64.3843417,56.2863112,lower,1,8.09803056,8.11,0.011969441,2nd shaft Shaft rotation
timesignal (13).uff,64.3843417,72.4823723,upper,1,8.09803056,8.11,0.011969441,2nd shaft Shaft rotation
timesignal (13).uff,64.3843417,48.0883049,lower,2,8.1480184,8.11,0.0380184019,2nd shaft Shaft rotation
timesignal (13).uff,64.3843417,80.5804028,upper,2,8.09803056,8.11,0.011969441,2nd shaft Shaft rotation
timesignal (13).uff,64.3843417,88.6784334,upper,3,8.09803056,8.11,0.011969441,2nd shaft Shaft rotation
timesignal (13).uff,72.4823723,64.3843417,lower,1,8.09803056,8.11,0.011969441,2nd shaft Shaft rotation
timesignal (13).uff,72.4823723,80.5804028,upper,1,8.09803056,8.11,0.011969441,2nd shaft Shaft rotation
timesignal (13).uff,72.4823723,56.2863112,lower,2,8.09803056,8.11,0.011969441,2nd shaft Shaft rotation
timesignal (13).uff,72.4823723,88.6784334,upper,2,8.09803056,8.11,0.011969441,2nd shaft Shaft rotation
timesignal (13).uff,72.4823723,48.0883049,lower,3,8.13135579,8.11,0.0213557876,2nd shaft Shaft rotation
timesignal (13).uff,72.4823723,104.97447,upper,4,8.12302448,8.11,0.0130244804,2nd shaft Shaft rotation
timesignal (13).uff,80.5804028,88.6784334,upper,1,8.09803056,8.11,0.011969441,2nd shaft Shaft rotation
timesignal (13).uff,80.5804028,64.3843417,lower,2,8.09803056,8.11,0.011969441,2nd shaft Shaft rotation
timesignal (13).uff,80.5804028,104.97447,upper,3,8.13135579,8.11,0.0213557876,2nd shaft Shaft rotation
timesignal (13).uff,80.5804028,48.0883049,lower,4,8.12302448,8.11,0.0130244804,2nd shaft Shaft rotation
timesignal (13).uff,80.5804028,113.072501,upper,4,8.12302448,8.11,0.0130244804,2nd shaft Shaft rotation
timesignal (13).uff,88.6784334,80.5804028,lower,1,8.09803056,8.11,0.011969441,2nd shaft Shaft rotation
timesignal (13).uff,88.6784334,72.4823723,lower,2,8.09803056,8.11,0.011969441,2nd shaft Shaft rotation
timesignal (13).uff,88.6784334,104.97447,upper,2,8.1480184,8.11,0.0380184019,2nd shaft Shaft rotation
timesignal (13).uff,88.6784334,64.3843417,lower,3,8.09803056,8.11,0.011969441,2nd shaft Shaft rotation
timesignal (13).uff,88.6784334,113.072501,upper,3,8.13135579,8.11,0.0213557876,2nd shaft Shaft rotation
timesignal (13).uff,88.6784334,56.2863112,lower,4,8.09803056,8.11,0.011969441,2nd shaft Shaft rotation
timesignal (13).uff,113.072501,104.97447,lower,1,8.09803056,8.11,0.011969441,2nd shaft Shaft rotation
timesignal (13).uff,113.072501,121.170531,upper,1,8.09803056,8.11,0.011969441,2nd shaft Shaft rotation
timesignal (13).uff,113.072501,128.668708,upper,2,7.7981035,8.11,0.311896499,2nd shaft Shaft rotation
timesignal (13).uff,113.072501,88.6784334,lower,3,8.13135579,8.11,0.0213557876,2nd shaft Shaft rotation
timesignal (13).uff,113.072501,80.5804028,lower,4,8.12302448,8.11,0.0130244804,2nd shaft Shaft rotation
timesignal (13).uff,125.469486,128.668708,upper,3,1.06640732,0.92,0.146407316,Output shaft bearing 250 Cage FTF/Cage
timesignal (13).uff,125.469486,121.170531,lower,4,1.07473862,0.92,0.154738624,Output shaft bearing 250 Cage FTF/Cage
timesignal (13).uff,125.469486,128.668708,upper,4,0.799805487,0.92,0.120194513,Output shaft bearing 250 Cage FTF/Cage
timesignal (13).uff,128.668708,104.97447,lower,1,23.6942376,23.98,0.285762439,Output shaft bearing 250/251 OR BPFO/Outer race
timesignal (13).uff,128.668708,153.062775,upper,1,24.3940674,23.98,0.414067363,Output shaft bearing 250/251 OR BPFO/Outer race
timesignal (13).uff,128.668708,80.5804028,lower,2,24.0441525,23.98,0.0641524621,Output shaft bearing 250/251 OR BPFO/Outer race
timesignal (13).uff,128.668708,56.2863112,lower,3,24.1274655,23.98,0.147465534,Output shaft bearing 250/251 OR BPFO/Outer race
timesignal (13).uff,128.668708,32.4920979,lower,4,24.0441525,23.98,0.0641524621,Output shaft bearing 250/251 OR BPFO/Outer race
timesignal (13).uff,153.062775,161.160806,upper,1,8.09803056,8.11,0.011969441,2nd shaft Shaft rotation
timesignal (13).uff,153.062775,169.358812,upper,2,8.1480184,8.11,0.0380184019,2nd shaft Shaft rotation
timesignal (13).uff,153.062775,128.668708,lower,3,8.13135579,8.11,0.0213557876,2nd shaft Shaft rotation
timesignal (13).uff,153.062775,121.170531,lower,4,7.97306095,8.11,0.136939048,2nd shaft Shaft rotation
timesignal (13).uff,153.062775,185.554873,upper,4,8.12302448,8.11,0.0130244804,2nd shaft Shaft rotation
timesignal (13).uff,161.160806,153.062775,lower,1,8.09803056,8.11,0.011969441,2nd shaft Shaft rotation
timesignal (13).uff,161.160806,169.358812,upper,1,8.19800624,8.11,0.0880062449,2nd shaft Shaft rotation
timesignal (13).uff,161.160806,185.554873,upper,3,8.13135579,8.11,0.0213557876,2nd shaft Shaft rotation
timesignal (13).uff,161.160806,128.668708,lower,4,8.12302448,8.11,0.0130244804,2nd shaft Shaft rotation
timesignal (13).uff,161.160806,193.652904,upper,4,8.12302448,8.11,0.0130244804,2nd shaft Shaft rotation
timesignal (13).uff,169.358812,161.160806,lower,1,8.19800624,8.11,0.0880062449,2nd shaft Shaft rotation
timesignal (13).uff,169.358812,153.062775,lower,2,8.1480184,8.11,0.0380184019,2nd shaft Shaft rotation
timesignal (13).uff,169.358812,185.554873,upper,2,8.09803056,8.11,0.011969441,2nd shaft Shaft rotation
timesignal (13).uff,169.358812,193.652904,upper,3,8.09803056,8.11,0.011969441,2nd shaft Shaft rotation
timesignal (13).uff,193.652904,169.358812,lower,1,24.2940917,23.98,0.314091677,Output shaft bearing 250/251 OR BPFO/Outer race
timesignal (13).uff,193.652904,241.741209,upper,2,24.0441525,23.98,0.0641524621,Output shaft bearing 250/251 OR BPFO/Outer race
timesignal (13).uff,193.652904,121.170531,lower,3,24.1607908,23.98,0.180790762,Output shaft bearing 250/251 OR BPFO/Outer race
timesignal (13).uff,193.652904,266.135276,upper,3,24.1607908,23.98,0.180790762,Output shaft bearing 250/251 OR BPFO/Outer race
timesignal (13).uff,241.741209,266.135276,upper,1,24.3940674,23.98,0.414067363,Output shaft bearing 250/251 OR BPFO/Outer race
timesignal (13).uff,241.741209,193.652904,lower,2,24.0441525,23.98,0.0641524621,Output shaft bearing 250/251 OR BPFO/Outer race
timesignal (13).uff,241.741209,169.358812,lower,3,24.1274655,23.98,0.147465534,Output shaft bearing 250/251 OR BPFO/Outer race
timesignal (13).uff,241.741209,314.323557,upper,3,24.194116,23.98,0.214115991,Output shaft bearing 250/251 OR BPFO/Outer race
timesignal (13).uff,250.838996,266.135276,upper,1,15.2962799,16.21,0.913720055,2nd shaft Wobbling
timesignal (13).uff,250.838996,185.554873,lower,4,16.3210307,16.21,0.111030725,2nd shaft Wobbling
timesignal (13).uff,250.838996,314.323557,upper,4,15.8711401,16.21,0.338859861,2nd shaft Wobbling
timesignal (13).uff,266.135276,241.741209,lower,1,24.3940674,23.98,0.414067363,Output shaft bearing 250/251 OR BPFO/Outer race
timesignal (13).uff,266.135276,314.323557,upper,2,24.0941403,23.98,0.114140305,Output shaft bearing 250/251 OR BPFO/Outer race
timesignal (13).uff,266.135276,193.652904,lower,3,24.1607908,23.98,0.180790762,Output shaft bearing 250/251 OR BPFO/Outer race
timesignal (13).uff,266.135276,169.358812,lower,4,24.194116,23.98,0.214115991,Output shaft bearing 250/251 OR BPFO/Outer race
timesignal (14).uff,8.09803056,16.1960611,upper,1,8.09803056,8.11,0.011969441,2nd shaft Shaft rotation
timesignal (14).uff,8.09803056,24.3940674,upper,2,8.1480184,8.11,0.0380184019,2nd shaft Shaft rotation
timesignal (14).uff,8.09803056,32.4920979,upper,3,8.13135579,8.11,0.0213557876,2nd shaft Shaft rotation
timesignal (14).uff,8.09803056,40.5901285,upper,4,8.12302448,8.11,0.0130244804,2nd shaft Shaft rotation
timesignal (14).uff,16.1960611,8.09803056,lower,1,8.09803056,8.11,0.011969441,2nd shaft Shaft rotation
timesignal (14).uff,16.1960611,24.3940674,upper,1,8.19800624,8.11,0.0880062449,2nd shaft Shaft rotation
timesignal (14).uff,16.1960611,32.4920979,upper,2,8.1480184,8.11,0.0380184019,2nd shaft Shaft rotation
timesignal (14).uff,16.1960611,40.5901285,upper,3,8.13135579,8.11,0.0213557876,2nd shaft Shaft rotation
timesignal (14).uff,24.3940674,16.1960611,lower,1,8.19800624,8.11,0.0880062449,2nd shaft Shaft rotation
timesignal (14).uff,24.3940674,32.4920979,upper,1,8.09803056,8.11,0.011969441,2nd shaft Shaft rotation
timesignal (14).uff,24.3940674,8.09803056,lower,2,8.1480184,8.11,0.0380184019,2nd shaft Shaft rotation
timesignal (14).uff,24.3940674,40.5901285,upper,2,8.09803056,8.11,0.011969441,2nd shaft Shaft rotation
timesignal (14).uff,32.4920979,24.3940674,lower,1,8.09803056,8.11,0.011969441,2nd shaft Shaft rotation
timesignal (14).uff,32.4920979,40.5901285,upper,1,8.09803056,8.11,0.011969441,2nd shaft Shaft rotation
timesignal (14).uff,32.4920979,16.1960611,lower,2,8.1480184,8.11,0.0380184019,2nd shaft Shaft rotation
timesignal (14).uff,32.4920979,8.09803056,lower,3,8.13135579,8.11,0.0213557876,2nd shaft Shaft rotation
timesignal (14).uff,32.4920979,64.284366,upper,4,7.94806703,8.11,0.16193297,2nd shaft Shaft rotation
timesignal (14).uff,40.5901285,32.4920979,lower,1,8.09803056,8.11,0.011969441,2nd shaft Shaft rotation
timesignal (14).uff,40.5901285,24.3940674,lower,2,8.09803056,8.11,0.011969441,2nd shaft Shaft rotation
timesignal (14).uff,40.5901285,16.1960611,lower,3,8.13135579,8.11,0.0213557876,2nd shaft Shaft rotation
timesignal (14).uff,40.5901285,64.284366,upper,3,7.89807919,8.11,0.211920813,2nd shaft Shaft rotation
timesignal (14).uff,40.5901285,8.09803056,lower,4,8.12302448,8.11,0.0130244804,2nd shaft Shaft rotation
timesignal (14).uff,40.5901285,72.4823723,upper,4,7.97306095,8.11,0.136939048,2nd shaft Shaft rotation
timesignal (14).uff,48.0883049,56.1863355,upper,1,8.09803056,8.11,0.011969441,2nd shaft Shaft rotation
timesignal (14).uff,48.0883049,64.284366,upper,2,8.09803056,8.11,0.011969441,2nd shaft Shaft rotation
timesignal (14).uff,48.0883049,72.4823723,upper,3,8.13135579,8.11,0.0213557876,2nd shaft Shaft rotation
timesignal (14).uff,48.0883049,80.5804028,upper,4,8.12302448,8.11,0.0130244804,2nd shaft Shaft rotation
timesignal (14).uff,56.1863355,32.4920979,lower,1,23.6942376,23.98,0.285762439,Output shaft bearing 250/251 OR BPFO/Outer race
timesignal (14).uff,56.1863355,80.5804028,upper,1,24.3940674,23.98,0.414067363,Output shaft bearing 250/251 OR BPFO/Outer race
timesignal (14).uff,56.1863355,8.09803056,lower,2,24.0441525,23.98,0.0641524621,Output shaft bearing 250/251 OR BPFO/Outer race
timesignal (14).uff,56.1863355,104.874495,upper,2,24.3440795,23.98,0.36407952,Output shaft bearing 250/251 OR BPFO/Outer race
timesignal (14).uff,56.1863355,128.668708,upper,3,24.1607908,23.98,0.180790762,Output shaft bearing 250/251 OR BPFO/Outer race
timesignal (14).uff,56.1863355,153.062775,upper,4,24.2191099,23.98,0.239109912,Output shaft bearing 250/251 OR BPFO/Outer race
timesignal (14).uff,64.284366,56.1863355,lower,1,8.09803056,8.11,0.011969441,2nd shaft Shaft rotation
timesignal (14).uff,64.284366,72.4823723,upper,1,8.19800624,8.11,0.0880062449,2nd shaft Shaft rotation
timesignal (14).uff,64.284366,48.0883049,lower,2,8.09803056,8.11,0.011969441,2nd shaft Shaft rotation
timesignal (14).uff,64.284366,80.5804028,upper,2,8.1480184,8.11,0.0380184019,2nd shaft Shaft rotation
timesignal (14).uff,64.284366,88.6784334,upper,3,8.13135579,8.11,0.0213557876,2nd shaft Shaft rotation
timesignal (14).uff,72.4823723,64.284366,lower,1,8.19800624,8.11,0.0880062449,2nd shaft Shaft rotation
timesignal (14).uff,72.4823723,80.5804028,upper,1,8.09803056,8.11,0.011969441,2nd shaft Shaft rotation
timesignal (14).uff,72.4823723,56.1863355,lower,2,8.1480184,8.11,0.0380184019,2nd shaft Shaft rotation
timesignal (14).uff,72.4823723,88.6784334,upper,2,8.09803056,8.11,0.011969441,2nd shaft Shaft rotation
timesignal (14).uff,72.4823723,48.0883049,lower,3,8.13135579,8.11,0.0213557876,2nd shaft Shaft rotation
timesignal (14).uff,72.4823723,104.874495,upper,4,8.09803056,8.11,0.011969441,2nd shaft Shaft rotation
timesignal (14).uff,80.5804028,88.6784334,upper,1,8.09803056,8.11,0.011969441,2nd shaft Shaft rotation
timesignal (14).uff,80.5804028,64.284366,lower,2,8.1480184,8.11,0.0380184019,2nd shaft Shaft rotation
timesignal (14).uff,80.5804028,104.874495,upper,3,8.09803056,8.11,0.011969441,2nd shaft Shaft rotation
timesignal (14).uff,80.5804028,48.0883049,lower,4,8.12302448,8.11,0.0130244804,2nd shaft Shaft rotation
timesignal (14).uff,88.6784334,80.5804028,lower,1,8.09803056,8.11,0.011969441,2nd shaft Shaft rotation
timesignal (14).uff,88.6784334,104.874495,upper,2,8.09803056,8.11,0.011969441,2nd shaft Shaft rotation
timesignal (14).uff,88.6784334,64.284366,lower,3,8.13135579,8.11,0.0213557876,2nd shaft Shaft rotation
timesignal (14).uff,88.6784334,113.072501,upper,3,8.13135579,8.11,0.0213557876,2nd shaft Shaft rotation
timesignal (14).uff,88.6784334,56.1863355,lower,4,8.12302448,8.11,0.0130244804,2nd shaft Shaft rotation
timesignal (14).uff,113.072501,128.668708,upper,1,15.596207,16.21,0.613792998,2nd shaft Wobbling
timesignal (14).uff,113.072501,80.5804028,lower,2,16.246049,16.21,0.0360489609,2nd shaft Wobbling
timesignal (14).uff,113.072501,144.864769,upper,2,15.8961341,16.21,0.31386594,2nd shaft Wobbling
timesignal (14).uff,113.072501,64.284366,lower,3,16.2627116,16.21,0.0527115752,2nd shaft Wobbling
timesignal (14).uff,113.072501,161.160806,upper,3,16.029435,16.21,0.180565025,2nd shaft Wobbling
timesignal (14).uff,113.072501,48.0883049,lower,4,16.246049,16.21,0.0360489609,2nd shaft Wobbling
timesignal (14).uff,125.36951,104.874495,lower,3,6.83167187,6.93,0.0983281293,Input shaft bearing 151 Cage FTF/Cage
timesignal (14).uff,125.36951,144.864769,upper,3,6.49841958,6.93,0.431580416,Input shaft bearing 151 Cage FTF/Cage
timesignal (14).uff,125.36951,153.062775,upper,4,6.92331625,6.93,0.00668375051,Input shaft bearing 151 Cage FTF/Cage
timesignal (14).uff,128.668708,113.072501,lower,1,15.596207,16.21,0.613792998,2nd shaft Wobbling
timesignal (14).uff,128.668708,144.864769,upper,1,16.1960611,16.21,0.0139388821,2nd shaft Wobbling
timesignal (14).uff,128.668708,161.160806,upper,2,16.246049,16.21,0.0360489609,2nd shaft Wobbling
timesignal (14).uff,128.668708,80.5804028,lower,3,16.029435,16.21,0.180565025,2nd shaft Wobbling
timesignal (14).uff,128.668708,64.284366,lower,4,16.0960854,16.21,0.113914568,2nd shaft Wobbling
timesignal (14).uff,128.668708,193.652904,upper,4,16.246049,16.21,0.0360489609,2nd shaft Wobbling
timesignal (14).uff,144.864769,153.062775,upper,1,8.19800624,8.11,0.0880062449,2nd shaft Shaft rotation
timesignal (14).uff,144.864769,128.668708,lower,2,8.09803056,8.11,0.011969441,2nd shaft Shaft rotation
timesignal (14).uff,144.864769,161.160806,upper,2,8.1480184,8.11,0.0380184019,2nd shaft Shaft rotation
timesignal (14).uff,144.864769,169.258836,upper,3,8.13135579,8.11,0.0213557876,2nd shaft Shaft rotation
timesignal (14).uff,144.864769,113.072501,lower,4,7.94806703,8.11,0.16193297,2nd shaft Shaft rotation
timesignal (14).uff,153.062775,144.864769,lower,1,8.19800624,8.11,0.0880062449,2nd shaft Shaft rotation
timesignal (14).uff,153.062775,161.160806,upper,1,8.09803056,8.11,0.011969441,2nd shaft Shaft rotation
timesignal (14).uff,153.062775,169.258836,upper,2,8.09803056,8.11,0.011969441,2nd shaft Shaft rotation
timesignal (14).uff,153.062775,128.668708,lower,3,8.13135579,8.11,0.0213557876,2nd shaft Shaft rotation
timesignal (14).uff,153.062775,185.454897,upper,4,8.09803056,8.11,0.011969441,2nd shaft Shaft rotation
timesignal (14).uff,161.160806,153.062775,lower,1,8.09803056,8.11,0.011969441,2nd shaft Shaft rotation
timesignal (14).uff,161.160806,169.258836,upper,1,8.09803056,8.11,0.011969441,2nd shaft Shaft rotation
timesignal (14).uff,161.160806,144.864769,lower,2,8.1480184,8.11,0.0380184019,2nd shaft Shaft rotation
timesignal (14).uff,161.160806,185.454897,upper,3,8.09803056,8.11,0.011969441,2nd shaft Shaft rotation
timesignal (14).uff,161.160806,128.668708,lower,4,8.12302448,8.11,0.0130244804,2nd shaft Shaft rotation
timesignal (14).uff,161.160806,193.652904,upper,4,8.12302448,8.11,0.0130244804,2nd shaft Shaft rotation
timesignal (14).uff,169.258836,161.160806,lower,1,8.09803056,8.11,0.011969441,2nd shaft Shaft rotation
timesignal (14).uff,169.258836,153.062775,lower,2,8.09803056,8.11,0.011969441,2nd shaft Shaft rotation
timesignal (14).uff,169.258836,185.454897,upper,2,8.09803056,8.11,0.011969441,2nd shaft Shaft rotation
timesignal (14).uff,169.258836,144.864769,lower,3,8.13135579,8.11,0.0213557876,2nd shaft Shaft rotation
timesignal (14).uff,169.258836,193.652904,upper,3,8.13135579,8.11,0.0213557876,2nd shaft Shaft rotation
timesignal (14).uff,193.652904,169.258836,lower,1,24.3940674,23.98,0.414067363,Output shaft bearing 250/251 OR BPFO/Outer race
timesignal (14).uff,193.652904,217.946995,upper,1,24.2940917,23.98,0.314091677,Output shaft bearing 250/251 OR BPFO/Outer race
timesignal (14).uff,193.652904,144.864769,lower,2,24.3940674,23.98,0.414067363,Output shaft bearing 250/251 OR BPFO/Outer race
timesignal (14).uff,193.652904,241.741209,upper,2,24.0441525,23.98,0.0641524621,Output shaft bearing 250/251 OR BPFO/Outer race
timesignal (14).uff,193.652904,266.0353,upper,3,24.1274655,23.98,0.147465534,Output shaft bearing 250/251 OR BPFO/Outer race
timesignal (14).uff,217.946995,193.652904,lower,1,24.2940917,23.98,0.314091677,Output shaft bearing 250/251 OR BPFO/Outer race
timesignal (14).uff,217.946995,241.741209,upper,1,23.7942132,23.98,0.185786753,Output shaft bearing 250/251 OR BPFO/Outer race
timesignal (14).uff,217.946995,169.258836,lower,2,24.3440795,23.98,0.36407952,Output shaft bearing 250/251 OR BPFO/Outer race
timesignal (14).uff,217.946995,266.0353,upper,2,24.0441525,23.98,0.0641524621,Output shaft bearing 250/251 OR BPFO/Outer race
timesignal (14).uff,217.946995,144.864769,lower,3,24.3607421,23.98,0.380742134,Output shaft bearing 250/251 OR BPFO/Outer race
timesignal (14).uff,217.946995,314.123605,upper,4,24.0441525,23.98,0.0641524621,Output shaft bearing 250/251 OR BPFO/Outer race
timesignal (14).uff,241.741209,217.946995,lower,1,23.7942132,23.98,0.185786753,Output shaft bearing 250/251 OR BPFO/Outer race
timesignal (14).uff,241.741209,266.0353,upper,1,24.2940917,23.98,0.314091677,Output shaft bearing 250/251 OR BPFO/Outer race
timesignal (14).uff,241.741209,193.652904,lower,2,24.0441525,23.98,0.0641524621,Output shaft bearing 250/251 OR BPFO/Outer race
timesignal (14).uff,241.741209,169.258836,lower,3,24.1607908,23.98,0.180790762,Output shaft bearing 250/251 OR BPFO/Outer race
timesignal (14).uff,241.741209,314.123605,upper,3,24.1274655,23.98,0.147465534,Output shaft bearing 250/251 OR BPFO/Outer race
timesignal (14).uff,241.741209,144.864769,lower,4,24.2191099,23.98,0.239109912,Output shaft bearing 250/251 OR BPFO/Outer race
timesignal (14).uff,250.73902,266.0353,upper,1,15.2962799,16.21,0.913720055,2nd shaft Wobbling
timesignal (14).uff,250.73902,217.946995,lower,2,16.3960125,16.21,0.18601249,2nd shaft Wobbling
timesignal (14).uff,250.73902,185.454897,lower,4,16.3210307,16.21,0.111030725,2nd shaft Wobbling
timesignal (14).uff,250.73902,314.123605,upper,4,15.8461462,16.21,0.363853783,2nd shaft Wobbling
timesignal (14).uff,266.0353,241.741209,lower,1,24.2940917,23.98,0.314091677,Output shaft bearing 250/251 OR BPFO/Outer race
timesignal (14).uff,266.0353,217.946995,lower,2,24.0441525,23.98,0.0641524621,Output shaft bearing 250/251 OR BPFO/Outer race
timesignal (14).uff,266.0353,314.123605,upper,2,24.0441525,23.98,0.0641524621,Output shaft bearing 250/251 OR BPFO/Outer race
timesignal (14).uff,266.0353,193.652904,lower,3,24.1274655,23.98,0.147465534,Output shaft bearing 250/251 OR BPFO/Outer race
timesignal (14).uff,266.0353,169.258836,lower,4,24.194116,23.98,0.214115991,Output shaft bearing 250/251 OR BPFO/Outer race
timesignal (15).uff,55.6217475,72.4957608,upper,2,8.43700665,8.11,0.327006646,2nd shaft Shaft rotation
timesignal (15).uff,55.6217475,80.6202857,upper,3,8.33284607,8.11,0.22284607,2nd shaft Shaft rotation
timesignal (15).uff,55.6217475,88.7448106,upper,4,8.28076578,8.11,0.170765782,2nd shaft Shaft rotation
timesignal (15).uff,72.4957608,80.6202857,upper,2,4.06226246,4.11,0.0477375408,Output shaft Wobbling
timesignal (15).uff,72.4957608,55.6217475,lower,4,4.21850332,4.11,0.108503323,Output shaft Wobbling
timesignal (15).uff,72.4957608,88.7448106,upper,4,4.06226246,4.11,0.0477375408,Output shaft Wobbling
timesignal (15).uff,80.6202857,125.305173,upper,2,22.3424435,22.05,0.292443526,2nd shaft bearing 350 RE BSF/Rolling element
timesignal (15).uff,80.6202857,145.304003,upper,3,21.5612392,22.05,0.488760793,2nd shaft bearing 350 RE BSF/Rolling element
timesignal (15).uff,80.6202857,169.677578,upper,4,22.2643231,22.05,0.214323094,2nd shaft bearing 350 RE BSF/Rolling element
timesignal (15).uff,88.7448106,72.4957608,lower,1,16.2490498,16.5,0.250950163,Input/Motor shaft Shaft rotation
timesignal (15).uff,88.7448106,55.6217475,lower,2,16.5615316,16.5,0.0615315644,Input/Motor shaft Shaft rotation
timesignal (15).uff,88.7448106,153.428528,upper,4,16.1709294,16.5,0.329070595,Input/Motor shaft Shaft rotation
timesignal (15).uff,111.243495,88.7448106,lower,1,22.4986844,22.05,0.448684389,2nd shaft bearing 350 RE BSF/Rolling element
timesignal (15).uff,111.243495,177.802103,upper,3,22.1862027,22.05,0.136202662,2nd shaft bearing 350 RE BSF/Rolling element
timesignal (15).uff,125.305173,111.243495,lower,2,7.03083887,6.93,0.100838872,Input shaft bearing 151 Cage FTF/Cage
timesignal (15).uff,125.305173,145.304003,upper,3,6.66627686,6.93,0.263723144,Input shaft bearing 151 Cage FTF/Cage
timesignal (15).uff,125.305173,153.428528,upper,4,7.03083887,6.93,0.100838872,Input shaft bearing 151 Cage FTF/Cage
timesignal (15).uff,145.304003,153.428528,upper,1,8.12452492,8.11,0.0145249184,2nd shaft Shaft rotation
timesignal (15).uff,145.304003,169.677578,upper,3,8.12452492,8.11,0.0145249184,2nd shaft Shaft rotation
timesignal (15).uff,145.304003,177.802103,upper,4,8.12452492,8.11,0.0145249184,2nd shaft Shaft rotation
timesignal (15).uff,153.428528,145.304003,lower,1,8.12452492,8.11,0.0145249184,2nd shaft Shaft rotation
timesignal (15).uff,153.428528,169.677578,upper,2,8.12452492,8.11,0.0145249184,2nd shaft Shaft rotation
timesignal (15).uff,153.428528,177.802103,upper,3,8.12452492,8.11,0.0145249184,2nd shaft Shaft rotation
timesignal (15).uff,169.677578,177.802103,upper,1,8.12452492,8.11,0.0145249184,2nd shaft Shaft rotation
timesignal (15).uff,169.677578,153.428528,lower,2,8.12452492,8.11,0.0145249184,2nd shaft Shaft rotation
timesignal (15).uff,169.677578,145.304003,lower,3,8.12452492,8.11,0.0145249184,2nd shaft Shaft rotation
timesignal (15).uff,177.802103,169.677578,lower,1,8.12452492,8.11,0.0145249184,2nd shaft Shaft rotation
timesignal (15).uff,177.802103,153.428528,lower,3,8.12452492,8.11,0.0145249184,2nd shaft Shaft rotation
timesignal (15).uff,177.802103,145.304003,lower,4,8.12452492,8.11,0.0145249184,2nd shaft Shaft rotation
timesignal (15).uff,225.924289,250.297864,upper,1,24.3735748,23.98,0.393574755,Output shaft bearing 250/251 OR BPFO/Outer race
timesignal (15).uff,225.924289,177.802103,lower,2,24.061093,23.98,0.0810930276,Output shaft bearing 250/251 OR BPFO/Outer race
timesignal (15).uff,225.924289,153.428528,lower,3,24.1652536,23.98,0.185253603,Output shaft bearing 250/251 OR BPFO/Outer race
timesignal (15).uff,250.297864,225.924289,lower,1,24.3735748,23.98,0.393574755,Output shaft bearing 250/251 OR BPFO/Outer race
timesignal (15).uff,250.297864,177.802103,lower,3,24.1652536,23.98,0.185253603,Output shaft bearing 250/251 OR BPFO/Outer race
timesignal (15).uff,250.297864,153.428528,lower,4,24.2173339,23.98,0.237333891,Output shaft bearing 250/251 OR BPFO/Outer race
timesignal (18).uff,8.09803056,16.2960368,upper,1,8.19800624,8.11,0.0880062449,2nd shaft Shaft rotation
timesignal (18).uff,8.09803056,24.3940674,upper,2,8.1480184,8.11,0.0380184019,2nd shaft Shaft rotation
timesignal (18).uff,8.09803056,32.4920979,upper,3,8.13135579,8.11,0.0213557876,2nd shaft Shaft rotation
timesignal (18).uff,16.2960368,8.09803056,lower,1,8.19800624,8.11,0.0880062449,2nd shaft Shaft rotation
timesignal (18).uff,16.2960368,24.3940674,upper,1,8.09803056,8.11,0.011969441,2nd shaft Shaft rotation
timesignal (18).uff,16.2960368,32.4920979,upper,2,8.09803056,8.11,0.011969441,2nd shaft Shaft rotation
timesignal (18).uff,16.2960368,40.6901042,upper,3,8.13135579,8.11,0.0213557876,2nd shaft Shaft rotation
timesignal (18).uff,24.3940674,16.2960368,lower,1,8.09803056,8.11,0.011969441,2nd shaft Shaft rotation
timesignal (18).uff,24.3940674,32.4920979,upper,1,8.09803056,8.11,0.011969441,2nd shaft Shaft rotation
timesignal (18).uff,24.3940674,8.09803056,lower,2,8.1480184,8.11,0.0380184019,2nd shaft Shaft rotation
timesignal (18).uff,24.3940674,40.6901042,upper,2,8.1480184,8.11,0.0380184019,2nd shaft Shaft rotation
timesignal (18).uff,24.3940674,56.2863112,upper,4,7.97306095,8.11,0.136939048,2nd shaft Shaft rotation
timesignal (18).uff,32.4920979,24.3940674,lower,1,8.09803056,8.11,0.011969441,2nd shaft Shaft rotation
timesignal (18).uff,32.4920979,40.6901042,upper,1,8.19800624,8.11,0.0880062449,2nd shaft Shaft rotation
timesignal (18).uff,32.4920979,16.2960368,lower,2,8.09803056,8.11,0.011969441,2nd shaft Shaft rotation
timesignal (18).uff,32.4920979,8.09803056,lower,3,8.13135579,8.11,0.0213557876,2nd shaft Shaft rotation
timesignal (18).uff,32.4920979,56.2863112,upper,3,7.93140442,8.11,0.178595584,2nd shaft Shaft rotation
timesignal (18).uff,32.4920979,64.3843417,upper,4,7.97306095,8.11,0.136939048,2nd shaft Shaft rotation
timesignal (18).uff,40.6901042,32.4920979,lower,1,8.19800624,8.11,0.0880062449,2nd shaft Shaft rotation
timesignal (18).uff,40.6901042,24.3940674,lower,2,8.1480184,8.11,0.0380184019,2nd shaft Shaft rotation
timesignal (18).uff,40.6901042,16.2960368,lower,3,8.13135579,8.11,0.0213557876,2nd shaft Shaft rotation
timesignal (18).uff,40.6901042,64.3843417,upper,3,7.89807919,8.11,0.211920813,2nd shaft Shaft rotation
timesignal (18).uff,40.6901042,8.09803056,lower,4,8.1480184,8.11,0.0380184019,2nd shaft Shaft rotation
timesignal (18).uff,40.6901042,72.582348,upper,4,7.97306095,8.11,0.136939048,2nd shaft Shaft rotation
timesignal (18).uff,48.1882806,56.2863112,upper,1,8.09803056,8.11,0.011969441,2nd shaft Shaft rotation
timesignal (18).uff,48.1882806,64.3843417,upper,2,8.09803056,8.11,0.011969441,2nd shaft Shaft rotation
timesignal (18).uff,48.1882806,72.582348,upper,3,8.13135579,8.11,0.0213557876,2nd shaft Shaft rotation
timesignal (18).uff,48.1882806,80.6803785,upper,4,8.12302448,8.11,0.0130244804,2nd shaft Shaft rotation
timesignal (18).uff,56.2863112,48.1882806,lower,1,8.09803056,8.11,0.011969441,2nd shaft Shaft rotation
timesignal (18).uff,56.2863112,64.3843417,upper,1,8.09803056,8.11,0.011969441,2nd shaft Shaft rotation
timesignal (18).uff,56.2863112,72.582348,upper,2,8.1480184,8.11,0.0380184019,2nd shaft Shaft rotation
timesignal (18).uff,56.2863112,80.6803785,upper,3,8.13135579,8.11,0.0213557876,2nd shaft Shaft rotation
timesignal (18).uff,56.2863112,88.7784091,upper,4,8.12302448,8.11,0.0130244804,2nd shaft Shaft rotation
timesignal (18).uff,64.3843417,56.2863112,lower,1,8.09803056,8.11,0.011969441,2nd shaft Shaft rotation
timesignal (18).uff,64.3843417,72.582348,upper,1,8.19800624,8.11,0.0880062449,2nd shaft Shaft rotation
timesignal (18).uff,64.3843417,48.1882806,lower,2,8.09803056,8.11,0.011969441,2nd shaft Shaft rotation
timesignal (18).uff,64.3843417,80.6803785,upper,2,8.1480184,8.11,0.0380184019,2nd shaft Shaft rotation
timesignal (18).uff,64.3843417,88.7784091,upper,3,8.13135579,8.11,0.0213557876,2nd shaft Shaft rotation
timesignal (18).uff,64.3843417,96.9764153,upper,4,8.1480184,8.11,0.0380184019,2nd shaft Shaft rotation
timesignal (18).uff,72.582348,64.3843417,lower,1,8.19800624,8.11,0.0880062449,2nd shaft Shaft rotation
timesignal (18).uff,72.582348,80.6803785,upper,1,8.09803056,8.11,0.011969441,2nd shaft Shaft rotation
timesignal (18).uff,72.582348,56.2863112,lower,2,8.1480184,8.11,0.0380184019,2nd shaft Shaft rotation
timesignal (18).uff,72.582348,88.7784091,upper,2,8.09803056,8.11,0.011969441,2nd shaft Shaft rotation
timesignal (18).uff,72.582348,48.1882806,lower,3,8.13135579,8.11,0.0213557876,2nd shaft Shaft rotation
timesignal (18).uff,72.582348,96.9764153,upper,3,8.13135579,8.11,0.0213557876,2nd shaft Shaft rotation
timesignal (18).uff,72.582348,105.074446,upper,4,8.12302448,8.11,0.0130244804,2nd shaft Shaft rotation
timesignal (18).uff,80.6803785,88.7784091,upper,1,8.09803056,8.11,0.011969441,2nd shaft Shaft rotation
timesignal (18).uff,80.6803785,48.1882806,lower,4,8.12302448,8.11,0.0130244804,2nd shaft Shaft rotation
timesignal (18).uff,88.7784091,80.6803785,lower,1,8.09803056,8.11,0.011969441,2nd shaft Shaft rotation
timesignal (18).uff,88.7784091,105.074446,upper,2,8.1480184,8.11,0.0380184019,2nd shaft Shaft rotation
timesignal (18).uff,88.7784091,64.3843417,lower,3,8.13135579,8.11,0.0213557876,2nd shaft Shaft rotation
timesignal (18).uff,88.7784091,113.172476,upper,3,8.13135579,8.11,0.0213557876,2nd shaft Shaft rotation
timesignal (18).uff,96.9764153,88.7784091,lower,1,8.19800624,8.11,0.0880062449,2nd shaft Shaft rotation
timesignal (18).uff,96.9764153,105.074446,upper,1,8.09803056,8.11,0.011969441,2nd shaft Shaft rotation
timesignal (18).uff,96.9764153,80.6803785,lower,2,8.1480184,8.11,0.0380184019,2nd shaft Shaft rotation
timesignal (18).uff,96.9764153,113.172476,upper,2,8.09803056,8.11,0.011969441,2nd shaft Shaft rotation
timesignal (18).uff,96.9764153,72.582348,lower,3,8.13135579,8.11,0.0213557876,2nd shaft Shaft rotation
timesignal (18).uff,96.9764153,120.670653,upper,3,7.89807919,8.11,0.211920813,2nd shaft Shaft rotation
timesignal (18).uff,96.9764153,64.3843417,lower,4,8.1480184,8.11,0.0380184019,2nd shaft Shaft rotation
timesignal (18).uff,96.9764153,128.868659,upper,4,7.97306095,8.11,0.136939048,2nd shaft Shaft rotation
timesignal (18).uff,113.172476,105.074446,lower,1,8.09803056,8.11,0.011969441,2nd shaft Shaft rotation
timesignal (18).uff,113.172476,120.670653,upper,1,7.49817644,8.11,0.611823557,2nd shaft Shaft rotation
timesignal (18).uff,113.172476,96.9764153,lower,2,8.09803056,8.11,0.011969441,2nd shaft Shaft rotation
timesignal (18).uff,113.172476,128.868659,upper,2,7.84809134,8.11,0.261908656,2nd shaft Shaft rotation
timesignal (18).uff,113.172476,88.7784091,lower,3,8.13135579,8.11,0.0213557876,2nd shaft Shaft rotation
timesignal (18).uff,113.172476,136.96669,upper,3,7.93140442,8.11,0.178595584,2nd shaft Shaft rotation
timesignal (18).uff,113.172476,80.6803785,lower,4,8.12302448,8.11,0.0130244804,2nd shaft Shaft rotation
timesignal (18).uff,120.670653,105.074446,lower,1,15.596207,16.21,0.613792998,2nd shaft Wobbling
timesignal (18).uff,120.670653,136.96669,upper,1,16.2960368,16.21,0.0860368038,2nd shaft Wobbling
timesignal (18).uff,120.670653,88.7784091,lower,2,15.9461219,16.21,0.263878097,2nd shaft Wobbling
timesignal (18).uff,120.670653,153.262727,upper,2,16.2960368,16.21,0.0860368038,2nd shaft Wobbling
timesignal (18).uff,120.670653,72.582348,lower,3,16.029435,16.21,0.180565025,2nd shaft Wobbling
timesignal (18).uff,120.670653,169.458788,upper,3,16.2627116,16.21,0.0527115752,2nd shaft Wobbling
timesignal (18).uff,120.670653,56.2863112,lower,4,16.0960854,16.21,0.113914568,2nd shaft Wobbling
timesignal (18).uff,128.868659,120.670653,lower,1,8.19800624,8.11,0.0880062449,2nd shaft Shaft rotation
timesignal (18).uff,128.868659,136.96669,upper,1,8.09803056,8.11,0.011969441,2nd shaft Shaft rotation
timesignal (18).uff,128.868659,113.172476,lower,2,7.84809134,8.11,0.261908656,2nd shaft Shaft rotation
timesignal (18).uff,128.868659,105.074446,lower,3,7.93140442,8.11,0.178595584,2nd shaft Shaft rotation
timesignal (18).uff,128.868659,153.262727,upper,3,8.13135579,8.11,0.0213557876,2nd shaft Shaft rotation
timesignal (18).uff,128.868659,96.9764153,lower,4,7.97306095,8.11,0.136939048,2nd shaft Shaft rotation
timesignal (18).uff,128.868659,161.360757,upper,4,8.12302448,8.11,0.0130244804,2nd shaft Shaft rotation
timesignal (18).uff,153.262727,161.360757,upper,1,8.09803056,8.11,0.011969441,2nd shaft Shaft rotation
timesignal (18).uff,153.262727,136.96669,lower,2,8.1480184,8.11,0.0380184019,2nd shaft Shaft rotation
timesignal (18).uff,153.262727,169.458788,upper,2,8.09803056,8.11,0.011969441,2nd shaft Shaft rotation
timesignal (18).uff,153.262727,128.868659,lower,3,8.13135579,8.11,0.0213557876,2nd shaft Shaft rotation
timesignal (18).uff,153.262727,120.670653,lower,4,8.1480184,8.11,0.0380184019,2nd shaft Shaft rotation
timesignal (18).uff,161.360757,153.262727,lower,1,8.09803056,8.11,0.011969441,2nd shaft Shaft rotation
timesignal (18).uff,161.360757,169.458788,upper,1,8.09803056,8.11,0.011969441,2nd shaft Shaft rotation
timesignal (18).uff,161.360757,136.96669,lower,3,8.13135579,8.11,0.0213557876,2nd shaft Shaft rotation
timesignal (18).uff,161.360757,128.868659,lower,4,8.12302448,8.11,0.0130244804,2nd shaft Shaft rotation
timesignal (18).uff,161.360757,193.852855,upper,4,8.12302448,8.11,0.0130244804,2nd shaft Shaft rotation
timesignal (18).uff,169.458788,161.360757,lower,1,8.09803056,8.11,0.011969441,2nd shaft Shaft rotation
timesignal (18).uff,169.458788,153.262727,lower,2,8.09803056,8.11,0.011969441,2nd shaft Shaft rotation
timesignal (18).uff,169.458788,193.852855,upper,3,8.13135579,8.11,0.0213557876,2nd shaft Shaft rotation
timesignal (18).uff,169.458788,136.96669,lower,4,8.12302448,8.11,0.0130244804,2nd shaft Shaft rotation
timesignal (18).uff,193.852855,161.360757,lower,2,16.246049,16.21,0.0360489609,2nd shaft Wobbling
timesignal (18).uff,193.852855,242.041136,upper,3,16.0627602,16.21,0.147239797,2nd shaft Wobbling
timesignal (18).uff,193.852855,128.868659,lower,4,16.246049,16.21,0.0360489609,2nd shaft Wobbling
timesignal (18).uff,242.041136,250.139166,upper,1,8.09803056,8.11,0.011969441,2nd shaft Shaft rotation
timesignal (18).uff,242.041136,274.533234,upper,4,8.12302448,8.11,0.0130244804,2nd shaft Shaft rotation
timesignal (18).uff,250.139166,193.852855,lower,1,56.2863112,56.74,0.453688831,Input shaft bearing 150 RE BSF/Rolling element
timesignal (18).uff,250.139166,136.96669,lower,2,56.5862382,56.74,0.153761773,Input shaft bearing 150 RE BSF/Rolling element
timesignal (18).uff,250.139166,80.6803785,lower,3,56.4862625,56.74,0.253737459,Input shaft bearing 150 RE BSF/Rolling element
timesignal (19).uff,8.09803056,16.2960368,upper,1,8.19800624,8.11,0.0880062449,2nd shaft Shaft rotation
timesignal (19).uff,8.09803056,24.3940674,upper,2,8.1480184,8.11,0.0380184019,2nd shaft Shaft rotation
timesignal (19).uff,8.09803056,32.4920979,upper,3,8.13135579,8.11,0.0213557876,2nd shaft Shaft rotation
timesignal (19).uff,8.09803056,40.6901042,upper,4,8.1480184,8.11,0.0380184019,2nd shaft Shaft rotation
timesignal (19).uff,16.2960368,8.09803056,lower,1,8.19800624,8.11,0.0880062449,2nd shaft Shaft rotation
timesignal (19).uff,16.2960368,24.3940674,upper,1,8.09803056,8.11,0.011969441,2nd shaft Shaft rotation
timesignal (19).uff,16.2960368,32.4920979,upper,2,8.09803056,8.11,0.011969441,2nd shaft Shaft rotation
timesignal (19).uff,16.2960368,40.6901042,upper,3,8.13135579,8.11,0.0213557876,2nd shaft Shaft rotation
timesignal (19).uff,24.3940674,16.2960368,lower,1,8.09803056,8.11,0.011969441,2nd shaft Shaft rotation
timesignal (19).uff,24.3940674,32.4920979,upper,1,8.09803056,8.11,0.011969441,2nd shaft Shaft rotation
timesignal (19).uff,24.3940674,8.09803056,lower,2,8.1480184,8.11,0.0380184019,2nd shaft Shaft rotation
timesignal (19).uff,24.3940674,40.6901042,upper,2,8.1480184,8.11,0.0380184019,2nd shaft Shaft rotation
timesignal (19).uff,24.3940674,56.2863112,upper,4,7.97306095,8.11,0.136939048,2nd shaft Shaft rotation
timesignal (19).uff,32.4920979,24.3940674,lower,1,8.09803056,8.11,0.011969441,2nd shaft Shaft rotation
timesignal (19).uff,32.4920979,40.6901042,upper,1,8.19800624,8.11,0.0880062449,2nd shaft Shaft rotation
timesignal (19).uff,32.4920979,16.2960368,lower,2,8.09803056,8.11,0.011969441,2nd shaft Shaft rotation
timesignal (19).uff,32.4920979,8.09803056,lower,3,8.13135579,8.11,0.0213557876,2nd shaft Shaft rotation
timesignal (19).uff,32.4920979,56.2863112,upper,3,7.93140442,8.11,0.178595584,2nd shaft Shaft rotation
timesignal (19).uff,32.4920979,64.4843174,upper,4,7.99805487,8.11,0.111945127,2nd shaft Shaft rotation
timesignal (19).uff,40.6901042,32.4920979,lower,1,8.19800624,8.11,0.0880062449,2nd shaft Shaft rotation
timesignal (19).uff,40.6901042,24.3940674,lower,2,8.1480184,8.11,0.0380184019,2nd shaft Shaft rotation
timesignal (19).uff,40.6901042,16.2960368,lower,3,8.13135579,8.11,0.0213557876,2nd shaft Shaft rotation
timesignal (19).uff,40.6901042,64.4843174,upper,3,7.93140442,8.11,0.178595584,2nd shaft Shaft rotation
timesignal (19).uff,40.6901042,8.09803056,lower,4,8.1480184,8.11,0.0380184019,2nd shaft Shaft rotation
timesignal (19).uff,40.6901042,72.582348,upper,4,7.97306095,8.11,0.136939048,2nd shaft Shaft rotation
timesignal (19).uff,48.1882806,56.2863112,upper,1,8.09803056,8.11,0.011969441,2nd shaft Shaft rotation
timesignal (19).uff,48.1882806,64.4843174,upper,2,8.1480184,8.11,0.0380184019,2nd shaft Shaft rotation
timesignal (19).uff,48.1882806,72.582348,upper,3,8.13135579,8.11,0.0213557876,2nd shaft Shaft rotation
timesignal (19).uff,48.1882806,80.6803785,upper,4,8.12302448,8.11,0.0130244804,2nd shaft Shaft rotation
timesignal (19).uff,56.2863112,48.1882806,lower,1,8.09803056,8.11,0.011969441,2nd shaft Shaft rotation
timesignal (19).uff,56.2863112,64.4843174,upper,1,8.19800624,8.11,0.0880062449,2nd shaft Shaft rotation
timesignal (19).uff,56.2863112,72.582348,upper,2,8.1480184,8.11,0.0380184019,2nd shaft Shaft rotation
timesignal (19).uff,56.2863112,80.6803785,upper,3,8.13135579,8.11,0.0213557876,2nd shaft Shaft rotation
timesignal (19).uff,56.2863112,88.8783848,upper,4,8.1480184,8.11,0.0380184019,2nd shaft Shaft rotation
timesignal (19).uff,64.4843174,56.2863112,lower,1,8.19800624,8.11,0.0880062449,2nd shaft Shaft rotation
timesignal (19).uff,64.4843174,72.582348,upper,1,8.09803056,8.11,0.011969441,2nd shaft Shaft rotation
timesignal (19).uff,64.4843174,48.1882806,lower,2,8.1480184,8.11,0.0380184019,2nd shaft Shaft rotation
timesignal (19).uff,64.4843174,80.6803785,upper,2,8.09803056,8.11,0.011969441,2nd shaft Shaft rotation
timesignal (19).uff,64.4843174,88.8783848,upper,3,8.13135579,8.11,0.0213557876,2nd shaft Shaft rotation
timesignal (19).uff,64.4843174,96.9764153,upper,4,8.12302448,8.11,0.0130244804,2nd shaft Shaft rotation
timesignal (19).uff,72.582348,64.4843174,lower,1,8.09803056,8.11,0.011969441,2nd shaft Shaft rotation
timesignal (19).uff,72.582348,80.6803785,upper,1,8.09803056,8.11,0.011969441,2nd shaft Shaft rotation
timesignal (19).uff,72.582348,56.2863112,lower,2,8.1480184,8.11,0.0380184019,2nd shaft Shaft rotation
timesignal (19).uff,72.582348,88.8783848,upper,2,8.1480184,8.11,0.0380184019,2nd shaft Shaft rotation
timesignal (19).uff,72.582348,48.1882806,lower,3,8.13135579,8.11,0.0213557876,2nd shaft Shaft rotation
timesignal (19).uff,72.582348,96.9764153,upper,3,8.13135579,8.11,0.0213557876,2nd shaft Shaft rotation
timesignal (19).uff,72.582348,105.074446,upper,4,8.12302448,8.11,0.0130244804,2nd shaft Shaft rotation
timesignal (19).uff,80.6803785,88.8783848,upper,1,8.19800624,8.11,0.0880062449,2nd shaft Shaft rotation
timesignal (19).uff,80.6803785,64.4843174,lower,2,8.09803056,8.11,0.011969441,2nd shaft Shaft rotation
timesignal (19).uff,80.6803785,105.074446,upper,3,8.13135579,8.11,0.0213557876,2nd shaft Shaft rotation
timesignal (19).uff,80.6803785,48.1882806,lower,4,8.12302448,8.11,0.0130244804,2nd shaft Shaft rotation
timesignal (19).uff,80.6803785,113.272452,upper,4,8.1480184,8.11,0.0380184019,2nd shaft Shaft rotation
timesignal (19).uff,88.8783848,80.6803785,lower,1,8.19800624,8.11,0.0880062449,2nd shaft Shaft rotation
timesignal (19).uff,88.8783848,105.074446,upper,2,8.09803056,8.11,0.011969441,2nd shaft Shaft rotation
timesignal (19).uff,88.8783848,64.4843174,lower,3,8.13135579,8.11,0.0213557876,2nd shaft Shaft rotation
timesignal (19).uff,88.8783848,113.272452,upper,3,8.13135579,8.11,0.0213557876,2nd shaft Shaft rotation
timesignal (19).uff,88.8783848,56.2863112,lower,4,8.1480184,8.11,0.0380184019,2nd shaft Shaft rotation
timesignal (19).uff,96.9764153,88.8783848,lower,1,8.09803056,8.11,0.011969441,2nd shaft Shaft rotation
timesignal (19).uff,96.9764153,105.074446,upper,1,8.09803056,8.11,0.011969441,2nd shaft Shaft rotation
timesignal (19).uff,96.9764153,80.6803785,lower,2,8.1480184,8.11,0.0380184019,2nd shaft Shaft rotation
timesignal (19).uff,96.9764153,113.272452,upper,2,8.1480184,8.11,0.0380184019,2nd shaft Shaft rotation
timesignal (19).uff,96.9764153,72.582348,lower,3,8.13135579,8.11,0.0213557876,2nd shaft Shaft rotation
timesignal (19).uff,96.9764153,64.4843174,lower,4,8.12302448,8.11,0.0130244804,2nd shaft Shaft rotation
timesignal (19).uff,96.9764153,128.868659,upper,4,7.97306095,8.11,0.136939048,2nd shaft Shaft rotation
timesignal (19).uff,113.272452,105.074446,lower,1,8.19800624,8.11,0.0880062449,2nd shaft Shaft rotation
timesignal (19).uff,113.272452,96.9764153,lower,2,8.1480184,8.11,0.0380184019,2nd shaft Shaft rotation
timesignal (19).uff,113.272452,128.868659,upper,2,7.7981035,8.11,0.311896499,2nd shaft Shaft rotation
timesignal (19).uff,113.272452,88.8783848,lower,3,8.13135579,8.11,0.0213557876,2nd shaft Shaft rotation
timesignal (19).uff,113.272452,136.96669,upper,3,7.89807919,8.11,0.211920813,2nd shaft Shaft rotation
timesignal (19).uff,113.272452,80.6803785,lower,4,8.1480184,8.11,0.0380184019,2nd shaft Shaft rotation
timesignal (19).uff,128.868659,136.96669,upper,1,8.09803056,8.11,0.011969441,2nd shaft Shaft rotation
timesignal (19).uff,128.868659,113.272452,lower,2,7.7981035,8.11,0.311896499,2nd shaft Shaft rotation
timesignal (19).uff,128.868659,105.074446,lower,3,7.93140442,8.11,0.178595584,2nd shaft Shaft rotation
timesignal (19).uff,128.868659,153.262727,upper,3,8.13135579,8.11,0.0213557876,2nd shaft Shaft rotation
timesignal (19).uff,128.868659,96.9764153,lower,4,7.97306095,8.11,0.136939048,2nd shaft Shaft rotation
timesignal (19).uff,128.868659,161.460733,upper,4,8.1480184,8.11,0.0380184019,2nd shaft Shaft rotation
timesignal (19).uff,153.262727,136.96669,lower,1,16.2960368,16.21,0.0860368038,2nd shaft Wobbling
timesignal (19).uff,153.262727,169.558763,upper,1,16.2960368,16.21,0.0860368038,2nd shaft Wobbling
timesignal (19).uff,153.262727,105.074446,lower,3,16.0627602,16.21,0.147239797,2nd shaft Wobbling
timesignal (19).uff,153.262727,202.050861,upper,3,16.2627116,16.21,0.0527115752,2nd shaft Wobbling
timesignal (19).uff,153.262727,88.8783848,lower,4,16.0960854,16.21,0.113914568,2nd shaft Wobbling
timesignal (19).uff,161.460733,153.262727,lower,1,8.19800624,8.11,0.0880062449,2nd shaft Shaft rotation
timesignal (19).uff,161.460733,169.558763,upper,1,8.09803056,8.11,0.011969441,2nd shaft Shaft rotation
timesignal (19).uff,161.460733,136.96669,lower,3,8.16468102,8.11,0.0546810162,2nd shaft Shaft rotation
timesignal (19).uff,161.460733,128.868659,lower,4,8.1480184,8.11,0.0380184019,2nd shaft Shaft rotation
timesignal (19).uff,161.460733,193.952831,upper,4,8.12302448,8.11,0.0130244804,2nd shaft Shaft rotation
timesignal (19).uff,169.558763,161.460733,lower,1,8.09803056,8.11,0.011969441,2nd shaft Shaft rotation
timesignal (19).uff,169.558763,153.262727,lower,2,8.1480184,8.11,0.0380184019,2nd shaft Shaft rotation
timesignal (19).uff,169.558763,193.952831,upper,3,8.13135579,8.11,0.0213557876,2nd shaft Shaft rotation
timesignal (19).uff,169.558763,136.96669,lower,4,8.1480184,8.11,0.0380184019,2nd shaft Shaft rotation
timesignal (19).uff,169.558763,202.050861,upper,4,8.12302448,8.11,0.0130244804,2nd shaft Shaft rotation
timesignal (19).uff,193.952831,161.460733,lower,2,16.246049,16.21,0.0360489609,2nd shaft Wobbling
timesignal (19).uff,193.952831,242.141111,upper,3,16.0627602,16.21,0.147239797,2nd shaft Wobbling
timesignal (19).uff,193.952831,128.868659,lower,4,16.2710429,16.21,0.0610428824,2nd shaft Wobbling
timesignal (19).uff,193.952831,258.437148,upper,4,16.1210794,16.21,0.0889206465,2nd shaft Wobbling
timesignal (19).uff,202.050861,169.558763,lower,2,16.246049,16.21,0.0360489609,2nd shaft Wobbling
timesignal (19).uff,202.050861,153.262727,lower,3,16.2627116,16.21,0.0527115752,2nd shaft Wobbling
timesignal (19).uff,202.050861,250.239142,upper,3,16.0627602,16.21,0.147239797,2nd shaft Wobbling
timesignal (19).uff,202.050861,136.96669,lower,4,16.2710429,16.21,0.0610428824,2nd shaft Wobbling
timesignal (19).uff,242.141111,250.239142,upper,1,8.09803056,8.11,0.011969441,2nd shaft Shaft rotation
timesignal (19).uff,242.141111,258.437148,upper,2,8.1480184,8.11,0.0380184019,2nd shaft Shaft rotation
timesignal (19).uff,250.239142,242.141111,lower,3,2.69934352,2.05,0.64934352,Output shaft Shaft rotation
timesignal (19).uff,250.239142,258.437148,upper,3,2.73266875,2.05,0.682668748,Output shaft Shaft rotation
timesignal (19).uff,250.239142,242.141111,lower,4,2.02450764,2.05,0.0254923603,Output shaft Shaft rotation
timesignal (19).uff,250.239142,258.437148,upper,4,2.04950156,2.05,0.00049843878,Output shaft Shaft rotation
timesignal (19).uff,258.437148,250.239142,lower,2,4.09900312,4.11,0.0109968776,Output shaft Wobbling
timesignal (19).uff,258.437148,242.141111,lower,4,4.0740092,4.11,0.035990799,Output shaft Wobbling
timesignal (20).uff,152.937578,225.312615,upper,3,24.1250124,23.98,0.145012352,Output shaft bearing 250/251 OR BPFO/Outer race
timesignal (20).uff,152.937578,249.687628,upper,4,24.1875124,23.98,0.207512384,Output shaft bearing 250/251 OR BPFO/Outer race
timesignal (20).uff,225.312615,249.687628,upper,1,24.3750125,23.98,0.39501248,Output shaft bearing 250/251 OR BPFO/Outer race
timesignal (20).uff,225.312615,152.937578,lower,3,24.1250124,23.98,0.145012352,Output shaft bearing 250/251 OR BPFO/Outer race
timesignal (20).uff,249.687628,225.312615,lower,1,24.3750125,23.98,0.39501248,Output shaft bearing 250/251 OR BPFO/Outer race
timesignal (20).uff,249.687628,152.937578,lower,4,24.1875124,23.98,0.207512384,Output shaft bearing 250/251 OR BPFO/Outer race
timesignal (21).uff,152.999922,225.437385,upper,3,24.145821,23.98,0.165820971,Output shaft bearing 250/251 OR BPFO/Outer race
timesignal (21).uff,152.999922,249.812372,upper,4,24.2031126,23.98,0.223112608,Output shaft bearing 250/251 OR BPFO/Outer race
timesignal (21).uff,225.437385,233.56238,upper,1,8.12499584,8.11,0.01499584,2nd shaft Shaft rotation
timesignal (21).uff,225.437385,249.812372,upper,3,8.12499584,8.11,0.01499584,2nd shaft Shaft rotation
timesignal (21).uff,225.437385,257.937368,upper,4,8.12499584,8.11,0.01499584,2nd shaft Shaft rotation
timesignal (21).uff,233.56238,225.437385,lower,1,8.12499584,8.11,0.01499584,2nd shaft Shaft rotation
timesignal (21).uff,233.56238,249.812372,upper,2,8.12499584,8.11,0.01499584,2nd shaft Shaft rotation
timesignal (21).uff,233.56238,257.937368,upper,3,8.12499584,8.11,0.01499584,2nd shaft Shaft rotation
timesignal (21).uff,249.812372,257.937368,upper,1,8.12499584,8.11,0.01499584,2nd shaft Shaft rotation
timesignal (21).uff,249.812372,233.56238,lower,2,8.12499584,8.11,0.01499584,2nd shaft Shaft rotation
timesignal (21).uff,249.812372,225.437385,lower,3,8.12499584,8.11,0.01499584,2nd shaft Shaft rotation
timesignal (21).uff,257.937368,249.812372,lower,1,8.12499584,8.11,0.01499584,2nd shaft Shaft rotation
timesignal (21).uff,257.937368,233.56238,lower,3,8.12499584,8.11,0.01499584,2nd shaft Shaft rotation
timesignal (21).uff,257.937368,225.437385,lower,4,8.12499584,8.11,0.01499584,2nd shaft Shaft rotation
timesignal (22).uff,224.999839,233.999832,upper,1,8.99999355,8.11,0.889993549,2nd shaft Shaft rotation
timesignal (22).uff,224.999839,249.999821,upper,3,8.33332736,8.11,0.22332736,2nd shaft Shaft rotation
timesignal (22).uff,233.999832,224.999839,lower,2,4.49999677,4.11,0.389996774,Output shaft Wobbling
timesignal (22).uff,233.999832,249.999821,upper,4,3.99999713,4.11,0.110002867,Output shaft Wobbling
timesignal (22).uff,249.999821,233.999832,lower,2,7.99999427,8.11,0.110005734,2nd shaft Shaft rotation
timesignal (22).uff,249.999821,224.999839,lower,3,8.33332736,8.11,0.22332736,2nd shaft Shaft rotation
timesignal (22).uff,462.999668,511.999633,upper,2,24.4999824,23.98,0.519982438,Output shaft bearing 250/251 OR BPFO/Outer race
timesignal (22).uff,462.999668,535.999616,upper,3,24.3333159,23.98,0.353315891,Output shaft bearing 250/251 OR BPFO/Outer race
timesignal (22).uff,462.999668,555.999601,upper,4,23.2499833,23.98,0.730016666,Output shaft bearing 250/251 OR BPFO/Outer race
timesignal (22).uff,511.999633,535.999616,upper,1,23.9999828,23.98,0.0199827968,Output shaft bearing 250/251 OR BPFO/Outer race
timesignal (22).uff,511.999633,462.999668,lower,2,24.4999824,23.98,0.519982438,Output shaft bearing 250/251 OR BPFO/Outer race
timesignal (22).uff,511.999633,555.999601,upper,2,21.9999842,23.98,1.98001577,Output shaft bearing 250/251 OR BPFO/Outer race
timesignal (22).uff,563.999596,511.999633,lower,1,51.9999627,51.81,0.189962726,Input shaft bearing 151 RE BSF/Rolling element
timesignal (22).uff,563.999596,462.999668,lower,2,50.4999638,51.81,1.3100362,Input shaft bearing 151 RE BSF/Rolling element
timesignal (22).uff,563.999596,716.999486,upper,3,50.9999634,51.81,0.810036557,Input shaft bearing 151 RE BSF/Rolling element
timesignal (22).uff,627.99955,563.999596,lower,2,31.9999771,29.45,2.54997706,Output shaft bearing 250 IR BPFI/Inner race
timesignal (22).uff,627.99955,535.999616,lower,3,30.6666447,29.45,1.21664468,Output shaft bearing 250 IR BPFI/Inner race
timesignal (22).uff,627.99955,716.999486,upper,3,29.6666454,29.45,0.216645402,Output shaft bearing 250 IR BPFI/Inner race
timesignal (22).uff,627.99955,511.999633,lower,4,28.9999792,29.45,0.450020787,Output shaft bearing 250 IR BPFI/Inner race
timesignal (22).uff,627.99955,751.999461,upper,4,30.9999778,29.45,1.54997778,Output shaft bearing 250 IR BPFI/Inner race
timesignal (22).uff,716.999486,724.99948,upper,1,7.99999427,7.11,0.889994266,Input shaft bearing 150 Cage FTF/Cage
timesignal (22).uff,716.999486,732.999475,upper,2,7.99999427,7.11,0.889994266,Input shaft bearing 150 Cage FTF/Cage
timesignal (22).uff,716.999486,732.999475,upper,3,5.33332951,7.11,1.77667049,Input shaft bearing 150 Cage FTF/Cage
timesignal (22).uff,716.999486,751.999461,upper,4,8.74999373,7.11,1.63999373,Input shaft bearing 150 Cage FTF/Cage
timesignal (22).uff,724.99948,716.999486,lower,2,3.99999713,2.05,1.94999713,Output shaft Shaft rotation
timesignal (22).uff,724.99948,732.999475,upper,2,3.99999713,2.05,1.94999713,Output shaft Shaft rotation
timesignal (22).uff,724.99948,716.999486,lower,3,2.66666476,2.05,0.616664755,Output shaft Shaft rotation
timesignal (22).uff,724.99948,732.999475,upper,3,2.66666476,2.05,0.616664755,Output shaft Shaft rotation
timesignal (22).uff,724.99948,716.999486,lower,4,1.99999857,2.05,0.0500014336,Output shaft Shaft rotation
timesignal (22).uff,724.99948,732.999475,upper,4,1.99999857,2.05,0.0500014336,Output shaft Shaft rotation
timesignal (22).uff,732.999475,724.99948,lower,1,7.99999427,4.11,3.88999427,Output shaft Wobbling
timesignal (22).uff,732.999475,724.99948,lower,2,3.99999713,4.11,0.110002867,Output shaft Wobbling
timesignal (22).uff,732.999475,716.999486,lower,3,5.33332951,4.11,1.22332951,Output shaft Wobbling
timesignal (22).uff,732.999475,751.999461,upper,3,6.33332879,4.11,2.22332879,Output shaft Wobbling
timesignal (22).uff,732.999475,716.999486,lower,4,3.99999713,4.11,0.110002867,Output shaft Wobbling
timesignal (22).uff,732.999475,751.999461,upper,4,4.7499966,4.11,0.639996595,Output shaft Wobbling
timesignal (22).uff,751.999461,732.999475,lower,2,9.49999319,9.8,0.30000681,Output shaft bearing 250 RE BSF/Rolling element
timesignal (22).uff,751.999461,724.99948,lower,3,8.99999355,9.8,0.800006451,Output shaft bearing 250 RE BSF/Rolling element
timesignal (22).uff,751.999461,716.999486,lower,4,8.74999373,9.8,1.05000627,Output shaft bearing 250 RE BSF/Rolling element
timesignal (22).uff,2287.99836,2255.99838,lower,1,31.9999771,51.81,19.8100229,Input shaft bearing 151 RE BSF/Rolling element
timesignal (22).uff,2287.99836,2381.99829,upper,2,46.9999663,51.81,4.81003369,Input shaft bearing 151 RE BSF/Rolling element
timesignal (22).uff,2287.99836,2130.99847,lower,3,52.3332958,51.81,0.523295821,Input shaft bearing 151 RE BSF/Rolling element
timesignal (22).uff,2287.99836,2441.99825,upper,3,51.3332965,51.81,0.476703462,Input shaft bearing 151 RE BSF/Rolling element
timesignal (22).uff,2287.99836,2506.9982,upper,4,54.7499608,51.81,2.93996076,Input shaft bearing 151 RE BSF/Rolling element
timesignal (24).uff,80.5804028,88.6784334,upper,1,8.09803056,8.11,0.011969441,2nd shaft Shaft rotation
timesignal (24).uff,80.5804028,48.0883049,lower,4,8.12302448,8.11,0.0130244804,2nd shaft Shaft rotation
timesignal (24).uff,258.937027,250.838996,lower,3,2.69934352,2.05,0.64934352,Output shaft Shaft rotation
timesignal (24).uff,258.937027,250.838996,lower,4,2.02450764,2.05,0.0254923603,Output shaft Shaft rotation
timesignal (28).uff,241.999827,249.999821,upper,2,3.99999713,4.11,0.110002867,Output shaft Wobbling
timesignal (28).uff,241.999827,257.999815,upper,4,3.99999713,4.11,0.110002867,Output shaft Wobbling
timesignal (28).uff,249.999821,241.999827,lower,3,2.66666476,2.05,0.616664755,Output shaft Shaft rotation
timesignal (28).uff,249.999821,257.999815,upper,3,2.66666476,2.05,0.616664755,Output shaft Shaft rotation
timesignal (28).uff,249.999821,241.999827,lower,4,1.99999857,2.05,0.0500014336,Output shaft Shaft rotation
timesignal (28).uff,249.999821,257.999815,upper,4,1.99999857,2.05,0.0500014336,Output shaft Shaft rotation
timesignal (28).uff,257.999815,249.999821,lower,2,3.99999713,4.11,0.110002867,Output shaft Wobbling
timesignal (28).uff,257.999815,241.999827,lower,4,3.99999713,4.11,0.110002867,Output shaft Wobbling
timesignal (29).uff,8.09803056,56.1863355,upper,2,24.0441525,23.98,0.0641524621,Output shaft bearing 250/251 OR BPFO/Outer race
timesignal (29).uff,8.09803056,80.5804028,upper,3,24.1607908,23.98,0.180790762,Output shaft bearing 250/251 OR BPFO/Outer race
timesignal (29).uff,8.09803056,104.97447,upper,4,24.2191099,23.98,0.239109912,Output shaft bearing 250/251 OR BPFO/Outer race
timesignal (29).uff,16.1960611,32.4920979,upper,1,16.2960368,16.21,0.0860368038,2nd shaft Wobbling
timesignal (29).uff,16.1960611,64.3843417,upper,3,16.0627602,16.21,0.147239797,2nd shaft Wobbling
timesignal (29).uff,16.1960611,80.5804028,upper,4,16.0960854,16.21,0.113914568,2nd shaft Wobbling
timesignal (29).uff,32.4920979,16.1960611,lower,1,16.2960368,16.21,0.0860368038,2nd shaft Wobbling
timesignal (29).uff,32.4920979,64.3843417,upper,2,15.9461219,16.21,0.263878097,2nd shaft Wobbling
timesignal (29).uff,32.4920979,80.5804028,upper,3,16.029435,16.21,0.180565025,2nd shaft Wobbling
timesignal (29).uff,32.4920979,96.776464,upper,4,16.0710915,16.21,0.138908489,2nd shaft Wobbling
timesignal (29).uff,48.0883049,56.1863355,upper,1,8.09803056,8.11,0.011969441,2nd shaft Shaft rotation
timesignal (29).uff,48.0883049,64.3843417,upper,2,8.1480184,8.11,0.0380184019,2nd shaft Shaft rotation
timesignal (29).uff,48.0883049,72.4823723,upper,3,8.13135579,8.11,0.0213557876,2nd shaft Shaft rotation
timesignal (29).uff,48.0883049,80.5804028,upper,4,8.12302448,8.11,0.0130244804,2nd shaft Shaft rotation
timesignal (29).uff,56.1863355,48.0883049,lower,1,8.09803056,8.11,0.011969441,2nd shaft Shaft rotation
timesignal (29).uff,56.1863355,64.3843417,upper,1,8.19800624,8.11,0.0880062449,2nd shaft Shaft rotation
timesignal (29).uff,56.1863355,72.4823723,upper,2,8.1480184,8.11,0.0380184019,2nd shaft Shaft rotation
timesignal (29).uff,56.1863355,80.5804028,upper,3,8.13135579,8.11,0.0213557876,2nd shaft Shaft rotation
timesignal (29).uff,56.1863355,88.6784334,upper,4,8.12302448,8.11,0.0130244804,2nd shaft Shaft rotation
timesignal (29).uff,64.3843417,56.1863355,lower,1,8.19800624,8.11,0.0880062449,2nd shaft Shaft rotation
timesignal (29).uff,64.3843417,72.4823723,upper,1,8.09803056,8.11,0.011969441,2nd shaft Shaft rotation
timesignal (29).uff,64.3843417,48.0883049,lower,2,8.1480184,8.11,0.0380184019,2nd shaft Shaft rotation
timesignal (29).uff,64.3843417,80.5804028,upper,2,8.09803056,8.11,0.011969441,2nd shaft Shaft rotation
timesignal (29).uff,64.3843417,88.6784334,upper,3,8.09803056,8.11,0.011969441,2nd shaft Shaft rotation
timesignal (29).uff,64.3843417,96.776464,upper,4,8.09803056,8.11,0.011969441,2nd shaft Shaft rotation
timesignal (29).uff,72.4823723,64.3843417,lower,1,8.09803056,8.11,0.011969441,2nd shaft Shaft rotation
timesignal (29).uff,72.4823723,80.5804028,upper,1,8.09803056,8.11,0.011969441,2nd shaft Shaft rotation
timesignal (29).uff,72.4823723,56.1863355,lower,2,8.1480184,8.11,0.0380184019,2nd shaft Shaft rotation
timesignal (29).uff,72.4823723,88.6784334,upper,2,8.09803056,8.11,0.011969441,2nd shaft Shaft rotation
timesignal (29).uff,72.4823723,48.0883049,lower,3,8.13135579,8.11,0.0213557876,2nd shaft Shaft rotation
timesignal (29).uff,72.4823723,96.776464,upper,3,8.09803056,8.11,0.011969441,2nd shaft Shaft rotation
timesignal (29).uff,72.4823723,104.97447,upper,4,8.12302448,8.11,0.0130244804,2nd shaft Shaft rotation
timesignal (29).uff,80.5804028,72.4823723,lower,1,8.09803056,8.11,0.011969441,2nd shaft Shaft rotation
timesignal (29).uff,80.5804028,88.6784334,upper,1,8.09803056,8.11,0.011969441,2nd shaft Shaft rotation
timesignal (29).uff,80.5804028,64.3843417,lower,2,8.09803056,8.11,0.011969441,2nd shaft Shaft rotation
timesignal (29).uff,80.5804028,96.776464,upper,2,8.09803056,8.11,0.011969441,2nd shaft Shaft rotation
timesignal (29).uff,80.5804028,56.1863355,lower,3,8.13135579,8.11,0.0213557876,2nd shaft Shaft rotation
timesignal (29).uff,80.5804028,104.97447,upper,3,8.13135579,8.11,0.0213557876,2nd shaft Shaft rotation
timesignal (29).uff,80.5804028,48.0883049,lower,4,8.12302448,8.11,0.0130244804,2nd shaft Shaft rotation
timesignal (29).uff,88.6784334,80.5804028,lower,1,8.09803056,8.11,0.011969441,2nd shaft Shaft rotation
timesignal (29).uff,88.6784334,96.776464,upper,1,8.09803056,8.11,0.011969441,2nd shaft Shaft rotation
timesignal (29).uff,88.6784334,72.4823723,lower,2,8.09803056,8.11,0.011969441,2nd shaft Shaft rotation
timesignal (29).uff,88.6784334,104.97447,upper,2,8.1480184,8.11,0.0380184019,2nd shaft Shaft rotation
timesignal (29).uff,88.6784334,64.3843417,lower,3,8.09803056,8.11,0.011969441,2nd shaft Shaft rotation
timesignal (29).uff,88.6784334,56.1863355,lower,4,8.12302448,8.11,0.0130244804,2nd shaft Shaft rotation
timesignal (29).uff,96.776464,88.6784334,lower,1,8.09803056,8.11,0.011969441,2nd shaft Shaft rotation
timesignal (29).uff,96.776464,104.97447,upper,1,8.19800624,8.11,0.0880062449,2nd shaft Shaft rotation
timesignal (29).uff,96.776464,80.5804028,lower,2,8.09803056,8.11,0.011969441,2nd shaft Shaft rotation
timesignal (29).uff,96.776464,72.4823723,lower,3,8.09803056,8.11,0.011969441,2nd shaft Shaft rotation
timesignal (29).uff,96.776464,64.3843417,lower,4,8.09803056,8.11,0.011969441,2nd shaft Shaft rotation
timesignal (29).uff,144.964745,136.766738,lower,1,8.19800624,8.11,0.0880062449,2nd shaft Shaft rotation
timesignal (29).uff,144.964745,153.062775,upper,1,8.09803056,8.11,0.011969441,2nd shaft Shaft rotation
timesignal (29).uff,144.964745,161.160806,upper,2,8.09803056,8.11,0.011969441,2nd shaft Shaft rotation
timesignal (29).uff,153.062775,144.964745,lower,1,8.09803056,8.11,0.011969441,2nd shaft Shaft rotation
timesignal (29).uff,153.062775,161.160806,upper,1,8.09803056,8.11,0.011969441,2nd shaft Shaft rotation
timesignal (29).uff,153.062775,136.766738,lower,2,8.1480184,8.11,0.0380184019,2nd shaft Shaft rotation
timesignal (29).uff,161.160806,153.062775,lower,1,8.09803056,8.11,0.011969441,2nd shaft Shaft rotation
timesignal (29).uff,161.160806,144.964745,lower,2,8.09803056,8.11,0.011969441,2nd shaft Shaft rotation
timesignal (29).uff,161.160806,136.766738,lower,3,8.13135579,8.11,0.0213557876,2nd shaft Shaft rotation
timesignal (30).uff,8.09803056,16.1960611,upper,1,8.09803056,8.11,0.011969441,2nd shaft Shaft rotation
timesignal (30).uff,8.09803056,24.3940674,upper,2,8.1480184,8.11,0.0380184019,2nd shaft Shaft rotation
timesignal (30).uff,8.09803056,32.4920979,upper,3,8.13135579,8.11,0.0213557876,2nd shaft Shaft rotation
timesignal (30).uff,16.1960611,8.09803056,lower,2,4.04901528,4.11,0.0609847205,Output shaft Wobbling
timesignal (30).uff,16.1960611,24.3940674,upper,2,4.09900312,4.11,0.0109968776,Output shaft Wobbling
timesignal (30).uff,16.1960611,32.4920979,upper,4,4.0740092,4.11,0.035990799,Output shaft Wobbling
timesignal (30).uff,24.3940674,16.1960611,lower,2,4.09900312,4.11,0.0109968776,Output shaft Wobbling
timesignal (30).uff,24.3940674,32.4920979,upper,2,4.04901528,4.11,0.0609847205,Output shaft Wobbling
timesignal (30).uff,24.3940674,8.09803056,lower,4,4.0740092,4.11,0.035990799,Output shaft Wobbling
timesignal (30).uff,32.4920979,24.3940674,lower,1,8.09803056,8.11,0.011969441,2nd shaft Shaft rotation
timesignal (30).uff,32.4920979,16.1960611,lower,2,8.1480184,8.11,0.0380184019,2nd shaft Shaft rotation
timesignal (30).uff,32.4920979,8.09803056,lower,3,8.13135579,8.11,0.0213557876,2nd shaft Shaft rotation
timesignal (30).uff,32.4920979,64.3843417,upper,4,7.97306095,8.11,0.136939048,2nd shaft Shaft rotation
timesignal (30).uff,48.0883049,56.1863355,upper,1,8.09803056,8.11,0.011969441,2nd shaft Shaft rotation
timesignal (30).uff,48.0883049,64.3843417,upper,2,8.1480184,8.11,0.0380184019,2nd shaft Shaft rotation
timesignal (30).uff,48.0883049,80.5804028,upper,4,8.12302448,8.11,0.0130244804,2nd shaft Shaft rotation
timesignal (30).uff,56.1863355,48.0883049,lower,1,8.09803056,8.11,0.011969441,2nd shaft Shaft rotation
timesignal (30).uff,56.1863355,64.3843417,upper,1,8.19800624,8.11,0.0880062449,2nd shaft Shaft rotation
timesignal (30).uff,56.1863355,80.5804028,upper,3,8.13135579,8.11,0.0213557876,2nd shaft Shaft rotation
timesignal (30).uff,56.1863355,88.7784091,upper,4,8.1480184,8.11,0.0380184019,2nd shaft Shaft rotation
timesignal (30).uff,64.3843417,56.1863355,lower,1,8.19800624,8.11,0.0880062449,2nd shaft Shaft rotation
timesignal (30).uff,64.3843417,48.0883049,lower,2,8.1480184,8.11,0.0380184019,2nd shaft Shaft rotation
timesignal (30).uff,64.3843417,80.5804028,upper,2,8.09803056,8.11,0.011969441,2nd shaft Shaft rotation
timesignal (30).uff,64.3843417,88.7784091,upper,3,8.13135579,8.11,0.0213557876,2nd shaft Shaft rotation
timesignal (30).uff,64.3843417,96.8764396,upper,4,8.12302448,8.11,0.0130244804,2nd shaft Shaft rotation
timesignal (30).uff,80.5804028,88.7784091,upper,1,8.19800624,8.11,0.0880062449,2nd shaft Shaft rotation
timesignal (30).uff,80.5804028,64.3843417,lower,2,8.09803056,8.11,0.011969441,2nd shaft Shaft rotation
timesignal (30).uff,80.5804028,96.8764396,upper,2,8.1480184,8.11,0.0380184019,2nd shaft Shaft rotation
timesignal (30).uff,80.5804028,56.1863355,lower,3,8.13135579,8.11,0.0213557876,2nd shaft Shaft rotation
timesignal (30).uff,80.5804028,104.97447,upper,3,8.13135579,8.11,0.0213557876,2nd shaft Shaft rotation
timesignal (30).uff,80.5804028,48.0883049,lower,4,8.12302448,8.11,0.0130244804,2nd shaft Shaft rotation
timesignal (30).uff,88.7784091,80.5804028,lower,1,8.19800624,8.11,0.0880062449,2nd shaft Shaft rotation
timesignal (30).uff,88.7784091,96.8764396,upper,1,8.09803056,8.11,0.011969441,2nd shaft Shaft rotation
timesignal (30).uff,88.7784091,104.97447,upper,2,8.09803056,8.11,0.011969441,2nd shaft Shaft rotation
timesignal (30).uff,88.7784091,64.3843417,lower,3,8.13135579,8.11,0.0213557876,2nd shaft Shaft rotation
timesignal (30).uff,88.7784091,56.1863355,lower,4,8.1480184,8.11,0.0380184019,2nd shaft Shaft rotation
timesignal (30).uff,96.8764396,80.5804028,lower,1,16.2960368,16.21,0.0860368038,2nd shaft Wobbling
timesignal (30).uff,96.8764396,64.3843417,lower,2,16.246049,16.21,0.0360489609,2nd shaft Wobbling
timesignal (30).uff,96.8764396,48.0883049,lower,3,16.2627116,16.21,0.0527115752,2nd shaft Wobbling
timesignal (30).uff,96.8764396,144.964745,upper,3,16.029435,16.21,0.180565025,2nd shaft Wobbling
timesignal (30).uff,96.8764396,161.260781,upper,4,16.0960854,16.21,0.113914568,2nd shaft Wobbling
timesignal (30).uff,144.964745,161.260781,upper,1,16.2960368,16.21,0.0860368038,2nd shaft Wobbling
timesignal (30).uff,144.964745,96.8764396,lower,3,16.029435,16.21,0.180565025,2nd shaft Wobbling
timesignal (30).uff,144.964745,80.5804028,lower,4,16.0960854,16.21,0.113914568,2nd shaft Wobbling
timesignal (30).uff,161.260781,104.97447,lower,1,56.2863112,56.74,0.453688831,Input shaft bearing 150 RE BSF/Rolling element
timesignal (30).uff,161.260781,48.0883049,lower,2,56.5862382,56.74,0.153761773,Input shaft bearing 150 RE BSF/Rolling element
timesignal (30).uff,161.260781,386.805929,upper,4,56.3862869,56.74,0.353713145,Input shaft bearing 150 RE BSF/Rolling element
timesignal (30).uff,241.841184,314.323557,upper,3,24.1607908,23.98,0.180790762,Output shaft bearing 250/251 OR BPFO/Outer race
timesignal (30).uff,241.841184,144.964745,lower,4,24.2191099,23.98,0.239109912,Output shaft bearing 250/251 OR BPFO/Outer race
timesignal (30).uff,386.805929,411.199996,upper,1,24.3940674,23.98,0.414067363,Output shaft bearing 250/251 OR BPFO/Outer race
timesignal (30).uff,386.805929,314.323557,lower,3,24.1607908,23.98,0.180790762,Output shaft bearing 250/251 OR BPFO/Outer race
timesignal (30).uff,411.199996,386.805929,lower,1,24.3940674,23.98,0.414067363,Output shaft bearing 250/251 OR BPFO/Outer race
timesignal (30).uff,411.199996,314.323557,lower,4,24.2191099,23.98,0.239109912,Output shaft bearing 250/251 OR BPFO/Outer race
timesignal (31).uff,8.12500416,16.2500083,upper,1,8.12500416,8.11,0.01500416,2nd shaft Shaft rotation
timesignal (31).uff,8.12500416,32.5000166,upper,3,8.12500416,8.11,0.01500416,2nd shaft Shaft rotation
timesignal (31).uff,16.2500083,8.12500416,lower,1,8.12500416,8.11,0.01500416,2nd shaft Shaft rotation
timesignal (31).uff,16.2500083,32.5000166,upper,2,8.12500416,8.11,0.01500416,2nd shaft Shaft rotation
timesignal (31).uff,32.5000166,16.2500083,lower,2,8.12500416,8.11,0.01500416,2nd shaft Shaft rotation
timesignal (31).uff,32.5000166,8.12500416,lower,3,8.12500416,8.11,0.01500416,2nd shaft Shaft rotation
timesignal (35).uff,16.2960368,40.0902501,upper,1,23.7942132,23.98,0.185786753,Output shaft bearing 250/251 OR BPFO/Outer race
timesignal (35).uff,16.2960368,88.8783848,upper,3,24.194116,23.98,0.214115991,Output shaft bearing 250/251 OR BPFO/Outer race
timesignal (35).uff,16.2960368,113.272452,upper,4,24.2441038,23.98,0.264103834,Output shaft bearing 250/251 OR BPFO/Outer race
timesignal (35).uff,32.4920979,16.2960368,lower,2,8.09803056,8.11,0.011969441,2nd shaft Shaft rotation
timesignal (35).uff,32.4920979,8.09803056,lower,3,8.13135579,8.11,0.0213557876,2nd shaft Shaft rotation
timesignal (35).uff,32.4920979,56.2863112,upper,3,7.93140442,8.11,0.178595584,2nd shaft Shaft rotation
timesignal (35).uff,48.1882806,40.0902501,lower,1,8.09803056,8.11,0.011969441,2nd shaft Shaft rotation
timesignal (35).uff,48.1882806,56.2863112,upper,1,8.09803056,8.11,0.011969441,2nd shaft Shaft rotation
timesignal (35).uff,48.1882806,72.582348,upper,3,8.13135579,8.11,0.0213557876,2nd shaft Shaft rotation
timesignal (35).uff,48.1882806,80.6803785,upper,4,8.12302448,8.11,0.0130244804,2nd shaft Shaft rotation
timesignal (35).uff,56.2863112,48.1882806,lower,1,8.09803056,8.11,0.011969441,2nd shaft Shaft rotation
timesignal (35).uff,56.2863112,40.0902501,lower,2,8.09803056,8.11,0.011969441,2nd shaft Shaft rotation
timesignal (35).uff,56.2863112,72.582348,upper,2,8.1480184,8.11,0.0380184019,2nd shaft Shaft rotation
timesignal (35).uff,56.2863112,80.6803785,upper,3,8.13135579,8.11,0.0213557876,2nd shaft Shaft rotation
timesignal (35).uff,56.2863112,88.8783848,upper,4,8.1480184,8.11,0.0380184019,2nd shaft Shaft rotation
timesignal (35).uff,72.582348,80.6803785,upper,1,8.09803056,8.11,0.011969441,2nd shaft Shaft rotation
timesignal (35).uff,72.582348,56.2863112,lower,2,8.1480184,8.11,0.0380184019,2nd shaft Shaft rotation
timesignal (35).uff,72.582348,88.8783848,upper,2,8.1480184,8.11,0.0380184019,2nd shaft Shaft rotation
timesignal (35).uff,72.582348,48.1882806,lower,3,8.13135579,8.11,0.0213557876,2nd shaft Shaft rotation
timesignal (35).uff,72.582348,96.9764153,upper,3,8.13135579,8.11,0.0213557876,2nd shaft Shaft rotation
timesignal (35).uff,72.582348,40.0902501,lower,4,8.12302448,8.11,0.0130244804,2nd shaft Shaft rotation
timesignal (35).uff,80.6803785,72.582348,lower,1,8.09803056,8.11,0.011969441,2nd shaft Shaft rotation
timesignal (35).uff,80.6803785,88.8783848,upper,1,8.19800624,8.11,0.0880062449,2nd shaft Shaft rotation
timesignal (35).uff,80.6803785,96.9764153,upper,2,8.1480184,8.11,0.0380184019,2nd shaft Shaft rotation
timesignal (35).uff,80.6803785,56.2863112,lower,3,8.13135579,8.11,0.0213557876,2nd shaft Shaft rotation
timesignal (35).uff,80.6803785,48.1882806,lower,4,8.12302448,8.11,0.0130244804,2nd shaft Shaft rotation
timesignal (35).uff,80.6803785,113.272452,upper,4,8.1480184,8.11,0.0380184019,2nd shaft Shaft rotation
timesignal (35).uff,88.8783848,80.6803785,lower,1,8.19800624,8.11,0.0880062449,2nd shaft Shaft rotation
timesignal (35).uff,88.8783848,96.9764153,upper,1,8.09803056,8.11,0.011969441,2nd shaft Shaft rotation
timesignal (35).uff,88.8783848,56.2863112,lower,4,8.1480184,8.11,0.0380184019,2nd shaft Shaft rotation
timesignal (35).uff,96.9764153,80.6803785,lower,1,16.2960368,16.21,0.0860368038,2nd shaft Wobbling
timesignal (35).uff,96.9764153,113.272452,upper,1,16.2960368,16.21,0.0860368038,2nd shaft Wobbling
timesignal (35).uff,96.9764153,48.1882806,lower,3,16.2627116,16.21,0.0527115752,2nd shaft Wobbling
timesignal (35).uff,96.9764153,145.164696,upper,3,16.0627602,16.21,0.147239797,2nd shaft Wobbling
timesignal (35).uff,96.9764153,161.360757,upper,4,16.0960854,16.21,0.113914568,2nd shaft Wobbling
timesignal (35).uff,113.272452,96.9764153,lower,1,16.2960368,16.21,0.0860368038,2nd shaft Wobbling
timesignal (35).uff,113.272452,80.6803785,lower,2,16.2960368,16.21,0.0860368038,2nd shaft Wobbling
timesignal (35).uff,113.272452,145.164696,upper,2,15.9461219,16.21,0.263878097,2nd shaft Wobbling
timesignal (35).uff,113.272452,161.360757,upper,3,16.029435,16.21,0.180565025,2nd shaft Wobbling
timesignal (35).uff,113.272452,48.1882806,lower,4,16.2710429,16.21,0.0610428824,2nd shaft Wobbling
timesignal (35).uff,113.272452,177.05694,upper,4,15.9461219,16.21,0.263878097,2nd shaft Wobbling
timesignal (35).uff,125.569462,145.164696,upper,3,6.53174481,6.93,0.398255187,Input shaft bearing 151 Cage FTF/Cage
timesignal (35).uff,125.569462,96.9764153,lower,4,7.14826154,6.93,0.218261543,Input shaft bearing 151 Cage FTF/Cage
timesignal (35).uff,125.569462,153.262727,upper,4,6.92331625,6.93,0.00668375051,Input shaft bearing 151 Cage FTF/Cage
timesignal (35).uff,145.164696,161.360757,upper,1,16.1960611,16.21,0.0139388821,2nd shaft Wobbling
timesignal (35).uff,145.164696,113.272452,lower,2,15.9461219,16.21,0.263878097,2nd shaft Wobbling
timesignal (35).uff,145.164696,177.05694,upper,2,15.9461219,16.21,0.263878097,2nd shaft Wobbling
timesignal (35).uff,145.164696,96.9764153,lower,3,16.0627602,16.21,0.147239797,2nd shaft Wobbling
timesignal (35).uff,145.164696,80.6803785,lower,4,16.1210794,16.21,0.0889206465,2nd shaft Wobbling
timesignal (35).uff,153.262727,145.164696,lower,1,8.09803056,8.11,0.011969441,2nd shaft Shaft rotation
timesignal (35).uff,153.262727,161.360757,upper,1,8.09803056,8.11,0.011969441,2nd shaft Shaft rotation
timesignal (35).uff,153.262727,177.05694,upper,3,7.93140442,8.11,0.178595584,2nd shaft Shaft rotation
timesignal (35).uff,161.360757,145.164696,lower,1,16.1960611,16.21,0.0139388821,2nd shaft Wobbling
timesignal (35).uff,161.360757,177.05694,upper,1,15.6961827,16.21,0.513817312,2nd shaft Wobbling
timesignal (35).uff,161.360757,113.272452,lower,3,16.029435,16.21,0.180565025,2nd shaft Wobbling
timesignal (35).uff,161.360757,96.9764153,lower,4,16.0960854,16.21,0.113914568,2nd shaft Wobbling
timesignal (35).uff,177.05694,161.360757,lower,1,15.6961827,16.21,0.513817312,2nd shaft Wobbling
timesignal (35).uff,177.05694,145.164696,lower,2,15.9461219,16.21,0.263878097,2nd shaft Wobbling
timesignal (35).uff,177.05694,113.272452,lower,4,15.9461219,16.21,0.263878097,2nd shaft Wobbling
timesignal (35).uff,177.05694,242.141111,upper,4,16.2710429,16.21,0.0610428824,2nd shaft Wobbling
timesignal (35).uff,242.141111,298.427422,upper,2,28.1431556,29.45,1.30684442,Output shaft bearing 250 IR BPFI/Inner race
timesignal (35).uff,242.141111,153.262727,lower,3,29.6261283,29.45,0.176128259,Output shaft bearing 250 IR BPFI/Inner race
timesignal (35).uff,242.141111,125.569462,lower,4,29.1429124,29.45,0.307087556,Output shaft bearing 250 IR BPFI/Inner race
timesignal (35).uff,250.239142,298.427422,upper,2,24.0941403,23.98,0.114140305,Output shaft bearing 250/251 OR BPFO/Outer race
timesignal (35).uff,250.239142,177.05694,lower,3,24.3940674,23.98,0.414067363,Output shaft bearing 250/251 OR BPFO/Outer race
timesignal (35).uff,250.239142,153.262727,lower,4,24.2441038,23.98,0.264103834,Output shaft bearing 250/251 OR BPFO/Outer race
timesignal (35).uff,298.427422,250.239142,lower,1,48.1882806,50.23,2.04171939,2nd shaft bearing 350 OR BPFO/Outer race
timesignal (35).uff,298.427422,96.9764153,lower,4,50.3627518,50.23,0.132751779,2nd shaft bearing 350 OR BPFO/Outer race
timesignal (36).uff,8.12500416,16.2500083,upper,1,8.12500416,8.11,0.01500416,2nd shaft Shaft rotation
timesignal (36).uff,8.12500416,32.5000166,upper,3,8.12500416,8.11,0.01500416,2nd shaft Shaft rotation
timesignal (36).uff,16.2500083,32.5000166,upper,1,16.2500083,16.21,0.04000832,2nd shaft Wobbling
timesignal (36).uff,16.2500083,48.1875247,upper,2,15.9687582,16.21,0.241241824,2nd shaft Wobbling
timesignal (36).uff,16.2500083,80.6875413,upper,4,16.1093832,16.21,0.100616752,2nd shaft Wobbling
timesignal (36).uff,32.5000166,16.2500083,lower,2,8.12500416,8.11,0.01500416,2nd shaft Shaft rotation
timesignal (36).uff,32.5000166,8.12500416,lower,3,8.12500416,8.11,0.01500416,2nd shaft Shaft rotation
timesignal (36).uff,32.5000166,56.3125288,upper,3,7.93750406,8.11,0.172495936,2nd shaft Shaft rotation
timesignal (36).uff,48.1875247,56.3125288,upper,1,8.12500416,8.11,0.01500416,2nd shaft Shaft rotation
timesignal (36).uff,48.1875247,80.6875413,upper,4,8.12500416,8.11,0.01500416,2nd shaft Shaft rotation
timesignal (36).uff,56.3125288,48.1875247,lower,1,8.12500416,8.11,0.01500416,2nd shaft Shaft rotation
timesignal (36).uff,56.3125288,80.6875413,upper,3,8.12500416,8.11,0.01500416,2nd shaft Shaft rotation
timesignal (36).uff,56.3125288,88.8125455,upper,4,8.12500416,8.11,0.01500416,2nd shaft Shaft rotation
timesignal (36).uff,80.6875413,88.8125455,upper,1,8.12500416,8.11,0.01500416,2nd shaft Shaft rotation
timesignal (36).uff,80.6875413,56.3125288,lower,3,8.12500416,8.11,0.01500416,2nd shaft Shaft rotation
timesignal (36).uff,80.6875413,48.1875247,lower,4,8.12500416,8.11,0.01500416,2nd shaft Shaft rotation
timesignal (36).uff,88.8125455,80.6875413,lower,1,8.12500416,8.11,0.01500416,2nd shaft Shaft rotation
timesignal (36).uff,88.8125455,56.3125288,lower,4,8.12500416,8.11,0.01500416,2nd shaft Shaft rotation
timesignal (37).uff,72.5625372,80.6875413,upper,1,8.12500416,8.11,0.01500416,2nd shaft Shaft rotation
timesignal (37).uff,72.5625372,88.8125455,upper,2,8.12500416,8.11,0.01500416,2nd shaft Shaft rotation
timesignal (37).uff,80.6875413,72.5625372,lower,1,8.12500416,8.11,0.01500416,2nd shaft Shaft rotation
timesignal (37).uff,80.6875413,88.8125455,upper,1,8.12500416,8.11,0.01500416,2nd shaft Shaft rotation
timesignal (37).uff,88.8125455,146.375075,upper,1,57.5625295,56.74,0.822529472,Input shaft bearing 150 RE BSF/Rolling element
timesignal (37).uff,88.8125455,258.375132,upper,3,56.5208623,56.74,0.219137728,Input shaft bearing 150 RE BSF/Rolling element
timesignal (37).uff,88.8125455,314.625161,upper,4,56.4531539,56.74,0.286846096,Input shaft bearing 150 RE BSF/Rolling element
timesignal (37).uff,111.312557,167.000086,upper,1,55.6875285,56.74,1.05247149,Input shaft bearing 150 RE BSF/Rolling element
timesignal (37).uff,111.312557,225.812616,upper,2,57.2500293,56.74,0.510029312,Input shaft bearing 150 RE BSF/Rolling element
timesignal (37).uff,111.312557,341.562675,upper,4,57.5625295,56.74,0.822529472,Input shaft bearing 150 RE BSF/Rolling element
timesignal (37).uff,146.375075,250.187628,upper,2,51.9062766,51.81,0.096276576,Input shaft bearing 151 RE BSF/Rolling element
timesignal (37).uff,146.375075,300.875154,upper,3,51.5000264,51.81,0.309973632,Input shaft bearing 151 RE BSF/Rolling element
timesignal (37).uff,146.375075,355.312682,upper,4,52.2344017,51.81,0.424401744,Input shaft bearing 151 RE BSF/Rolling element
timesignal (37).uff,153.250078,266.500136,upper,2,56.625029,56.74,0.114971008,Input shaft bearing 150 RE BSF/Rolling element
timesignal (37).uff,153.250078,322.812665,upper,3,56.5208623,56.74,0.219137728,Input shaft bearing 150 RE BSF/Rolling element
timesignal (37).uff,153.250078,379.062694,upper,4,56.4531539,56.74,0.286846096,Input shaft bearing 150 RE BSF/Rolling element
timesignal (37).uff,167.000086,111.312557,lower,1,55.6875285,56.74,1.05247149,Input shaft bearing 150 RE BSF/Rolling element
timesignal (37).uff,167.000086,225.812616,upper,1,58.8125301,56.74,2.07253011,Input shaft bearing 150 RE BSF/Rolling element
timesignal (37).uff,167.000086,278.312642,upper,2,55.6562785,56.74,1.0837215,Input shaft bearing 150 RE BSF/Rolling element
timesignal (37).uff,167.000086,334.000171,upper,3,55.6666952,56.74,1.07330483,Input shaft bearing 150 RE BSF/Rolling element
timesignal (37).uff,169.500087,146.375075,lower,1,23.1250118,22.05,1.07501184,2nd shaft bearing 350 RE BSF/Rolling element
timesignal (37).uff,169.500087,233.93762,upper,3,21.4791777,22.05,0.570822336,2nd shaft bearing 350 RE BSF/Rolling element
timesignal (37).uff,169.500087,80.6875413,lower,4,22.2031364,22.05,0.153136368,2nd shaft bearing 350 RE BSF/Rolling element
timesignal (37).uff,169.500087,258.375132,upper,4,22.2187614,22.05,0.168761376,2nd shaft bearing 350 RE BSF/Rolling element
timesignal (37).uff,225.812616,233.93762,upper,1,8.12500416,8.11,0.01500416,2nd shaft Shaft rotation
timesignal (37).uff,225.812616,250.187628,upper,3,8.12500416,8.11,0.01500416,2nd shaft Shaft rotation
timesignal (37).uff,225.812616,258.375132,upper,4,8.14062917,8.11,0.030629168,2nd shaft Shaft rotation
timesignal (37).uff,233.93762,258.375132,upper,1,24.4375125,22.05,2.38751251,2nd shaft bearing 350 RE BSF/Rolling element
timesignal (37).uff,233.93762,278.312642,upper,2,22.1875114,22.05,0.13751136,2nd shaft bearing 350 RE BSF/Rolling element
timesignal (37).uff,233.93762,167.000086,lower,3,22.3125114,22.05,0.262511424,2nd shaft bearing 350 RE BSF/Rolling element
timesignal (37).uff,233.93762,300.875154,upper,3,22.3125114,22.05,0.262511424,2nd shaft bearing 350 RE BSF/Rolling element
timesignal (37).uff,233.93762,146.375075,lower,4,21.8906362,22.05,0.159363792,2nd shaft bearing 350 RE BSF/Rolling element
timesignal (37).uff,233.93762,322.812665,upper,4,22.2187614,22.05,0.168761376,2nd shaft bearing 350 RE BSF/Rolling element
timesignal (37).uff,250.187628,258.375132,upper,1,8.18750419,8.11,0.077504192,2nd shaft Shaft rotation
timesignal (37).uff,250.187628,233.93762,lower,2,8.12500416,8.11,0.01500416,2nd shaft Shaft rotation
timesignal (37).uff,250.187628,266.500136,upper,2,8.15625418,8.11,0.046254176,2nd shaft Shaft rotation
timesignal (37).uff,250.187628,225.812616,lower,3,8.12500416,8.11,0.01500416,2nd shaft Shaft rotation
timesignal (37).uff,258.375132,250.187628,lower,1,8.18750419,8.11,0.077504192,2nd shaft Shaft rotation
timesignal (37).uff,258.375132,266.500136,upper,1,8.12500416,8.11,0.01500416,2nd shaft Shaft rotation
timesignal (37).uff,258.375132,233.93762,lower,3,8.1458375,8.11,0.035837504,2nd shaft Shaft rotation
timesignal (37).uff,258.375132,225.812616,lower,4,8.14062917,8.11,0.030629168,2nd shaft Shaft rotation
timesignal (37).uff,266.500136,250.187628,lower,1,16.3125084,16.21,0.102508352,2nd shaft Wobbling
timesignal (37).uff,266.500136,233.93762,lower,2,16.2812583,16.21,0.071258336,2nd shaft Wobbling
timesignal (37).uff,266.500136,300.875154,upper,2,17.1875088,16.21,0.9775088,2nd shaft Wobbling
timesignal (37).uff,266.500136,314.625161,upper,3,16.0416749,16.21,0.16832512,2nd shaft Wobbling
timesignal (37).uff,266.500136,330.937669,upper,4,16.1093832,16.21,0.100616752,2nd shaft Wobbling
timesignal (37).uff,300.875154,317.187662,upper,2,8.15625418,8.11,0.046254176,2nd shaft Shaft rotation
timesignal (37).uff,300.875154,278.312642,lower,3,7.52083718,8.11,0.589162816,2nd shaft Shaft rotation
timesignal (37).uff,300.875154,325.312667,upper,3,8.1458375,8.11,0.035837504,2nd shaft Shaft rotation
timesignal (37).uff,300.875154,266.500136,lower,4,8.5937544,8.11,0.4837544,2nd shaft Shaft rotation
timesignal (37).uff,300.875154,334.000171,upper,4,8.28125424,8.11,0.17125424,2nd shaft Shaft rotation
timesignal (37).uff,330.937669,334.000171,upper,1,3.06250157,2.05,1.01250157,Output shaft Shaft rotation
timesignal (37).uff,330.937669,325.312667,lower,2,2.81250144,2.05,0.76250144,Output shaft Shaft rotation
timesignal (37).uff,330.937669,334.000171,upper,2,1.53125078,2.05,0.518749216,Output shaft Shaft rotation
timesignal (37).uff,330.937669,325.312667,lower,3,1.87500096,2.05,0.17499904,Output shaft Shaft rotation
timesignal (37).uff,330.937669,334.000171,upper,3,1.02083386,2.05,1.02916614,Output shaft Shaft rotation
timesignal (37).uff,330.937669,322.812665,lower,4,2.03125104,2.05,0.01874896,Output shaft Shaft rotation
timesignal (37).uff,330.937669,341.562675,upper,4,2.65625136,2.05,0.60625136,Output shaft Shaft rotation
timesignal (37).uff,341.562675,334.000171,lower,2,3.78125194,4.11,0.328748064,Output shaft Wobbling
timesignal (37).uff,341.562675,330.937669,lower,3,3.54166848,4.11,0.56833152,Output shaft Wobbling
timesignal (37).uff,341.562675,355.312682,upper,3,4.58333568,4.11,0.47333568,Output shaft Wobbling
timesignal (37).uff,341.562675,325.312667,lower,4,4.06250208,4.11,0.04749792,Output shaft Wobbling
timesignal (37).uff,341.562675,355.312682,upper,4,3.43750176,4.11,0.67249824,Output shaft Wobbling
timesignal (37).uff,355.312682,330.937669,lower,1,24.3750125,23.98,0.39501248,Output shaft bearing 250/251 OR BPFO/Outer race
timesignal (37).uff,355.312682,379.062694,upper,1,23.7500122,23.98,0.22998784,Output shaft bearing 250/251 OR BPFO/Outer race
timesignal (37).uff,355.312682,403.500207,upper,2,24.0937623,23.98,0.113762336,Output shaft bearing 250/251 OR BPFO/Outer race
timesignal (37).uff,355.312682,258.375132,lower,4,24.2343874,23.98,0.254387408,Output shaft bearing 250/251 OR BPFO/Outer race
timesignal (37).uff,379.062694,322.812665,lower,1,56.2500288,56.74,0.4899712,Input shaft bearing 150 RE BSF/Rolling element
timesignal (37).uff,379.062694,266.500136,lower,2,56.2812788,56.74,0.458721184,Input shaft bearing 150 RE BSF/Rolling element
timesignal (37).uff,379.062694,492.312752,upper,2,56.625029,56.74,0.114971008,Input shaft bearing 150 RE BSF/Rolling element
timesignal (37).uff,379.062694,548.625281,upper,3,56.5208623,56.74,0.219137728,Input shaft bearing 150 RE BSF/Rolling element
timesignal (37).uff,379.062694,153.250078,lower,4,56.4531539,56.74,0.286846096,Input shaft bearing 150 RE BSF/Rolling element
timesignal (37).uff,403.500207,379.062694,lower,1,24.4375125,23.98,0.457512512,Output shaft bearing 250/251 OR BPFO/Outer race
timesignal (37).uff,403.500207,355.312682,lower,2,24.0937623,23.98,0.113762336,Output shaft bearing 250/251 OR BPFO/Outer race
timesignal (37).uff,403.500207,330.937669,lower,3,24.1875124,23.98,0.207512384,Output shaft bearing 250/251 OR BPFO/Outer race
timesignal (37).uff,403.500207,471.687742,upper,3,22.7291783,23.98,1.2508217,Output shaft bearing 250/251 OR BPFO/Outer race
timesignal (37).uff,403.500207,500.437756,upper,4,24.2343874,23.98,0.254387408,Output shaft bearing 250/251 OR BPFO/Outer race
timesignal (37).uff,411.625211,379.062694,lower,1,32.5625167,29.45,3.11251667,Output shaft bearing 250 IR BPFI/Inner race
timesignal (37).uff,411.625211,355.312682,lower,2,28.1562644,29.45,1.29373558,Output shaft bearing 250 IR BPFI/Inner race
timesignal (37).uff,411.625211,471.687742,upper,2,30.0312654,29.45,0.581265376,Output shaft bearing 250 IR BPFI/Inner race
timesignal (37).uff,411.625211,322.812665,lower,3,29.6041818,29.45,0.154181824,Output shaft bearing 250 IR BPFI/Inner race
timesignal (37).uff,411.625211,500.437756,upper,3,29.6041818,29.45,0.154181824,Output shaft bearing 250 IR BPFI/Inner race
timesignal (37).uff,463.562737,411.625211,lower,1,51.9375266,51.81,0.127526592,Input shaft bearing 151 RE BSF/Rolling element
timesignal (37).uff,463.562737,564.875289,upper,2,50.6562759,51.81,1.15372406,Input shaft bearing 151 RE BSF/Rolling element
timesignal (37).uff,463.562737,258.375132,lower,4,51.2969013,51.81,0.513098736,Input shaft bearing 151 RE BSF/Rolling element
timesignal (37).uff,500.437756,471.687742,lower,1,28.7500147,29.45,0.69998528,Output shaft bearing 250 IR BPFI/Inner race
timesignal (37).uff,500.437756,556.750285,upper,2,28.1562644,29.45,1.29373558,Output shaft bearing 250 IR BPFI/Inner race
timesignal (37).uff,500.437756,411.625211,lower,3,29.6041818,29.45,0.154181824,Output shaft bearing 250 IR BPFI/Inner race
timesignal (37).uff,500.437756,379.062694,lower,4,30.3437655,29.45,0.893765536,Output shaft bearing 250 IR BPFI/Inner race
timesignal (37).uff,564.875289,556.750285,lower,1,8.12500416,4.11,4.01500416,Output shaft Wobbling
timesignal (37).uff,564.875289,573.000293,upper,1,8.12500416,4.11,4.01500416,Output shaft Wobbling
timesignal (37).uff,564.875289,556.750285,lower,2,4.06250208,4.11,0.04749792,Output shaft Wobbling
timesignal (37).uff,564.875289,573.000293,upper,2,4.06250208,4.11,0.04749792,Output shaft Wobbling
timesignal (37).uff,564.875289,548.625281,lower,3,5.41666944,4.11,1.30666944,Output shaft Wobbling
timesignal (37).uff,564.875289,573.000293,upper,3,2.70833472,4.11,1.40166528,Output shaft Wobbling
timesignal (37).uff,564.875289,548.625281,lower,4,4.06250208,4.11,0.04749792,Output shaft Wobbling
timesignal (37).uff,573.000293,564.875289,lower,1,8.12500416,7.11,1.01500416,Input shaft bearing 150 Cage FTF/Cage
timesignal (37).uff,573.000293,556.750285,lower,2,8.12500416,7.11,1.01500416,Input shaft bearing 150 Cage FTF/Cage
timesignal (37).uff,573.000293,548.625281,lower,3,8.12500416,7.11,1.01500416,Input shaft bearing 150 Cage FTF/Cage
timesignal (37).uff,573.000293,548.625281,lower,4,6.09375312,7.11,1.01624688,Input shaft bearing 150 Cage FTF/Cage
timesignal (39).uff,499.999642,556.999601,upper,1,56.9999591,56.74,0.259959142,Input shaft bearing 150 RE BSF/Rolling element
timesignal (39).uff,499.999642,733.999474,upper,4,58.4999581,56.74,1.75995807,Input shaft bearing 150 RE BSF/Rolling element
timesignal (39).uff,564.999595,556.999601,lower,2,3.99999713,2.05,1.94999713,Output shaft Shaft rotation
timesignal (39).uff,564.999595,572.999589,upper,2,3.99999713,2.05,1.94999713,Output shaft Shaft rotation
timesignal (39).uff,564.999595,556.999601,lower,3,2.66666476,2.05,0.616664755,Output shaft Shaft rotation
timesignal (39).uff,564.999595,572.999589,upper,3,2.66666476,2.05,0.616664755,Output shaft Shaft rotation
timesignal (39).uff,564.999595,556.999601,lower,4,1.99999857,2.05,0.0500014336,Output shaft Shaft rotation
timesignal (39).uff,564.999595,572.999589,upper,4,1.99999857,2.05,0.0500014336,Output shaft Shaft rotation
timesignal (39).uff,572.999589,564.999595,lower,1,7.99999427,4.11,3.88999427,Output shaft Wobbling
timesignal (39).uff,572.999589,564.999595,lower,2,3.99999713,4.11,0.110002867,Output shaft Wobbling
timesignal (39).uff,572.999589,556.999601,lower,3,5.33332951,4.11,1.22332951,Output shaft Wobbling
timesignal (39).uff,572.999589,556.999601,lower,4,3.99999713,4.11,0.110002867,Output shaft Wobbling
timesignal (40).uff,8.09803056,24.3940674,upper,2,8.1480184,8.11,0.0380184019,2nd shaft Shaft rotation
timesignal (40).uff,8.09803056,32.4920979,upper,3,8.13135579,8.11,0.0213557876,2nd shaft Shaft rotation
timesignal (40).uff,24.3940674,48.1882806,upper,1,23.7942132,23.98,0.185786753,Output shaft bearing 250/251 OR BPFO/Outer race
timesignal (40).uff,24.3940674,72.582348,upper,2,24.0941403,23.98,0.114140305,Output shaft bearing 250/251 OR BPFO/Outer race
timesignal (40).uff,24.3940674,96.9764153,upper,3,24.194116,23.98,0.214115991,Output shaft bearing 250/251 OR BPFO/Outer race
timesignal (40).uff,24.3940674,120.670653,upper,4,24.0691464,23.98,0.0891463836,Output shaft bearing 250/251 OR BPFO/Outer race
timesignal (40).uff,32.4920979,24.3940674,lower,1,8.09803056,8.11,0.011969441,2nd shaft Shaft rotation
timesignal (40).uff,32.4920979,8.09803056,lower,3,8.13135579,8.11,0.0213557876,2nd shaft Shaft rotation
timesignal (40).uff,32.4920979,56.2863112,upper,3,7.93140442,8.11,0.178595584,2nd shaft Shaft rotation
timesignal (40).uff,32.4920979,64.3843417,upper,4,7.97306095,8.11,0.136939048,2nd shaft Shaft rotation
timesignal (40).uff,48.1882806,39.9902744,lower,1,8.19800624,8.11,0.0880062449,2nd shaft Shaft rotation
timesignal (40).uff,48.1882806,56.2863112,upper,1,8.09803056,8.11,0.011969441,2nd shaft Shaft rotation
timesignal (40).uff,48.1882806,64.3843417,upper,2,8.09803056,8.11,0.011969441,2nd shaft Shaft rotation
timesignal (40).uff,48.1882806,72.582348,upper,3,8.13135579,8.11,0.0213557876,2nd shaft Shaft rotation
timesignal (40).uff,48.1882806,80.6803785,upper,4,8.12302448,8.11,0.0130244804,2nd shaft Shaft rotation
timesignal (40).uff,56.2863112,48.1882806,lower,1,8.09803056,8.11,0.011969441,2nd shaft Shaft rotation
timesignal (40).uff,56.2863112,64.3843417,upper,1,8.09803056,8.11,0.011969441,2nd shaft Shaft rotation
timesignal (40).uff,56.2863112,39.9902744,lower,2,8.1480184,8.11,0.0380184019,2nd shaft Shaft rotation
timesignal (40).uff,56.2863112,72.582348,upper,2,8.1480184,8.11,0.0380184019,2nd shaft Shaft rotation
timesignal (40).uff,56.2863112,80.6803785,upper,3,8.13135579,8.11,0.0213557876,2nd shaft Shaft rotation
timesignal (40).uff,56.2863112,88.7784091,upper,4,8.12302448,8.11,0.0130244804,2nd shaft Shaft rotation
timesignal (40).uff,64.3843417,56.2863112,lower,1,8.09803056,8.11,0.011969441,2nd shaft Shaft rotation
timesignal (40).uff,64.3843417,72.582348,upper,1,8.19800624,8.11,0.0880062449,2nd shaft Shaft rotation
timesignal (40).uff,64.3843417,48.1882806,lower,2,8.09803056,8.11,0.011969441,2nd shaft Shaft rotation
timesignal (40).uff,64.3843417,80.6803785,upper,2,8.1480184,8.11,0.0380184019,2nd shaft Shaft rotation
timesignal (40).uff,64.3843417,39.9902744,lower,3,8.13135579,8.11,0.0213557876,2nd shaft Shaft rotation
timesignal (40).uff,64.3843417,88.7784091,upper,3,8.13135579,8.11,0.0213557876,2nd shaft Shaft rotation
timesignal (40).uff,64.3843417,96.9764153,upper,4,8.1480184,8.11,0.0380184019,2nd shaft Shaft rotation
timesignal (40).uff,72.582348,64.3843417,lower,1,8.19800624,8.11,0.0880062449,2nd shaft Shaft rotation
timesignal (40).uff,72.582348,80.6803785,upper,1,8.09803056,8.11,0.011969441,2nd shaft Shaft rotation
timesignal (40).uff,72.582348,56.2863112,lower,2,8.1480184,8.11,0.0380184019,2nd shaft Shaft rotation
timesignal (40).uff,72.582348,88.7784091,upper,2,8.09803056,8.11,0.011969441,2nd shaft Shaft rotation
timesignal (40).uff,72.582348,48.1882806,lower,3,8.13135579,8.11,0.0213557876,2nd shaft Shaft rotation
timesignal (40).uff,72.582348,96.9764153,upper,3,8.13135579,8.11,0.0213557876,2nd shaft Shaft rotation
timesignal (40).uff,72.582348,39.9902744,lower,4,8.1480184,8.11,0.0380184019,2nd shaft Shaft rotation
timesignal (40).uff,72.582348,105.074446,upper,4,8.12302448,8.11,0.0130244804,2nd shaft Shaft rotation
timesignal (40).uff,80.6803785,72.582348,lower,1,8.09803056,8.11,0.011969441,2nd shaft Shaft rotation
timesignal (40).uff,80.6803785,88.7784091,upper,1,8.09803056,8.11,0.011969441,2nd shaft Shaft rotation
timesignal (40).uff,80.6803785,64.3843417,lower,2,8.1480184,8.11,0.0380184019,2nd shaft Shaft rotation
timesignal (40).uff,80.6803785,96.9764153,upper,2,8.1480184,8.11,0.0380184019,2nd shaft Shaft rotation
timesignal (40).uff,80.6803785,56.2863112,lower,3,8.13135579,8.11,0.0213557876,2nd shaft Shaft rotation
timesignal (40).uff,80.6803785,105.074446,upper,3,8.13135579,8.11,0.0213557876,2nd shaft Shaft rotation
timesignal (40).uff,80.6803785,48.1882806,lower,4,8.12302448,8.11,0.0130244804,2nd shaft Shaft rotation
timesignal (40).uff,80.6803785,112.572622,upper,4,7.97306095,8.11,0.136939048,2nd shaft Shaft rotation
timesignal (40).uff,88.7784091,80.6803785,lower,1,8.09803056,8.11,0.011969441,2nd shaft Shaft rotation
timesignal (40).uff,88.7784091,96.9764153,upper,1,8.19800624,8.11,0.0880062449,2nd shaft Shaft rotation
timesignal (40).uff,88.7784091,72.582348,lower,2,8.09803056,8.11,0.011969441,2nd shaft Shaft rotation
timesignal (40).uff,88.7784091,105.074446,upper,2,8.1480184,8.11,0.0380184019,2nd shaft Shaft rotation
timesignal (40).uff,88.7784091,64.3843417,lower,3,8.13135579,8.11,0.0213557876,2nd shaft Shaft rotation
timesignal (40).uff,88.7784091,112.572622,upper,3,7.93140442,8.11,0.178595584,2nd shaft Shaft rotation
timesignal (40).uff,88.7784091,56.2863112,lower,4,8.12302448,8.11,0.0130244804,2nd shaft Shaft rotation
timesignal (40).uff,88.7784091,120.670653,upper,4,7.97306095,8.11,0.136939048,2nd shaft Shaft rotation
timesignal (40).uff,96.9764153,88.7784091,lower,1,8.19800624,8.11,0.0880062449,2nd shaft Shaft rotation
timesignal (40).uff,96.9764153,105.074446,upper,1,8.09803056,8.11,0.011969441,2nd shaft Shaft rotation
timesignal (40).uff,96.9764153,80.6803785,lower,2,8.1480184,8.11,0.0380184019,2nd shaft Shaft rotation
timesignal (40).uff,96.9764153,112.572622,upper,2,7.7981035,8.11,0.311896499,2nd shaft Shaft rotation
timesignal (40).uff,96.9764153,72.582348,lower,3,8.13135579,8.11,0.0213557876,2nd shaft Shaft rotation
timesignal (40).uff,96.9764153,120.670653,upper,3,7.89807919,8.11,0.211920813,2nd shaft Shaft rotation
timesignal (40).uff,96.9764153,64.3843417,lower,4,8.1480184,8.11,0.0380184019,2nd shaft Shaft rotation
timesignal (40).uff,96.9764153,129.468513,upper,4,8.12302448,8.11,0.0130244804,2nd shaft Shaft rotation
timesignal (40).uff,112.572622,105.074446,lower,1,7.49817644,8.11,0.611823557,2nd shaft Shaft rotation
timesignal (40).uff,112.572622,120.670653,upper,1,8.09803056,8.11,0.011969441,2nd shaft Shaft rotation
timesignal (40).uff,112.572622,96.9764153,lower,2,7.7981035,8.11,0.311896499,2nd shaft Shaft rotation
timesignal (40).uff,112.572622,129.468513,upper,2,8.44794546,8.11,0.33794546,2nd shaft Shaft rotation
timesignal (40).uff,112.572622,88.7784091,lower,3,7.93140442,8.11,0.178595584,2nd shaft Shaft rotation
timesignal (40).uff,112.572622,136.96669,upper,3,8.13135579,8.11,0.0213557876,2nd shaft Shaft rotation
timesignal (40).uff,112.572622,80.6803785,lower,4,7.97306095,8.11,0.136939048,2nd shaft Shaft rotation
timesignal (40).uff,112.572622,145.06472,upper,4,8.12302448,8.11,0.0130244804,2nd shaft Shaft rotation
timesignal (40).uff,120.670653,112.572622,lower,1,8.09803056,8.11,0.011969441,2nd shaft Shaft rotation
timesignal (40).uff,120.670653,129.468513,upper,1,8.79786036,8.11,0.68786036,2nd shaft Shaft rotation
timesignal (40).uff,120.670653,105.074446,lower,2,7.7981035,8.11,0.311896499,2nd shaft Shaft rotation
timesignal (40).uff,120.670653,136.96669,upper,2,8.1480184,8.11,0.0380184019,2nd shaft Shaft rotation
timesignal (40).uff,120.670653,96.9764153,lower,3,7.89807919,8.11,0.211920813,2nd shaft Shaft rotation
timesignal (40).uff,120.670653,145.06472,upper,3,8.13135579,8.11,0.0213557876,2nd shaft Shaft rotation
timesignal (40).uff,120.670653,88.7784091,lower,4,7.97306095,8.11,0.136939048,2nd shaft Shaft rotation
timesignal (40).uff,129.468513,112.572622,lower,1,16.8958909,16.21,0.685890919,2nd shaft Wobbling
timesignal (40).uff,129.468513,145.06472,upper,1,15.596207,16.21,0.613792998,2nd shaft Wobbling
timesignal (40).uff,129.468513,96.9764153,lower,2,16.246049,16.21,0.0360489609,2nd shaft Wobbling
timesignal (40).uff,129.468513,161.360757,upper,2,15.9461219,16.21,0.263878097,2nd shaft Wobbling
timesignal (40).uff,129.468513,80.6803785,lower,3,16.2627116,16.21,0.0527115752,2nd shaft Wobbling
timesignal (40).uff,129.468513,177.656794,upper,3,16.0627602,16.21,0.147239797,2nd shaft Wobbling
timesignal (40).uff,129.468513,64.3843417,lower,4,16.2710429,16.21,0.0610428824,2nd shaft Wobbling
timesignal (40).uff,129.468513,193.852855,upper,4,16.0960854,16.21,0.113914568,2nd shaft Wobbling
timesignal (40).uff,145.06472,129.468513,lower,1,15.596207,16.21,0.613792998,2nd shaft Wobbling
timesignal (40).uff,145.06472,161.360757,upper,1,16.2960368,16.21,0.0860368038,2nd shaft Wobbling
timesignal (40).uff,145.06472,112.572622,lower,2,16.246049,16.21,0.0360489609,2nd shaft Wobbling
timesignal (40).uff,145.06472,177.656794,upper,2,16.2960368,16.21,0.0860368038,2nd shaft Wobbling
timesignal (40).uff,145.06472,96.9764153,lower,3,16.029435,16.21,0.180565025,2nd shaft Wobbling
timesignal (40).uff,145.06472,193.852855,upper,3,16.2627116,16.21,0.0527115752,2nd shaft Wobbling
timesignal (40).uff,145.06472,80.6803785,lower,4,16.0960854,16.21,0.113914568,2nd shaft Wobbling
timesignal (40).uff,161.360757,145.06472,lower,1,16.2960368,16.21,0.0860368038,2nd shaft Wobbling
timesignal (40).uff,161.360757,177.656794,upper,1,16.2960368,16.21,0.0860368038,2nd shaft Wobbling
timesignal (40).uff,161.360757,129.468513,lower,2,15.9461219,16.21,0.263878097,2nd shaft Wobbling
timesignal (40).uff,161.360757,193.852855,upper,2,16.246049,16.21,0.0360489609,2nd shaft Wobbling
timesignal (40).uff,161.360757,112.572622,lower,3,16.2627116,16.21,0.0527115752,2nd shaft Wobbling
timesignal (40).uff,161.360757,96.9764153,lower,4,16.0960854,16.21,0.113914568,2nd shaft Wobbling
timesignal (40).uff,161.360757,225.745099,upper,4,16.0960854,16.21,0.113914568,2nd shaft Wobbling
timesignal (40).uff,177.656794,161.360757,lower,1,16.2960368,16.21,0.0860368038,2nd shaft Wobbling
timesignal (40).uff,177.656794,193.852855,upper,1,16.1960611,16.21,0.0139388821,2nd shaft Wobbling
timesignal (40).uff,177.656794,145.06472,lower,2,16.2960368,16.21,0.0860368038,2nd shaft Wobbling
timesignal (40).uff,177.656794,129.468513,lower,3,16.0627602,16.21,0.147239797,2nd shaft Wobbling
timesignal (40).uff,177.656794,225.745099,upper,3,16.029435,16.21,0.180565025,2nd shaft Wobbling
timesignal (40).uff,177.656794,112.572622,lower,4,16.2710429,16.21,0.0610428824,2nd shaft Wobbling
timesignal (40).uff,177.656794,242.041136,upper,4,16.0960854,16.21,0.113914568,2nd shaft Wobbling
timesignal (40).uff,193.852855,177.656794,lower,1,16.1960611,16.21,0.0139388821,2nd shaft Wobbling
timesignal (40).uff,193.852855,161.360757,lower,2,16.246049,16.21,0.0360489609,2nd shaft Wobbling
timesignal (40).uff,193.852855,225.745099,upper,2,15.9461219,16.21,0.263878097,2nd shaft Wobbling
timesignal (40).uff,193.852855,145.06472,lower,3,16.2627116,16.21,0.0527115752,2nd shaft Wobbling
timesignal (40).uff,193.852855,242.041136,upper,3,16.0627602,16.21,0.147239797,2nd shaft Wobbling
timesignal (40).uff,193.852855,129.468513,lower,4,16.0960854,16.21,0.113914568,2nd shaft Wobbling
timesignal (40).uff,225.745099,242.041136,upper,1,16.2960368,16.21,0.0860368038,2nd shaft Wobbling
timesignal (40).uff,225.745099,193.852855,lower,2,15.9461219,16.21,0.263878097,2nd shaft Wobbling
timesignal (40).uff,225.745099,177.656794,lower,3,16.029435,16.21,0.180565025,2nd shaft Wobbling
timesignal (40).uff,225.745099,161.360757,lower,4,16.0960854,16.21,0.113914568,2nd shaft Wobbling
timesignal (40).uff,242.041136,225.745099,lower,1,16.2960368,16.21,0.0860368038,2nd shaft Wobbling
timesignal (40).uff,242.041136,193.852855,lower,3,16.0627602,16.21,0.147239797,2nd shaft Wobbling
timesignal (40).uff,242.041136,177.656794,lower,4,16.0960854,16.21,0.113914568,2nd shaft Wobbling
timesignal (40).uff,250.139166,225.745099,lower,1,24.3940674,23.98,0.414067363,Output shaft bearing 250/251 OR BPFO/Outer race
timesignal (40).uff,250.139166,177.656794,lower,3,24.1607908,23.98,0.180790762,Output shaft bearing 250/251 OR BPFO/Outer race
timesignal (40).uff,250.139166,322.721514,upper,3,24.194116,23.98,0.214115991,Output shaft bearing 250/251 OR BPFO/Outer race
timesignal (41).uff,24.3750125,8.12500416,lower,1,16.2500083,16.21,0.04000832,2nd shaft Wobbling
timesignal (41).uff,24.3750125,72.5625372,upper,3,16.0625082,16.21,0.147491776,2nd shaft Wobbling
timesignal (41).uff,24.3750125,88.8125455,upper,4,16.1093832,16.21,0.100616752,2nd shaft Wobbling
timesignal (41).uff,32.5000166,24.3750125,lower,1,8.12500416,8.11,0.01500416,2nd shaft Shaft rotation
timesignal (41).uff,32.5000166,8.12500416,lower,3,8.12500416,8.11,0.01500416,2nd shaft Shaft rotation
timesignal (41).uff,32.5000166,64.437533,upper,4,7.98437909,8.11,0.125620912,2nd shaft Shaft rotation
timesignal (41).uff,48.1875247,24.3750125,lower,1,23.8125122,23.98,0.167487808,Output shaft bearing 250/251 OR BPFO/Outer race
timesignal (41).uff,48.1875247,72.5625372,upper,1,24.3750125,23.98,0.39501248,Output shaft bearing 250/251 OR BPFO/Outer race
timesignal (41).uff,48.1875247,96.9375496,upper,2,24.3750125,23.98,0.39501248,Output shaft bearing 250/251 OR BPFO/Outer race
timesignal (41).uff,48.1875247,145.125074,upper,4,24.2343874,23.98,0.254387408,Output shaft bearing 250/251 OR BPFO/Outer race
timesignal (41).uff,64.437533,72.5625372,upper,1,8.12500416,8.11,0.01500416,2nd shaft Shaft rotation
timesignal (41).uff,64.437533,48.1875247,lower,2,8.12500416,8.11,0.01500416,2nd shaft Shaft rotation
timesignal (41).uff,64.437533,80.6875413,upper,2,8.12500416,8.11,0.01500416,2nd shaft Shaft rotation
timesignal (41).uff,64.437533,88.8125455,upper,3,8.12500416,8.11,0.01500416,2nd shaft Shaft rotation
timesignal (41).uff,64.437533,96.9375496,upper,4,8.12500416,8.11,0.01500416,2nd shaft Shaft rotation
timesignal (41).uff,72.5625372,64.437533,lower,1,8.12500416,8.11,0.01500416,2nd shaft Shaft rotation
timesignal (41).uff,72.5625372,80.6875413,upper,1,8.12500416,8.11,0.01500416,2nd shaft Shaft rotation
timesignal (41).uff,72.5625372,88.8125455,upper,2,8.12500416,8.11,0.01500416,2nd shaft Shaft rotation
timesignal (41).uff,72.5625372,48.1875247,lower,3,8.12500416,8.11,0.01500416,2nd shaft Shaft rotation
timesignal (41).uff,72.5625372,96.9375496,upper,3,8.12500416,8.11,0.01500416,2nd shaft Shaft rotation
timesignal (41).uff,80.6875413,72.5625372,lower,1,8.12500416,8.11,0.01500416,2nd shaft Shaft rotation
timesignal (41).uff,80.6875413,88.8125455,upper,1,8.12500416,8.11,0.01500416,2nd shaft Shaft rotation
timesignal (41).uff,80.6875413,64.437533,lower,2,8.12500416,8.11,0.01500416,2nd shaft Shaft rotation
timesignal (41).uff,80.6875413,96.9375496,upper,2,8.12500416,8.11,0.01500416,2nd shaft Shaft rotation
timesignal (41).uff,80.6875413,48.1875247,lower,4,8.12500416,8.11,0.01500416,2nd shaft Shaft rotation
timesignal (41).uff,88.8125455,80.6875413,lower,1,8.12500416,8.11,0.01500416,2nd shaft Shaft rotation
timesignal (41).uff,88.8125455,96.9375496,upper,1,8.12500416,8.11,0.01500416,2nd shaft Shaft rotation
timesignal (41).uff,88.8125455,72.5625372,lower,2,8.12500416,8.11,0.01500416,2nd shaft Shaft rotation
timesignal (41).uff,88.8125455,64.437533,lower,3,8.12500416,8.11,0.01500416,2nd shaft Shaft rotation
timesignal (41).uff,96.9375496,80.6875413,lower,1,16.2500083,16.21,0.04000832,2nd shaft Wobbling
timesignal (41).uff,96.9375496,64.437533,lower,2,16.2500083,16.21,0.04000832,2nd shaft Wobbling
timesignal (41).uff,96.9375496,48.1875247,lower,3,16.2500083,16.21,0.04000832,2nd shaft Wobbling
timesignal (41).uff,96.9375496,145.125074,upper,3,16.0625082,16.21,0.147491776,2nd shaft Wobbling
timesignal (41).uff,96.9375496,161.375083,upper,4,16.1093832,16.21,0.100616752,2nd shaft Wobbling
timesignal (41).uff,145.125074,161.375083,upper,1,16.2500083,16.21,0.04000832,2nd shaft Wobbling
timesignal (41).uff,145.125074,96.9375496,lower,3,16.0625082,16.21,0.147491776,2nd shaft Wobbling
timesignal (41).uff,145.125074,80.6875413,lower,4,16.1093832,16.21,0.100616752,2nd shaft Wobbling
timesignal (41).uff,161.375083,145.125074,lower,1,16.2500083,16.21,0.04000832,2nd shaft Wobbling
timesignal (41).uff,161.375083,96.9375496,lower,4,16.1093832,16.21,0.100616752,2nd shaft Wobbling
timesignal (42).uff,55.7500285,111.500057,upper,1,55.7500285,56.74,0.989971456,Input shaft bearing 150 RE BSF/Rolling element
timesignal (42).uff,55.7500285,169.750087,upper,2,57.0000292,56.74,0.260029184,Input shaft bearing 150 RE BSF/Rolling element
timesignal (42).uff,55.7500285,226.125116,upper,3,56.7916957,56.74,0.051695744,Input shaft bearing 150 RE BSF/Rolling element
timesignal (42).uff,61.9375317,59.8750307,lower,1,2.06250106,2.05,0.012501056,Output shaft Shaft rotation
timesignal (42).uff,61.9375317,64.0000328,upper,1,2.06250106,2.05,0.012501056,Output shaft Shaft rotation
timesignal (42).uff,61.9375317,57.8125296,lower,2,2.06250106,2.05,0.012501056,Output shaft Shaft rotation
timesignal (42).uff,61.9375317,55.7500285,lower,3,2.06250106,2.05,0.012501056,Output shaft Shaft rotation
timesignal (42).uff,61.9375317,68.1250349,upper,3,2.06250106,2.05,0.012501056,Output shaft Shaft rotation
timesignal (42).uff,61.9375317,53.6875275,lower,4,2.06250106,2.05,0.012501056,Output shaft Shaft rotation
timesignal (42).uff,64.0000328,61.9375317,lower,1,2.06250106,2.05,0.012501056,Output shaft Shaft rotation
timesignal (42).uff,64.0000328,59.8750307,lower,2,2.06250106,2.05,0.012501056,Output shaft Shaft rotation
timesignal (42).uff,64.0000328,68.1250349,upper,2,2.06250106,2.05,0.012501056,Output shaft Shaft rotation
timesignal (42).uff,64.0000328,57.8125296,lower,3,2.06250106,2.05,0.012501056,Output shaft Shaft rotation
timesignal (42).uff,64.0000328,55.7500285,lower,4,2.06250106,2.05,0.012501056,Output shaft Shaft rotation
timesignal (42).uff,68.1250349,64.0000328,lower,1,4.12500211,4.11,0.015002112,Output shaft Wobbling
timesignal (42).uff,68.1250349,59.8750307,lower,2,4.12500211,4.11,0.015002112,Output shaft Wobbling
timesignal (42).uff,68.1250349,55.7500285,lower,3,4.12500211,4.11,0.015002112,Output shaft Wobbling
timesignal (42).uff,68.1250349,80.8125414,upper,3,4.22916883,4.11,0.119168832,Output shaft Wobbling
timesignal (42).uff,73.3125375,97.75005,upper,1,24.4375125,23.98,0.457512512,Output shaft bearing 250/251 OR BPFO/Outer race
timesignal (42).uff,73.3125375,122.125063,upper,2,24.4062625,23.98,0.426262496,Output shaft bearing 250/251 OR BPFO/Outer race
timesignal (42).uff,73.3125375,145.312574,upper,3,24.0000123,23.98,0.020012288,Output shaft bearing 250/251 OR BPFO/Outer race
timesignal (42).uff,73.3125375,169.750087,upper,4,24.1093873,23.98,0.129387344,Output shaft bearing 250/251 OR BPFO/Outer race
timesignal (42).uff,80.8125414,73.3125375,lower,2,3.75000192,4.11,0.35999808,Output shaft Wobbling
timesignal (42).uff,80.8125414,88.9375455,upper,2,4.06250208,4.11,0.04749792,Output shaft Wobbling
timesignal (42).uff,80.8125414,68.1250349,lower,3,4.22916883,4.11,0.119168832,Output shaft Wobbling
timesignal (42).uff,80.8125414,64.0000328,lower,4,4.20312715,4.11,0.093127152,Output shaft Wobbling
timesignal (42).uff,80.8125414,97.75005,upper,4,4.23437717,4.11,0.124377168,Output shaft Wobbling
timesignal (42).uff,88.9375455,80.8125414,lower,1,8.12500416,8.11,0.01500416,2nd shaft Shaft rotation
timesignal (42).uff,88.9375455,97.75005,upper,1,8.81250451,8.11,0.702504512,2nd shaft Shaft rotation
timesignal (42).uff,88.9375455,73.3125375,lower,2,7.812504,8.11,0.297496,2nd shaft Shaft rotation
timesignal (42).uff,88.9375455,64.0000328,lower,3,8.31250426,8.11,0.202504256,2nd shaft Shaft rotation
timesignal (42).uff,88.9375455,122.125063,upper,4,8.29687925,8.11,0.186879248,2nd shaft Shaft rotation
timesignal (42).uff,97.75005,88.9375455,lower,1,8.81250451,8.11,0.702504512,2nd shaft Shaft rotation
timesignal (42).uff,97.75005,80.8125414,lower,2,8.46875434,8.11,0.358754336,2nd shaft Shaft rotation
timesignal (42).uff,97.75005,73.3125375,lower,3,8.1458375,8.11,0.035837504,2nd shaft Shaft rotation
timesignal (42).uff,97.75005,122.125063,upper,3,8.12500416,8.11,0.01500416,2nd shaft Shaft rotation
timesignal (42).uff,97.75005,130.312567,upper,4,8.14062917,8.11,0.030629168,2nd shaft Shaft rotation
timesignal (42).uff,109.437556,97.75005,lower,3,3.89583533,4.11,0.214164672,Output shaft Wobbling
timesignal (42).uff,109.437556,122.125063,upper,3,4.22916883,4.11,0.119168832,Output shaft Wobbling
timesignal (42).uff,109.437556,125.750064,upper,4,4.07812709,4.11,0.031872912,Output shaft Wobbling
timesignal (42).uff,125.750064,111.500057,lower,2,7.12500365,6.93,0.195003648,Input shaft bearing 151 Cage FTF/Cage
timesignal (42).uff,125.750064,145.312574,upper,3,6.52083667,6.93,0.409163328,Input shaft bearing 151 Cage FTF/Cage
timesignal (42).uff,125.750064,97.75005,lower,4,7.00000358,6.93,0.070003584,Input shaft bearing 151 Cage FTF/Cage
timesignal (42).uff,125.750064,153.437579,upper,4,6.92187854,6.93,0.008121456,Input shaft bearing 151 Cage FTF/Cage
timesignal (42).uff,130.312567,153.437579,upper,1,23.1250118,23.98,0.85498816,Output shaft bearing 250/251 OR BPFO/Outer race
timesignal (42).uff,130.312567,177.875091,upper,2,23.7812622,23.98,0.198737824,Output shaft bearing 250/251 OR BPFO/Outer race
timesignal (42).uff,130.312567,57.8125296,lower,3,24.166679,23.98,0.18667904,Output shaft bearing 250/251 OR BPFO/Outer race
timesignal (42).uff,130.312567,202.312604,upper,3,24.0000123,23.98,0.020012288,Output shaft bearing 250/251 OR BPFO/Outer race
timesignal (42).uff,130.312567,226.125116,upper,4,23.9531373,23.98,0.026862736,Output shaft bearing 250/251 OR BPFO/Outer race
timesignal (42).uff,145.312574,122.125063,lower,1,23.1875119,23.98,0.792488128,Output shaft bearing 250/251 OR BPFO/Outer race
timesignal (42).uff,145.312574,169.750087,upper,1,24.4375125,23.98,0.457512512,Output shaft bearing 250/251 OR BPFO/Outer race
timesignal (42).uff,145.312574,97.75005,lower,2,23.7812622,23.98,0.198737824,Output shaft bearing 250/251 OR BPFO/Outer race
timesignal (42).uff,145.312574,194.187599,upper,2,24.4375125,23.98,0.457512512,Output shaft bearing 250/251 OR BPFO/Outer race
timesignal (42).uff,145.312574,73.3125375,lower,3,24.0000123,23.98,0.020012288,Output shaft bearing 250/251 OR BPFO/Outer race
timesignal (42).uff,145.312574,218.625112,upper,3,24.4375125,23.98,0.457512512,Output shaft bearing 250/251 OR BPFO/Outer race
timesignal (42).uff,153.437579,130.312567,lower,1,23.1250118,23.98,0.85498816,Output shaft bearing 250/251 OR BPFO/Outer race
timesignal (42).uff,153.437579,177.875091,upper,1,24.4375125,23.98,0.457512512,Output shaft bearing 250/251 OR BPFO/Outer race
timesignal (42).uff,153.437579,202.312604,upper,2,24.4375125,23.98,0.457512512,Output shaft bearing 250/251 OR BPFO/Outer race
timesignal (42).uff,153.437579,80.8125414,lower,3,24.2083457,23.98,0.228345728,Output shaft bearing 250/251 OR BPFO/Outer race
timesignal (42).uff,153.437579,226.125116,upper,3,24.2291791,23.98,0.249179072,Output shaft bearing 250/251 OR BPFO/Outer race
timesignal (42).uff,153.437579,57.8125296,lower,4,23.9062622,23.98,0.07373776,Output shaft bearing 250/251 OR BPFO/Outer race
timesignal (42).uff,153.437579,250.562628,upper,4,24.2812624,23.98,0.301262432,Output shaft bearing 250/251 OR BPFO/Outer race
timesignal (42).uff,167.250086,153.437579,lower,2,6.90625354,6.93,0.023746464,Input shaft bearing 151 Cage FTF/Cage
timesignal (42).uff,167.250086,145.312574,lower,3,7.31250374,6.93,0.382503744,Input shaft bearing 151 Cage FTF/Cage
timesignal (42).uff,167.250086,194.187599,upper,4,6.73437845,6.93,0.195621552,Input shaft bearing 151 Cage FTF/Cage
timesignal (42).uff,169.750087,145.312574,lower,1,24.4375125,23.98,0.457512512,Output shaft bearing 250/251 OR BPFO/Outer race
timesignal (42).uff,169.750087,194.187599,upper,1,24.4375125,23.98,0.457512512,Output shaft bearing 250/251 OR BPFO/Outer race
timesignal (42).uff,169.750087,122.125063,lower,2,23.8125122,23.98,0.167487808,Output shaft bearing 250/251 OR BPFO/Outer race
timesignal (42).uff,169.750087,218.625112,upper,2,24.4375125,23.98,0.457512512,Output shaft bearing 250/251 OR BPFO/Outer race
timesignal (42).uff,169.750087,97.75005,lower,3,24.0000123,23.98,0.020012288,Output shaft bearing 250/251 OR BPFO/Outer race
timesignal (42).uff,169.750087,73.3125375,lower,4,24.1093873,23.98,0.129387344,Output shaft bearing 250/251 OR BPFO/Outer race
timesignal (42).uff,169.750087,266.875137,upper,4,24.2812624,23.98,0.301262432,Output shaft bearing 250/251 OR BPFO/Outer race
timesignal (42).uff,177.875091,169.750087,lower,1,8.12500416,8.11,0.01500416,2nd shaft Shaft rotation
timesignal (42).uff,177.875091,186.062595,upper,1,8.18750419,8.11,0.077504192,2nd shaft Shaft rotation
timesignal (42).uff,177.875091,194.187599,upper,2,8.15625418,8.11,0.046254176,2nd shaft Shaft rotation
timesignal (42).uff,177.875091,153.437579,lower,3,8.1458375,8.11,0.035837504,2nd shaft Shaft rotation
timesignal (42).uff,177.875091,202.312604,upper,3,8.1458375,8.11,0.035837504,2nd shaft Shaft rotation
timesignal (42).uff,177.875091,145.312574,lower,4,8.14062917,8.11,0.030629168,2nd shaft Shaft rotation
timesignal (42).uff,194.187599,186.062595,lower,1,8.12500416,8.11,0.01500416,2nd shaft Shaft rotation
timesignal (42).uff,194.187599,202.312604,upper,1,8.12500416,8.11,0.01500416,2nd shaft Shaft rotation
timesignal (42).uff,194.187599,177.875091,lower,2,8.15625418,8.11,0.046254176,2nd shaft Shaft rotation
timesignal (42).uff,194.187599,169.750087,lower,3,8.1458375,8.11,0.035837504,2nd shaft Shaft rotation
timesignal (42).uff,194.187599,218.625112,upper,3,8.1458375,8.11,0.035837504,2nd shaft Shaft rotation
timesignal (42).uff,194.187599,226.125116,upper,4,7.98437909,8.11,0.125620912,2nd shaft Shaft rotation
timesignal (42).uff,202.312604,194.187599,lower,1,8.12500416,8.11,0.01500416,2nd shaft Shaft rotation
timesignal (42).uff,202.312604,186.062595,lower,2,8.12500416,8.11,0.01500416,2nd shaft Shaft rotation
timesignal (42).uff,202.312604,218.625112,upper,2,8.15625418,8.11,0.046254176,2nd shaft Shaft rotation
timesignal (42).uff,202.312604,177.875091,lower,3,8.1458375,8.11,0.035837504,2nd shaft Shaft rotation
timesignal (42).uff,202.312604,226.125116,upper,3,7.93750406,8.11,0.172495936,2nd shaft Shaft rotation
timesignal (42).uff,202.312604,169.750087,lower,4,8.14062917,8.11,0.030629168,2nd shaft Shaft rotation
timesignal (42).uff,218.625112,202.312604,lower,1,16.3125084,16.21,0.102508352,2nd shaft Wobbling
timesignal (42).uff,218.625112,186.062595,lower,2,16.2812583,16.21,0.071258336,2nd shaft Wobbling
timesignal (42).uff,218.625112,250.562628,upper,2,15.9687582,16.21,0.241241824,2nd shaft Wobbling
timesignal (42).uff,218.625112,169.750087,lower,3,16.291675,16.21,0.081675008,2nd shaft Wobbling
timesignal (42).uff,218.625112,266.875137,upper,3,16.0833416,16.21,0.126658432,2nd shaft Wobbling
timesignal (42).uff,218.625112,153.437579,lower,4,16.2968833,16.21,0.086883344,2nd shaft Wobbling
timesignal (42).uff,226.125116,202.312604,lower,1,23.8125122,23.98,0.167487808,Output shaft bearing 250/251 OR BPFO/Outer race
timesignal (42).uff,226.125116,250.562628,upper,1,24.4375125,23.98,0.457512512,Output shaft bearing 250/251 OR BPFO/Outer race
timesignal (42).uff,226.125116,177.875091,lower,2,24.1250124,23.98,0.145012352,Output shaft bearing 250/251 OR BPFO/Outer race
timesignal (42).uff,226.125116,275.000141,upper,2,24.4375125,23.98,0.457512512,Output shaft bearing 250/251 OR BPFO/Outer race
timesignal (42).uff,226.125116,153.437579,lower,3,24.2291791,23.98,0.249179072,Output shaft bearing 250/251 OR BPFO/Outer race
timesignal (42).uff,226.125116,130.312567,lower,4,23.9531373,23.98,0.026862736,Output shaft bearing 250/251 OR BPFO/Outer race
timesignal (42).uff,250.562628,258.687632,upper,1,8.12500416,8.11,0.01500416,2nd shaft Shaft rotation
timesignal (42).uff,250.562628,266.875137,upper,2,8.15625418,8.11,0.046254176,2nd shaft Shaft rotation
timesignal (42).uff,250.562628,226.125116,lower,3,8.1458375,8.11,0.035837504,2nd shaft Shaft rotation
timesignal (42).uff,250.562628,275.000141,upper,3,8.1458375,8.11,0.035837504,2nd shaft Shaft rotation
timesignal (42).uff,250.562628,218.625112,lower,4,7.98437909,8.11,0.125620912,2nd shaft Shaft rotation
timesignal (42).uff,258.687632,250.562628,lower,1,8.12500416,8.11,0.01500416,2nd shaft Shaft rotation
timesignal (42).uff,258.687632,266.875137,upper,1,8.18750419,8.11,0.077504192,2nd shaft Shaft rotation
timesignal (42).uff,258.687632,275.000141,upper,2,8.15625418,8.11,0.046254176,2nd shaft Shaft rotation
timesignal (42).uff,258.687632,226.125116,lower,4,8.14062917,8.11,0.030629168,2nd shaft Shaft rotation
timesignal (42).uff,266.875137,258.687632,lower,3,2.72916806,2.05,0.679168064,Output shaft Shaft rotation
timesignal (42).uff,266.875137,275.000141,upper,3,2.70833472,2.05,0.65833472,Output shaft Shaft rotation
timesignal (42).uff,266.875137,258.687632,lower,4,2.04687605,2.05,0.003123952,Output shaft Shaft rotation
timesignal (42).uff,266.875137,275.000141,upper,4,2.03125104,2.05,0.01874896,Output shaft Shaft rotation
timesignal (42).uff,468.56274,476.687744,upper,1,8.12500416,4.11,4.01500416,Output shaft Wobbling
timesignal (42).uff,468.56274,476.687744,upper,2,4.06250208,4.11,0.04749792,Output shaft Wobbling
timesignal (42).uff,468.56274,484.812748,upper,3,5.41666944,4.11,1.30666944,Output shaft Wobbling
timesignal (42).uff,468.56274,484.812748,upper,4,4.06250208,4.11,0.04749792,Output shaft Wobbling
timesignal (43).uff,55.8124714,111.562443,upper,1,55.7499715,56.74,0.990028544,Input shaft bearing 150 RE BSF/Rolling element
timesignal (43).uff,55.8124714,169.874913,upper,2,57.0312208,56.74,0.2912208,Input shaft bearing 150 RE BSF/Rolling element
timesignal (43).uff,55.8124714,226.312384,upper,3,56.8333042,56.74,0.0933042347,Input shaft bearing 150 RE BSF/Rolling element
timesignal (43).uff,61.9999683,59.9374693,lower,1,2.06249894,2.05,0.012498944,Output shaft Shaft rotation
timesignal (43).uff,61.9999683,64.0624672,upper,1,2.06249894,2.05,0.012498944,Output shaft Shaft rotation
timesignal (43).uff,61.9999683,57.8749704,lower,2,2.06249894,2.05,0.012498944,Output shaft Shaft rotation
timesignal (43).uff,61.9999683,55.8124714,lower,3,2.06249894,2.05,0.012498944,Output shaft Shaft rotation
timesignal (43).uff,61.9999683,68.1874651,upper,3,2.06249894,2.05,0.012498944,Output shaft Shaft rotation
timesignal (43).uff,61.9999683,53.7499725,lower,4,2.06249894,2.05,0.012498944,Output shaft Shaft rotation
timesignal (43).uff,64.0624672,61.9999683,lower,1,2.06249894,2.05,0.012498944,Output shaft Shaft rotation
timesignal (43).uff,64.0624672,59.9374693,lower,2,2.06249894,2.05,0.012498944,Output shaft Shaft rotation
timesignal (43).uff,64.0624672,68.1874651,upper,2,2.06249894,2.05,0.012498944,Output shaft Shaft rotation
timesignal (43).uff,64.0624672,57.8749704,lower,3,2.06249894,2.05,0.012498944,Output shaft Shaft rotation
timesignal (43).uff,64.0624672,55.8124714,lower,4,2.06249894,2.05,0.012498944,Output shaft Shaft rotation
timesignal (43).uff,68.1874651,64.0624672,lower,1,4.12499789,4.11,0.014997888,Output shaft Wobbling
timesignal (43).uff,68.1874651,59.9374693,lower,2,4.12499789,4.11,0.014997888,Output shaft Wobbling
timesignal (43).uff,68.1874651,55.8124714,lower,3,4.12499789,4.11,0.014997888,Output shaft Wobbling
timesignal (43).uff,68.1874651,80.8749586,upper,3,4.2291645,4.11,0.119164501,Output shaft Wobbling
timesignal (43).uff,73.3749624,122.249937,upper,2,24.4374875,23.98,0.457487488,Output shaft bearing 250/251 OR BPFO/Outer race
timesignal (43).uff,73.3749624,145.437426,upper,3,24.020821,23.98,0.0408210347,Output shaft bearing 250/251 OR BPFO/Outer race
timesignal (43).uff,73.3749624,169.874913,upper,4,24.1249876,23.98,0.144987648,Output shaft bearing 250/251 OR BPFO/Outer race
timesignal (43).uff,80.8749586,73.3749624,lower,2,3.74999808,4.11,0.36000192,Output shaft Wobbling
timesignal (43).uff,80.8749586,88.9999544,upper,2,4.06249792,4.11,0.04750208,Output shaft Wobbling
timesignal (43).uff,80.8749586,68.1874651,lower,3,4.2291645,4.11,0.119164501,Output shaft Wobbling
timesignal (43).uff,80.8749586,64.0624672,lower,4,4.20312285,4.11,0.093122848,Output shaft Wobbling
timesignal (43).uff,88.9999544,55.8124714,lower,1,33.187483,33,0.187483008,Input/Motor shaft Wobbling
timesignal (43).uff,88.9999544,122.249937,upper,1,33.249983,33,0.249982976,Input/Motor shaft Wobbling
timesignal (43).uff,88.9999544,153.624921,upper,2,32.3124835,33,0.687516544,Input/Motor shaft Wobbling
timesignal (43).uff,88.9999544,186.187405,upper,3,32.3958167,33,0.604183253,Input/Motor shaft Wobbling
timesignal (43).uff,88.9999544,218.812388,upper,4,32.4531084,33,0.546891616,Input/Motor shaft Wobbling
timesignal (43).uff,109.499944,57.8749704,lower,1,51.6249736,51.81,0.185026432,Input shaft bearing 151 RE BSF/Rolling element
timesignal (43).uff,109.499944,161.749917,upper,1,52.2499732,51.81,0.439973248,Input shaft bearing 151 RE BSF/Rolling element
timesignal (43).uff,109.499944,267.062363,upper,3,52.5208064,51.81,0.710806443,Input shaft bearing 151 RE BSF/Rolling element
timesignal (43).uff,109.499944,317.874837,upper,4,52.0937233,51.81,0.283723328,Input shaft bearing 151 RE BSF/Rolling element
timesignal (43).uff,125.874936,122.249937,lower,3,1.20833271,0.92,0.288332715,Output shaft bearing 250 Cage FTF/Cage
timesignal (43).uff,125.874936,122.249937,lower,4,0.906249536,0.92,0.013750464,Output shaft bearing 250 Cage FTF/Cage
timesignal (43).uff,125.874936,130.437433,upper,4,1.14062442,0.92,0.220624416,Output shaft bearing 250 Cage FTF/Cage
timesignal (43).uff,130.437433,153.624921,upper,1,23.1874881,23.97,0.782511872,Output shaft bearing 250 OR BPFO/Outer race
timesignal (43).uff,130.437433,178.062409,upper,2,23.8124878,23.97,0.157512192,Output shaft bearing 250 OR BPFO/Outer race
timesignal (43).uff,130.437433,202.499896,upper,3,24.020821,23.97,0.0508210347,Output shaft bearing 250 OR BPFO/Outer race
timesignal (43).uff,130.437433,226.312384,upper,4,23.9687377,23.97,0.00126227199,Output shaft bearing 250 OR BPFO/Outer race
timesignal (43).uff,145.437426,153.624921,upper,1,8.18749581,8.11,0.077495808,2nd shaft Shaft rotation
timesignal (43).uff,145.437426,130.437433,lower,2,7.49999616,8.11,0.61000384,2nd shaft Shaft rotation
timesignal (43).uff,145.437426,161.749917,upper,2,8.15624582,8.11,0.046245824,2nd shaft Shaft rotation
timesignal (43).uff,145.437426,122.249937,lower,3,7.72916271,8.11,0.380837291,2nd shaft Shaft rotation
timesignal (43).uff,145.437426,169.874913,upper,3,8.14582916,8.11,0.0358291627,2nd shaft Shaft rotation
timesignal (43).uff,145.437426,178.062409,upper,4,8.15624582,8.11,0.046245824,2nd shaft Shaft rotation
timesignal (43).uff,153.624921,145.437426,lower,1,8.18749581,8.11,0.077495808,2nd shaft Shaft rotation
timesignal (43).uff,153.624921,161.749917,upper,1,8.12499584,8.11,0.01499584,2nd shaft Shaft rotation
timesignal (43).uff,153.624921,169.874913,upper,2,8.12499584,8.11,0.01499584,2nd shaft Shaft rotation
timesignal (43).uff,153.624921,130.437433,lower,3,7.72916271,8.11,0.380837291,2nd shaft Shaft rotation
timesignal (43).uff,153.624921,178.062409,upper,3,8.14582916,8.11,0.0358291627,2nd shaft Shaft rotation
timesignal (43).uff,153.624921,122.249937,lower,4,7.84374598,8.11,0.266254016,2nd shaft Shaft rotation
timesignal (43).uff,153.624921,186.187405,upper,4,8.14062083,8.11,0.030620832,2nd shaft Shaft rotation
timesignal (43).uff,161.749917,153.624921,lower,1,8.12499584,8.11,0.01499584,2nd shaft Shaft rotation
timesignal (43).uff,161.749917,169.874913,upper,1,8.12499584,8.11,0.01499584,2nd shaft Shaft rotation
timesignal (43).uff,161.749917,145.437426,lower,2,8.15624582,8.11,0.046245824,2nd shaft Shaft rotation
timesignal (43).uff,161.749917,178.062409,upper,2,8.15624582,8.11,0.046245824,2nd shaft Shaft rotation
timesignal (43).uff,161.749917,186.187405,upper,3,8.14582916,8.11,0.0358291627,2nd shaft Shaft rotation
timesignal (43).uff,161.749917,130.437433,lower,4,7.82812099,8.11,0.281879008,2nd shaft Shaft rotation
timesignal (43).uff,161.749917,194.3749,upper,4,8.15624582,8.11,0.046245824,2nd shaft Shaft rotation
timesignal (43).uff,167.374914,169.874913,upper,1,2.49999872,3.35,0.85000128,2nd shaft bearing 350 Cage FTF/Cage
timesignal (43).uff,167.374914,161.749917,lower,2,2.81249856,3.35,0.53750144,2nd shaft bearing 350 Cage FTF/Cage
timesignal (43).uff,167.374914,178.062409,upper,3,3.56249818,3.35,0.212498176,2nd shaft bearing 350 Cage FTF/Cage
timesignal (43).uff,167.374914,153.624921,lower,4,3.43749824,3.35,0.08749824,2nd shaft bearing 350 Cage FTF/Cage
timesignal (43).uff,169.874913,178.062409,upper,1,8.18749581,8.11,0.077495808,2nd shaft Shaft rotation
timesignal (43).uff,169.874913,153.624921,lower,2,8.12499584,8.11,0.01499584,2nd shaft Shaft rotation
timesignal (43).uff,169.874913,186.187405,upper,2,8.15624582,8.11,0.046245824,2nd shaft Shaft rotation
timesignal (43).uff,169.874913,145.437426,lower,3,8.14582916,8.11,0.0358291627,2nd shaft Shaft rotation
timesignal (43).uff,169.874913,194.3749,upper,3,8.16666249,8.11,0.0566624853,2nd shaft Shaft rotation
timesignal (43).uff,169.874913,202.499896,upper,4,8.15624582,8.11,0.046245824,2nd shaft Shaft rotation
timesignal (43).uff,178.062409,169.874913,lower,1,8.18749581,8.11,0.077495808,2nd shaft Shaft rotation
timesignal (43).uff,178.062409,186.187405,upper,1,8.12499584,8.11,0.01499584,2nd shaft Shaft rotation
timesignal (43).uff,178.062409,161.749917,lower,2,8.15624582,8.11,0.046245824,2nd shaft Shaft rotation
timesignal (43).uff,178.062409,194.3749,upper,2,8.15624582,8.11,0.046245824,2nd shaft Shaft rotation
timesignal (43).uff,178.062409,153.624921,lower,3,8.14582916,8.11,0.0358291627,2nd shaft Shaft rotation
timesignal (43).uff,178.062409,202.499896,upper,3,8.14582916,8.11,0.0358291627,2nd shaft Shaft rotation
timesignal (43).uff,178.062409,145.437426,lower,4,8.15624582,8.11,0.046245824,2nd shaft Shaft rotation
timesignal (43).uff,194.3749,186.187405,lower,1,8.18749581,8.11,0.077495808,2nd shaft Shaft rotation
timesignal (43).uff,194.3749,202.499896,upper,1,8.12499584,8.11,0.01499584,2nd shaft Shaft rotation
timesignal (43).uff,194.3749,178.062409,lower,2,8.15624582,8.11,0.046245824,2nd shaft Shaft rotation
timesignal (43).uff,194.3749,169.874913,lower,3,8.16666249,8.11,0.0566624853,2nd shaft Shaft rotation
timesignal (43).uff,194.3749,218.812388,upper,3,8.14582916,8.11,0.0358291627,2nd shaft Shaft rotation
timesignal (43).uff,194.3749,161.749917,lower,4,8.15624582,8.11,0.046245824,2nd shaft Shaft rotation
timesignal (43).uff,194.3749,226.312384,upper,4,7.98437091,8.11,0.125629088,2nd shaft Shaft rotation
timesignal (43).uff,202.499896,194.3749,lower,1,8.12499584,8.11,0.01499584,2nd shaft Shaft rotation
timesignal (43).uff,202.499896,186.187405,lower,2,8.15624582,8.11,0.046245824,2nd shaft Shaft rotation
timesignal (43).uff,202.499896,218.812388,upper,2,8.15624582,8.11,0.046245824,2nd shaft Shaft rotation
timesignal (43).uff,202.499896,178.062409,lower,3,8.14582916,8.11,0.0358291627,2nd shaft Shaft rotation
timesignal (43).uff,202.499896,226.312384,upper,3,7.93749594,8.11,0.172504064,2nd shaft Shaft rotation
timesignal (43).uff,202.499896,169.874913,lower,4,8.15624582,8.11,0.046245824,2nd shaft Shaft rotation
timesignal (43).uff,218.812388,194.3749,lower,1,24.4374875,23.98,0.457487488,Output shaft bearing 250/251 OR BPFO/Outer race
timesignal (43).uff,218.812388,242.624876,upper,1,23.8124878,23.98,0.167512192,Output shaft bearing 250/251 OR BPFO/Outer race
timesignal (43).uff,218.812388,169.874913,lower,2,24.4687375,23.98,0.488737472,Output shaft bearing 250/251 OR BPFO/Outer race
timesignal (43).uff,218.812388,267.062363,upper,2,24.1249876,23.98,0.144987648,Output shaft bearing 250/251 OR BPFO/Outer race
timesignal (43).uff,218.812388,145.437426,lower,3,24.4583208,23.98,0.478320811,Output shaft bearing 250/251 OR BPFO/Outer race
timesignal (43).uff,218.812388,122.249937,lower,4,24.1406126,23.98,0.16061264,Output shaft bearing 250/251 OR BPFO/Outer race
timesignal (43).uff,218.812388,317.874837,upper,4,24.7656123,23.98,0.78561232,Output shaft bearing 250/251 OR BPFO/Outer race
timesignal (43).uff,226.312384,202.499896,lower,1,23.8124878,23.98,0.167512192,Output shaft bearing 250/251 OR BPFO/Outer race
timesignal (43).uff,226.312384,250.749872,upper,1,24.4374875,23.98,0.457487488,Output shaft bearing 250/251 OR BPFO/Outer race
timesignal (43).uff,226.312384,178.062409,lower,2,24.1249876,23.98,0.144987648,Output shaft bearing 250/251 OR BPFO/Outer race
timesignal (43).uff,226.312384,275.249859,upper,2,24.4687375,23.98,0.488737472,Output shaft bearing 250/251 OR BPFO/Outer race
timesignal (43).uff,226.312384,153.624921,lower,3,24.2291543,23.98,0.249154261,Output shaft bearing 250/251 OR BPFO/Outer race
timesignal (43).uff,226.312384,130.437433,lower,4,23.9687377,23.98,0.011262272,Output shaft bearing 250/251 OR BPFO/Outer race
timesignal (43).uff,226.312384,323.499834,upper,4,24.2968626,23.98,0.31686256,Output shaft bearing 250/251 OR BPFO/Outer race
timesignal (43).uff,250.749872,226.312384,lower,1,24.4374875,23.98,0.457487488,Output shaft bearing 250/251 OR BPFO/Outer race
timesignal (43).uff,250.749872,275.249859,upper,1,24.4999875,23.98,0.519987456,Output shaft bearing 250/251 OR BPFO/Outer race
timesignal (43).uff,250.749872,202.499896,lower,2,24.1249876,23.98,0.144987648,Output shaft bearing 250/251 OR BPFO/Outer race
timesignal (43).uff,250.749872,178.062409,lower,3,24.2291543,23.98,0.249154261,Output shaft bearing 250/251 OR BPFO/Outer race
timesignal (43).uff,250.749872,153.624921,lower,4,24.2812376,23.98,0.301237568,Output shaft bearing 250/251 OR BPFO/Outer race
timesignal (43).uff,258.937367,250.749872,lower,1,8.18749581,8.11,0.077495808,2nd shaft Shaft rotation
timesignal (43).uff,258.937367,267.062363,upper,1,8.12499584,8.11,0.01499584,2nd shaft Shaft rotation
timesignal (43).uff,258.937367,242.624876,lower,2,8.15624582,8.11,0.046245824,2nd shaft Shaft rotation
timesignal (43).uff,258.937367,275.249859,upper,2,8.15624582,8.11,0.046245824,2nd shaft Shaft rotation
timesignal (43).uff,258.937367,226.312384,lower,4,8.15624582,8.11,0.046245824,2nd shaft Shaft rotation
timesignal (43).uff,267.062363,250.749872,lower,1,16.3124916,16.21,0.102491648,2nd shaft Wobbling
timesignal (43).uff,267.062363,218.812388,lower,3,16.0833251,16.21,0.126674901,2nd shaft Wobbling
timesignal (43).uff,267.062363,317.874837,upper,3,16.9374913,16.21,0.727491328,2nd shaft Wobbling
timesignal (43).uff,267.062363,202.499896,lower,4,16.1406167,16.21,0.069383264,2nd shaft Wobbling
timesignal (43).uff,267.062363,334.749829,upper,4,16.9218663,16.21,0.711866336,2nd shaft Wobbling
timesignal (44).uff,726.999479,734.999473,upper,1,7.99999427,7.11,0.889994266,Input shaft bearing 150 Cage FTF/Cage
timesignal (44).uff,726.999479,734.999473,upper,2,3.99999713,7.11,3.11000287,Input shaft bearing 150 Cage FTF/Cage
timesignal (44).uff,726.999479,753.99946,upper,3,8.99999355,7.11,1.88999355,Input shaft bearing 150 Cage FTF/Cage
timesignal (44).uff,726.999479,753.99946,upper,4,6.74999516,7.11,0.360004838,Input shaft bearing 150 Cage FTF/Cage
timesignal (44).uff,734.999473,726.999479,lower,1,7.99999427,4.11,3.88999427,Output shaft Wobbling
timesignal (44).uff,734.999473,726.999479,lower,2,3.99999713,4.11,0.110002867,Output shaft Wobbling
timesignal (44).uff,734.999473,726.999479,lower,3,2.66666476,4.11,1.44333524,Output shaft Wobbling
timesignal (44).uff,734.999473,753.99946,upper,3,6.33332879,4.11,2.22332879,Output shaft Wobbling
timesignal (44).uff,734.999473,753.99946,upper,4,4.7499966,4.11,0.639996595,Output shaft Wobbling
timesignal (44).uff,753.99946,734.999473,lower,2,9.49999319,6.93,2.56999319,Input shaft bearing 151 Cage FTF/Cage
timesignal (44).uff,753.99946,734.999473,lower,3,6.33332879,6.93,0.596671206,Input shaft bearing 151 Cage FTF/Cage
timesignal (44).uff,753.99946,726.999479,lower,4,6.74999516,6.93,0.180004838,Input shaft bearing 151 Cage FTF/Cage
timesignal (45).uff,8.09803056,16.2960368,upper,1,8.19800624,8.11,0.0880062449,2nd shaft Shaft rotation
timesignal (45).uff,8.09803056,24.3940674,upper,2,8.1480184,8.11,0.0380184019,2nd shaft Shaft rotation
timesignal (45).uff,8.09803056,32.4920979,upper,3,8.13135579,8.11,0.0213557876,2nd shaft Shaft rotation
timesignal (45).uff,8.09803056,40.6901042,upper,4,8.1480184,8.11,0.0380184019,2nd shaft Shaft rotation
timesignal (45).uff,16.2960368,8.09803056,lower,1,8.19800624,8.11,0.0880062449,2nd shaft Shaft rotation
timesignal (45).uff,16.2960368,24.3940674,upper,1,8.09803056,8.11,0.011969441,2nd shaft Shaft rotation
timesignal (45).uff,16.2960368,32.4920979,upper,2,8.09803056,8.11,0.011969441,2nd shaft Shaft rotation
timesignal (45).uff,16.2960368,40.6901042,upper,3,8.13135579,8.11,0.0213557876,2nd shaft Shaft rotation
timesignal (45).uff,24.3940674,16.2960368,lower,1,8.09803056,8.11,0.011969441,2nd shaft Shaft rotation
timesignal (45).uff,24.3940674,32.4920979,upper,1,8.09803056,8.11,0.011969441,2nd shaft Shaft rotation
timesignal (45).uff,24.3940674,8.09803056,lower,2,8.1480184,8.11,0.0380184019,2nd shaft Shaft rotation
timesignal (45).uff,24.3940674,40.6901042,upper,2,8.1480184,8.11,0.0380184019,2nd shaft Shaft rotation
timesignal (45).uff,32.4920979,24.3940674,lower,1,8.09803056,8.11,0.011969441,2nd shaft Shaft rotation
timesignal (45).uff,32.4920979,40.6901042,upper,1,8.19800624,8.11,0.0880062449,2nd shaft Shaft rotation
timesignal (45).uff,32.4920979,16.2960368,lower,2,8.09803056,8.11,0.011969441,2nd shaft Shaft rotation
timesignal (45).uff,32.4920979,8.09803056,lower,3,8.13135579,8.11,0.0213557876,2nd shaft Shaft rotation
timesignal (45).uff,40.6901042,32.4920979,lower,1,8.19800624,8.11,0.0880062449,2nd shaft Shaft rotation
timesignal (45).uff,40.6901042,24.3940674,lower,2,8.1480184,8.11,0.0380184019,2nd shaft Shaft rotation
timesignal (45).uff,40.6901042,16.2960368,lower,3,8.13135579,8.11,0.0213557876,2nd shaft Shaft rotation
timesignal (45).uff,40.6901042,8.09803056,lower,4,8.1480184,8.11,0.0380184019,2nd shaft Shaft rotation
timesignal (45).uff,40.6901042,72.582348,upper,4,7.97306095,8.11,0.136939048,2nd shaft Shaft rotation
timesignal (45).uff,48.1882806,72.582348,upper,3,8.13135579,8.11,0.0213557876,2nd shaft Shaft rotation
timesignal (45).uff,48.1882806,80.6803785,upper,4,8.12302448,8.11,0.0130244804,2nd shaft Shaft rotation
timesignal (45).uff,72.582348,80.6803785,upper,1,8.09803056,8.11,0.011969441,2nd shaft Shaft rotation
timesignal (45).uff,72.582348,88.7784091,upper,2,8.09803056,8.11,0.011969441,2nd shaft Shaft rotation
timesignal (45).uff,72.582348,48.1882806,lower,3,8.13135579,8.11,0.0213557876,2nd shaft Shaft rotation
timesignal (45).uff,80.6803785,72.582348,lower,1,8.09803056,8.11,0.011969441,2nd shaft Shaft rotation
timesignal (45).uff,80.6803785,88.7784091,upper,1,8.09803056,8.11,0.011969441,2nd shaft Shaft rotation
timesignal (45).uff,80.6803785,48.1882806,lower,4,8.12302448,8.11,0.0130244804,2nd shaft Shaft rotation
timesignal (45).uff,88.7784091,40.6901042,lower,2,24.0441525,23.98,0.0641524621,Output shaft bearing 250/251 OR BPFO/Outer race
timesignal (45).uff,88.7784091,136.96669,upper,2,24.0941403,23.98,0.114140305,Output shaft bearing 250/251 OR BPFO/Outer race
timesignal (45).uff,88.7784091,161.360757,upper,3,24.194116,23.98,0.214115991,Output shaft bearing 250/251 OR BPFO/Outer race
timesignal (45).uff,125.569462,80.6803785,lower,2,22.4445415,22.05,0.394541488,2nd shaft bearing 350 RE BSF/Rolling element
timesignal (45).uff,125.569462,169.458788,upper,2,21.9446631,22.05,0.105336942,2nd shaft bearing 350 RE BSF/Rolling element
timesignal (45).uff,161.360757,169.458788,upper,1,8.09803056,8.11,0.011969441,2nd shaft Shaft rotation
timesignal (45).uff,161.360757,177.656794,upper,2,8.1480184,8.11,0.0380184019,2nd shaft Shaft rotation
timesignal (45).uff,161.360757,136.96669,lower,3,8.13135579,8.11,0.0213557876,2nd shaft Shaft rotation
timesignal (45).uff,169.458788,161.360757,lower,1,8.09803056,8.11,0.011969441,2nd shaft Shaft rotation
timesignal (45).uff,169.458788,177.656794,upper,1,8.19800624,8.11,0.0880062449,2nd shaft Shaft rotation
timesignal (45).uff,169.458788,136.96669,lower,4,8.12302448,8.11,0.0130244804,2nd shaft Shaft rotation
timesignal (45).uff,177.656794,169.458788,lower,2,4.09900312,4.11,0.0109968776,Output shaft Wobbling
timesignal (45).uff,177.656794,161.360757,lower,4,4.0740092,4.11,0.035990799,Output shaft Wobbling
timesignal (46).uff,8.12500416,16.2500083,upper,1,8.12500416,8.11,0.01500416,2nd shaft Shaft rotation
timesignal (46).uff,8.12500416,32.5625167,upper,3,8.1458375,8.11,0.035837504,2nd shaft Shaft rotation
timesignal (46).uff,16.2500083,32.5625167,upper,1,16.3125084,16.21,0.102508352,2nd shaft Wobbling
timesignal (46).uff,16.2500083,48.1875247,upper,2,15.9687582,16.21,0.241241824,2nd shaft Wobbling
timesignal (46).uff,16.2500083,80.6875413,upper,4,16.1093832,16.21,0.100616752,2nd shaft Wobbling
timesignal (46).uff,32.5625167,16.2500083,lower,2,8.15625418,8.11,0.046254176,2nd shaft Shaft rotation
timesignal (46).uff,32.5625167,8.12500416,lower,3,8.1458375,8.11,0.035837504,2nd shaft Shaft rotation
timesignal (46).uff,48.1875247,56.3125288,upper,1,8.12500416,8.11,0.01500416,2nd shaft Shaft rotation
timesignal (46).uff,48.1875247,80.6875413,upper,4,8.12500416,8.11,0.01500416,2nd shaft Shaft rotation
timesignal (46).uff,56.3125288,48.1875247,lower,1,8.12500416,8.11,0.01500416,2nd shaft Shaft rotation
timesignal (46).uff,56.3125288,80.6875413,upper,3,8.12500416,8.11,0.01500416,2nd shaft Shaft rotation
timesignal (46).uff,56.3125288,88.8125455,upper,4,8.12500416,8.11,0.01500416,2nd shaft Shaft rotation
timesignal (46).uff,80.6875413,88.8125455,upper,1,8.12500416,8.11,0.01500416,2nd shaft Shaft rotation
timesignal (46).uff,80.6875413,56.3125288,lower,3,8.12500416,8.11,0.01500416,2nd shaft Shaft rotation
timesignal (46).uff,80.6875413,48.1875247,lower,4,8.12500416,8.11,0.01500416,2nd shaft Shaft rotation
timesignal (46).uff,88.8125455,80.6875413,lower,1,8.12500416,8.11,0.01500416,2nd shaft Shaft rotation
timesignal (46).uff,88.8125455,56.3125288,lower,4,8.12500416,8.11,0.01500416,2nd shaft Shaft rotation
timesignal (47).uff,49.5625254,57.8125296,upper,1,8.25000422,8.11,0.140004224,2nd shaft Shaft rotation
timesignal (47).uff,49.5625254,73.3125375,upper,3,7.91667072,8.11,0.19332928,2nd shaft Shaft rotation
timesignal (47).uff,49.5625254,81.4375417,upper,4,7.96875408,8.11,0.14124592,2nd shaft Shaft rotation
timesignal (47).uff,55.7500285,111.500057,upper,1,55.7500285,56.74,0.989971456,Input shaft bearing 150 RE BSF/Rolling element
timesignal (47).uff,55.7500285,169.812587,upper,2,57.0312792,56.74,0.2912792,Input shaft bearing 150 RE BSF/Rolling element
timesignal (47).uff,61.9375317,59.8750307,lower,1,2.06250106,2.05,0.012501056,Output shaft Shaft rotation
timesignal (47).uff,61.9375317,64.0000328,upper,1,2.06250106,2.05,0.012501056,Output shaft Shaft rotation
timesignal (47).uff,61.9375317,55.7500285,lower,3,2.06250106,2.05,0.012501056,Output shaft Shaft rotation
timesignal (47).uff,61.9375317,68.1250349,upper,3,2.06250106,2.05,0.012501056,Output shaft Shaft rotation
timesignal (47).uff,64.0000328,61.9375317,lower,1,2.06250106,2.05,0.012501056,Output shaft Shaft rotation
timesignal (47).uff,64.0000328,59.8750307,lower,2,2.06250106,2.05,0.012501056,Output shaft Shaft rotation
timesignal (47).uff,64.0000328,68.1250349,upper,2,2.06250106,2.05,0.012501056,Output shaft Shaft rotation
timesignal (47).uff,64.0000328,57.8125296,lower,3,2.06250106,2.05,0.012501056,Output shaft Shaft rotation
timesignal (47).uff,64.0000328,55.7500285,lower,4,2.06250106,2.05,0.012501056,Output shaft Shaft rotation
timesignal (47).uff,68.1250349,64.0000328,lower,2,2.06250106,2.05,0.012501056,Output shaft Shaft rotation
timesignal (47).uff,68.1250349,61.9375317,lower,3,2.06250106,2.05,0.012501056,Output shaft Shaft rotation
timesignal (47).uff,68.1250349,59.8750307,lower,4,2.06250106,2.05,0.012501056,Output shaft Shaft rotation
timesignal (47).uff,73.3125375,49.5625254,lower,1,23.7500122,23.98,0.22998784,Output shaft bearing 250/251 OR BPFO/Outer race
timesignal (47).uff,73.3125375,145.375074,upper,3,24.0208456,23.98,0.040845632,Output shaft bearing 250/251 OR BPFO/Outer race
timesignal (47).uff,73.3125375,169.812587,upper,4,24.1250124,23.98,0.145012352,Output shaft bearing 250/251 OR BPFO/Outer race
timesignal (47).uff,81.4375417,57.8125296,lower,1,23.6250121,23.98,0.354987904,Output shaft bearing 250/251 OR BPFO/Outer race
timesignal (47).uff,81.4375417,153.500079,upper,3,24.0208456,23.98,0.040845632,Output shaft bearing 250/251 OR BPFO/Outer race
timesignal (47).uff,81.4375417,177.937591,upper,4,24.1250124,23.98,0.145012352,Output shaft bearing 250/251 OR BPFO/Outer race
timesignal (47).uff,125.375064,111.500057,lower,2,6.93750355,6.93,0.007503552,Input shaft bearing 151 Cage FTF/Cage
timesignal (47).uff,125.375064,145.375074,upper,3,6.66667008,6.93,0.26332992,Input shaft bearing 151 Cage FTF/Cage
timesignal (47).uff,125.375064,153.500079,upper,4,7.0312536,6.93,0.1012536,Input shaft bearing 151 Cage FTF/Cage
timesignal (47).uff,145.375074,169.812587,upper,1,24.4375125,23.98,0.457512512,Output shaft bearing 250/251 OR BPFO/Outer race
timesignal (47).uff,145.375074,194.250099,upper,2,24.4375125,23.98,0.457512512,Output shaft bearing 250/251 OR BPFO/Outer race
timesignal (47).uff,145.375074,73.3125375,lower,3,24.0208456,23.98,0.040845632,Output shaft bearing 250/251 OR BPFO/Outer race
timesignal (47).uff,145.375074,49.5625254,lower,4,23.9531373,23.98,0.026862736,Output shaft bearing 250/251 OR BPFO/Outer race
timesignal (47).uff,145.375074,242.500124,upper,4,24.2812624,23.98,0.301262432,Output shaft bearing 250/251 OR BPFO/Outer race
timesignal (47).uff,153.500079,177.937591,upper,1,24.4375125,23.98,0.457512512,Output shaft bearing 250/251 OR BPFO/Outer race
timesignal (47).uff,153.500079,202.375104,upper,2,24.4375125,23.98,0.457512512,Output shaft bearing 250/251 OR BPFO/Outer race
timesignal (47).uff,153.500079,81.4375417,lower,3,24.0208456,23.98,0.040845632,Output shaft bearing 250/251 OR BPFO/Outer race
timesignal (47).uff,153.500079,57.8125296,lower,4,23.9218872,23.98,0.058112752,Output shaft bearing 250/251 OR BPFO/Outer race
timesignal (47).uff,153.500079,250.625128,upper,4,24.2812624,23.98,0.301262432,Output shaft bearing 250/251 OR BPFO/Outer race
timesignal (47).uff,169.812587,177.937591,upper,1,8.12500416,8.11,0.01500416,2nd shaft Shaft rotation
timesignal (47).uff,169.812587,153.500079,lower,2,8.15625418,8.11,0.046254176,2nd shaft Shaft rotation
timesignal (47).uff,169.812587,186.062595,upper,2,8.12500416,8.11,0.01500416,2nd shaft Shaft rotation
timesignal (47).uff,169.812587,145.375074,lower,3,8.1458375,8.11,0.035837504,2nd shaft Shaft rotation
timesignal (47).uff,169.812587,194.250099,upper,3,8.1458375,8.11,0.035837504,2nd shaft Shaft rotation
timesignal (47).uff,169.812587,202.375104,upper,4,8.14062917,8.11,0.030629168,2nd shaft Shaft rotation
timesignal (47).uff,177.937591,169.812587,lower,1,8.12500416,8.11,0.01500416,2nd shaft Shaft rotation
timesignal (47).uff,177.937591,186.062595,upper,1,8.12500416,8.11,0.01500416,2nd shaft Shaft rotation
timesignal (47).uff,177.937591,194.250099,upper,2,8.15625418,8.11,0.046254176,2nd shaft Shaft rotation
timesignal (47).uff,177.937591,153.500079,lower,3,8.1458375,8.11,0.035837504,2nd shaft Shaft rotation
timesignal (47).uff,177.937591,202.375104,upper,3,8.1458375,8.11,0.035837504,2nd shaft Shaft rotation
timesignal (47).uff,177.937591,145.375074,lower,4,8.14062917,8.11,0.030629168,2nd shaft Shaft rotation
timesignal (47).uff,194.250099,186.062595,lower,1,8.18750419,8.11,0.077504192,2nd shaft Shaft rotation
timesignal (47).uff,194.250099,202.375104,upper,1,8.12500416,8.11,0.01500416,2nd shaft Shaft rotation
timesignal (47).uff,194.250099,177.937591,lower,2,8.15625418,8.11,0.046254176,2nd shaft Shaft rotation
timesignal (47).uff,194.250099,169.812587,lower,3,8.1458375,8.11,0.035837504,2nd shaft Shaft rotation
timesignal (47).uff,202.375104,186.062595,lower,1,16.3125084,16.21,0.102508352,2nd shaft Wobbling
timesignal (47).uff,202.375104,169.812587,lower,2,16.2812583,16.21,0.071258336,2nd shaft Wobbling
timesignal (47).uff,202.375104,234.31262,upper,2,15.9687582,16.21,0.241241824,2nd shaft Wobbling
timesignal (47).uff,202.375104,153.500079,lower,3,16.291675,16.21,0.081675008,2nd shaft Wobbling
timesignal (47).uff,202.375104,250.625128,upper,3,16.0833416,16.21,0.126658432,2nd shaft Wobbling
timesignal (47).uff,202.375104,266.937637,upper,4,16.1406333,16.21,0.069366736,2nd shaft Wobbling
timesignal (47).uff,234.31262,242.500124,upper,1,8.18750419,8.11,0.077504192,2nd shaft Shaft rotation
timesignal (47).uff,234.31262,250.625128,upper,2,8.15625418,8.11,0.046254176,2nd shaft Shaft rotation
timesignal (47).uff,234.31262,258.750132,upper,3,8.1458375,8.11,0.035837504,2nd shaft Shaft rotation
timesignal (47).uff,234.31262,202.375104,lower,4,7.98437909,8.11,0.125620912,2nd shaft Shaft rotation
timesignal (47).uff,234.31262,266.937637,upper,4,8.15625418,8.11,0.046254176,2nd shaft Shaft rotation
timesignal (47).uff,250.625128,242.500124,lower,1,8.12500416,8.11,0.01500416,2nd shaft Shaft rotation
timesignal (47).uff,250.625128,258.750132,upper,1,8.12500416,8.11,0.01500416,2nd shaft Shaft rotation
timesignal (47).uff,250.625128,234.31262,lower,2,8.15625418,8.11,0.046254176,2nd shaft Shaft rotation
timesignal (47).uff,250.625128,266.937637,upper,2,8.15625418,8.11,0.046254176,2nd shaft Shaft rotation
timesignal (47).uff,258.750132,250.625128,lower,1,8.12500416,8.11,0.01500416,2nd shaft Shaft rotation
timesignal (47).uff,258.750132,266.937637,upper,1,8.18750419,8.11,0.077504192,2nd shaft Shaft rotation
timesignal (47).uff,258.750132,242.500124,lower,2,8.12500416,8.11,0.01500416,2nd shaft Shaft rotation
timesignal (47).uff,258.750132,275.062641,upper,2,8.15625418,8.11,0.046254176,2nd shaft Shaft rotation
timesignal (47).uff,258.750132,234.31262,lower,3,8.1458375,8.11,0.035837504,2nd shaft Shaft rotation
timesignal (47).uff,266.937637,258.750132,lower,1,8.18750419,8.11,0.077504192,2nd shaft Shaft rotation
timesignal (47).uff,266.937637,275.062641,upper,1,8.12500416,8.11,0.01500416,2nd shaft Shaft rotation
timesignal (47).uff,266.937637,250.625128,lower,2,8.15625418,8.11,0.046254176,2nd shaft Shaft rotation
timesignal (47).uff,266.937637,242.500124,lower,3,8.1458375,8.11,0.035837504,2nd shaft Shaft rotation
timesignal (47).uff,266.937637,234.31262,lower,4,8.15625418,8.11,0.046254176,2nd shaft Shaft rotation
timesignal (47).uff,396.000203,323.312666,lower,3,24.2291791,23.98,0.249179072,Output shaft bearing 250/251 OR BPFO/Outer race
timesignal (47).uff,396.000203,464.312738,upper,3,22.770845,23.98,1.20915501,Output shaft bearing 250/251 OR BPFO/Outer race
timesignal (47).uff,396.000203,493.125252,upper,4,24.2812624,23.98,0.301262432,Output shaft bearing 250/251 OR BPFO/Outer race
timesignal (47).uff,456.187734,493.125252,upper,1,36.9375189,33,3.93751891,Input/Motor shaft Wobbling
timesignal (47).uff,456.187734,520.062766,upper,2,31.9375164,33,1.06248365,Input/Motor shaft Wobbling
timesignal (47).uff,456.187734,557.625286,upper,3,33.8125173,33,0.812517312,Input/Motor shaft Wobbling
timesignal (47).uff,456.187734,323.312666,lower,4,33.218767,33,0.218767008,Input/Motor shaft Wobbling
timesignal (47).uff,464.312738,396.000203,lower,1,68.312535,71.35,3.03746502,2nd shaft bearing 350 IR BPFI/Inner race
timesignal (47).uff,464.312738,323.312666,lower,2,70.5000361,71.35,0.849963904,2nd shaft bearing 350 IR BPFI/Inner race
timesignal (47).uff,464.312738,250.625128,lower,3,71.2292031,71.35,0.120796864,2nd shaft bearing 350 IR BPFI/Inner race
timesignal (47).uff,464.312738,177.937591,lower,4,71.5937867,71.35,0.243786656,2nd shaft bearing 350 IR BPFI/Inner race
timesignal (47).uff,501.250257,493.125252,lower,1,8.12500416,4.11,4.01500416,Output shaft Wobbling
timesignal (47).uff,501.250257,493.125252,lower,2,4.06250208,4.11,0.04749792,Output shaft Wobbling
timesignal (47).uff,501.250257,493.125252,lower,3,2.70833472,4.11,1.40166528,Output shaft Wobbling
timesignal (47).uff,501.250257,520.062766,upper,4,4.70312741,4.11,0.593127408,Output shaft Wobbling
timesignal (47).uff,520.062766,501.250257,lower,1,18.8125096,16.5,2.31250963,Input/Motor shaft Shaft rotation
timesignal (47).uff,520.062766,557.625286,upper,2,18.7812596,16.5,2.28125962,Input/Motor shaft Shaft rotation
timesignal (47).uff,520.062766,565.81279,upper,3,15.2500078,16.5,1.24999219,Input/Motor shaft Shaft rotation
timesignal (47).uff,520.062766,456.187734,lower,4,15.9687582,16.5,0.531241824,Input/Motor shaft Shaft rotation
timesignal (47).uff,565.81279,557.625286,lower,2,4.0937521,3.32,0.773752096,2nd shaft bearing 350/351 Cage FTF/Cage
timesignal (47).uff,565.81279,573.937794,upper,2,4.06250208,3.32,0.74250208,2nd shaft bearing 350/351 Cage FTF/Cage
timesignal (47).uff,565.81279,557.625286,lower,3,2.72916806,3.32,0.590831936,2nd shaft bearing 350/351 Cage FTF/Cage
timesignal (47).uff,565.81279,573.937794,upper,3,2.70833472,3.32,0.61166528,2nd shaft bearing 350/351 Cage FTF/Cage
timesignal (47).uff,565.81279,557.625286,lower,4,2.04687605,3.32,1.27312395,2nd shaft bearing 350/351 Cage FTF/Cage
timesignal (47).uff,565.81279,573.937794,upper,4,2.03125104,3.32,1.28874896,2nd shaft bearing 350/351 Cage FTF/Cage
timesignal (47).uff,573.937794,565.81279,lower,1,8.12500416,4.11,4.01500416,Output shaft Wobbling
timesignal (47).uff,573.937794,565.81279,lower,2,4.06250208,4.11,0.04749792,Output shaft Wobbling
timesignal (47).uff,573.937794,557.625286,lower,3,5.43750278,4.11,1.32750278,Output shaft Wobbling
timesignal (47).uff,573.937794,557.625286,lower,4,4.07812709,4.11,0.031872912,Output shaft Wobbling
timesignal (48).uff,49.5624746,153.499921,upper,2,51.9687234,51.81,0.158723392,Input shaft bearing 151 RE BSF/Rolling element
timesignal (48).uff,49.5624746,258.687368,upper,4,52.2812232,51.81,0.471223232,Input shaft bearing 151 RE BSF/Rolling element
timesignal (48).uff,55.7499715,111.499943,upper,1,55.7499715,56.74,0.990028544,Input shaft bearing 150 RE BSF/Rolling element
timesignal (48).uff,55.7499715,169.749913,upper,2,56.9999708,56.74,0.259970816,Input shaft bearing 150 RE BSF/Rolling element
timesignal (48).uff,61.9374683,63.9999672,upper,1,2.06249894,2.05,0.012498944,Output shaft Shaft rotation
timesignal (48).uff,61.9374683,55.7499715,lower,3,2.06249894,2.05,0.012498944,Output shaft Shaft rotation
timesignal (48).uff,61.9374683,68.1249651,upper,3,2.06249894,2.05,0.012498944,Output shaft Shaft rotation
timesignal (48).uff,63.9999672,61.9374683,lower,1,2.06249894,2.05,0.012498944,Output shaft Shaft rotation
timesignal (48).uff,63.9999672,68.1249651,upper,2,2.06249894,2.05,0.012498944,Output shaft Shaft rotation
timesignal (48).uff,63.9999672,55.7499715,lower,4,2.06249894,2.05,0.012498944,Output shaft Shaft rotation
timesignal (48).uff,68.1249651,63.9999672,lower,2,2.06249894,2.05,0.012498944,Output shaft Shaft rotation
timesignal (48).uff,68.1249651,61.9374683,lower,3,2.06249894,2.05,0.012498944,Output shaft Shaft rotation
timesignal (48).uff,125.312436,111.499943,lower,2,6.90624646,6.93,0.023753536,Input shaft bearing 151 Cage FTF/Cage
timesignal (48).uff,125.312436,145.312426,upper,3,6.66666325,6.93,0.263336747,Input shaft bearing 151 Cage FTF/Cage
timesignal (48).uff,125.312436,153.499921,upper,4,7.04687139,6.93,0.116871392,Input shaft bearing 151 Cage FTF/Cage
timesignal (48).uff,145.312426,169.749913,upper,1,24.4374875,23.98,0.457487488,Output shaft bearing 250/251 OR BPFO/Outer race
timesignal (48).uff,145.312426,49.5624746,lower,4,23.9374877,23.98,0.042512256,Output shaft bearing 250/251 OR BPFO/Outer race
timesignal (48).uff,145.312426,242.437376,upper,4,24.2812376,23.98,0.301237568,Output shaft bearing 250/251 OR BPFO/Outer race
timesignal (48).uff,153.499921,145.312426,lower,2,4.0937479,4.11,0.016252096,Output shaft Wobbling
timesignal (48).uff,153.499921,169.749913,upper,4,4.06249792,4.11,0.04750208,Output shaft Wobbling
timesignal (48).uff,169.749913,125.312436,lower,2,22.2187386,22.05,0.168738624,2nd shaft bearing 350 RE BSF/Rolling element
timesignal (48).uff,169.749913,234.24988,upper,3,21.499989,22.05,0.550011008,2nd shaft bearing 350 RE BSF/Rolling element
timesignal (48).uff,169.749913,258.687368,upper,4,22.2343636,22.05,0.184363616,2nd shaft bearing 350 RE BSF/Rolling element
timesignal (48).uff,234.24988,242.437376,upper,1,8.18749581,8.11,0.077495808,2nd shaft Shaft rotation
timesignal (48).uff,234.24988,250.562372,upper,2,8.15624582,8.11,0.046245824,2nd shaft Shaft rotation
timesignal (48).uff,234.24988,258.687368,upper,3,8.14582916,8.11,0.0358291627,2nd shaft Shaft rotation
timesignal (48).uff,234.24988,266.874863,upper,4,8.15624582,8.11,0.046245824,2nd shaft Shaft rotation
timesignal (48).uff,250.562372,242.437376,lower,1,8.12499584,8.11,0.01499584,2nd shaft Shaft rotation
timesignal (48).uff,250.562372,258.687368,upper,1,8.12499584,8.11,0.01499584,2nd shaft Shaft rotation
timesignal (48).uff,250.562372,234.24988,lower,2,8.15624582,8.11,0.046245824,2nd shaft Shaft rotation
timesignal (48).uff,250.562372,266.874863,upper,2,8.15624582,8.11,0.046245824,2nd shaft Shaft rotation
timesignal (48).uff,258.687368,250.562372,lower,1,8.12499584,8.11,0.01499584,2nd shaft Shaft rotation
timesignal (48).uff,258.687368,266.874863,upper,1,8.18749581,8.11,0.077495808,2nd shaft Shaft rotation
timesignal (48).uff,258.687368,242.437376,lower,2,8.12499584,8.11,0.01499584,2nd shaft Shaft rotation
timesignal (48).uff,258.687368,234.24988,lower,3,8.14582916,8.11,0.0358291627,2nd shaft Shaft rotation
timesignal (48).uff,266.874863,258.687368,lower,1,8.18749581,8.11,0.077495808,2nd shaft Shaft rotation
timesignal (48).uff,266.874863,250.562372,lower,2,8.15624582,8.11,0.046245824,2nd shaft Shaft rotation
timesignal (48).uff,266.874863,242.437376,lower,3,8.14582916,8.11,0.0358291627,2nd shaft Shaft rotation
timesignal (48).uff,266.874863,234.24988,lower,4,8.15624582,8.11,0.046245824,2nd shaft Shaft rotation
timesignal (48).uff,395.874797,323.249834,lower,1,72.6249628,71.35,1.27496282,2nd shaft bearing 350 IR BPFI/Inner race
timesignal (48).uff,395.874797,111.499943,lower,4,71.0937136,71.35,0.2562864,2nd shaft bearing 350 IR BPFI/Inner race
timesignal (50).uff,16.2960368,8.09803056,lower,1,8.19800624,8.11,0.0880062449,2nd shaft Shaft rotation
timesignal (50).uff,16.2960368,24.3940674,upper,1,8.09803056,8.11,0.011969441,2nd shaft Shaft rotation
timesignal (50).uff,16.2960368,32.5920736,upper,2,8.1480184,8.11,0.0380184019,2nd shaft Shaft rotation
timesignal (50).uff,16.2960368,48.2882563,upper,4,7.99805487,8.11,0.111945127,2nd shaft Shaft rotation
timesignal (50).uff,24.3940674,16.2960368,lower,1,8.09803056,8.11,0.011969441,2nd shaft Shaft rotation
timesignal (50).uff,24.3940674,32.5920736,upper,1,8.19800624,8.11,0.0880062449,2nd shaft Shaft rotation
timesignal (50).uff,24.3940674,8.09803056,lower,2,8.1480184,8.11,0.0380184019,2nd shaft Shaft rotation
timesignal (50).uff,24.3940674,48.2882563,upper,3,7.96472964,8.11,0.145270356,2nd shaft Shaft rotation
timesignal (50).uff,24.3940674,56.3862869,upper,4,7.99805487,8.11,0.111945127,2nd shaft Shaft rotation
timesignal (50).uff,32.5920736,24.3940674,lower,1,8.19800624,8.11,0.0880062449,2nd shaft Shaft rotation
timesignal (50).uff,32.5920736,8.09803056,lower,3,8.16468102,8.11,0.0546810162,2nd shaft Shaft rotation
timesignal (50).uff,32.5920736,56.3862869,upper,3,7.93140442,8.11,0.178595584,2nd shaft Shaft rotation
timesignal (50).uff,32.5920736,64.5842931,upper,4,7.99805487,8.11,0.111945127,2nd shaft Shaft rotation
timesignal (50).uff,48.2882563,40.0902501,lower,1,8.19800624,8.11,0.0880062449,2nd shaft Shaft rotation
timesignal (50).uff,48.2882563,56.3862869,upper,1,8.09803056,8.11,0.011969441,2nd shaft Shaft rotation
timesignal (50).uff,48.2882563,64.5842931,upper,2,8.1480184,8.11,0.0380184019,2nd shaft Shaft rotation
timesignal (50).uff,48.2882563,72.6823237,upper,3,8.13135579,8.11,0.0213557876,2nd shaft Shaft rotation
timesignal (50).uff,48.2882563,80.7803542,upper,4,8.12302448,8.11,0.0130244804,2nd shaft Shaft rotation
timesignal (50).uff,56.3862869,48.2882563,lower,1,8.09803056,8.11,0.011969441,2nd shaft Shaft rotation
timesignal (50).uff,56.3862869,64.5842931,upper,1,8.19800624,8.11,0.0880062449,2nd shaft Shaft rotation
timesignal (50).uff,56.3862869,40.0902501,lower,2,8.1480184,8.11,0.0380184019,2nd shaft Shaft rotation
timesignal (50).uff,56.3862869,72.6823237,upper,2,8.1480184,8.11,0.0380184019,2nd shaft Shaft rotation
timesignal (50).uff,56.3862869,80.7803542,upper,3,8.13135579,8.11,0.0213557876,2nd shaft Shaft rotation
timesignal (50).uff,56.3862869,88.9783605,upper,4,8.1480184,8.11,0.0380184019,2nd shaft Shaft rotation
timesignal (50).uff,64.5842931,56.3862869,lower,1,8.19800624,8.11,0.0880062449,2nd shaft Shaft rotation
timesignal (50).uff,64.5842931,72.6823237,upper,1,8.09803056,8.11,0.011969441,2nd shaft Shaft rotation
timesignal (50).uff,64.5842931,48.2882563,lower,2,8.1480184,8.11,0.0380184019,2nd shaft Shaft rotation
timesignal (50).uff,64.5842931,80.7803542,upper,2,8.09803056,8.11,0.011969441,2nd shaft Shaft rotation
timesignal (50).uff,64.5842931,40.0902501,lower,3,8.16468102,8.11,0.0546810162,2nd shaft Shaft rotation
timesignal (50).uff,64.5842931,88.9783605,upper,3,8.13135579,8.11,0.0213557876,2nd shaft Shaft rotation
timesignal (50).uff,64.5842931,97.076391,upper,4,8.12302448,8.11,0.0130244804,2nd shaft Shaft rotation
timesignal (50).uff,72.6823237,64.5842931,lower,1,8.09803056,8.11,0.011969441,2nd shaft Shaft rotation
timesignal (50).uff,72.6823237,80.7803542,upper,1,8.09803056,8.11,0.011969441,2nd shaft Shaft rotation
timesignal (50).uff,72.6823237,56.3862869,lower,2,8.1480184,8.11,0.0380184019,2nd shaft Shaft rotation
timesignal (50).uff,72.6823237,88.9783605,upper,2,8.1480184,8.11,0.0380184019,2nd shaft Shaft rotation
timesignal (50).uff,72.6823237,48.2882563,lower,3,8.13135579,8.11,0.0213557876,2nd shaft Shaft rotation
timesignal (50).uff,72.6823237,97.076391,upper,3,8.13135579,8.11,0.0213557876,2nd shaft Shaft rotation
timesignal (50).uff,72.6823237,40.0902501,lower,4,8.1480184,8.11,0.0380184019,2nd shaft Shaft rotation
timesignal (50).uff,72.6823237,105.274397,upper,4,8.1480184,8.11,0.0380184019,2nd shaft Shaft rotation
timesignal (50).uff,80.7803542,72.6823237,lower,1,8.09803056,8.11,0.011969441,2nd shaft Shaft rotation
timesignal (50).uff,80.7803542,88.9783605,upper,1,8.19800624,8.11,0.0880062449,2nd shaft Shaft rotation
timesignal (50).uff,80.7803542,64.5842931,lower,2,8.09803056,8.11,0.011969441,2nd shaft Shaft rotation
timesignal (50).uff,80.7803542,97.076391,upper,2,8.1480184,8.11,0.0380184019,2nd shaft Shaft rotation
timesignal (50).uff,80.7803542,56.3862869,lower,3,8.13135579,8.11,0.0213557876,2nd shaft Shaft rotation
timesignal (50).uff,80.7803542,105.274397,upper,3,8.16468102,8.11,0.0546810162,2nd shaft Shaft rotation
timesignal (50).uff,80.7803542,48.2882563,lower,4,8.12302448,8.11,0.0130244804,2nd shaft Shaft rotation
timesignal (50).uff,80.7803542,112.772574,upper,4,7.99805487,8.11,0.111945127,2nd shaft Shaft rotation
timesignal (50).uff,88.9783605,80.7803542,lower,1,8.19800624,8.11,0.0880062449,2nd shaft Shaft rotation
timesignal (50).uff,88.9783605,97.076391,upper,1,8.09803056,8.11,0.011969441,2nd shaft Shaft rotation
timesignal (50).uff,88.9783605,72.6823237,lower,2,8.1480184,8.11,0.0380184019,2nd shaft Shaft rotation
timesignal (50).uff,88.9783605,105.274397,upper,2,8.1480184,8.11,0.0380184019,2nd shaft Shaft rotation
timesignal (50).uff,88.9783605,64.5842931,lower,3,8.13135579,8.11,0.0213557876,2nd shaft Shaft rotation
timesignal (50).uff,88.9783605,112.772574,upper,3,7.93140442,8.11,0.178595584,2nd shaft Shaft rotation
timesignal (50).uff,88.9783605,56.3862869,lower,4,8.1480184,8.11,0.0380184019,2nd shaft Shaft rotation
timesignal (50).uff,88.9783605,120.870604,upper,4,7.97306095,8.11,0.136939048,2nd shaft Shaft rotation
timesignal (50).uff,97.076391,88.9783605,lower,1,8.09803056,8.11,0.011969441,2nd shaft Shaft rotation
timesignal (50).uff,97.076391,105.274397,upper,1,8.19800624,8.11,0.0880062449,2nd shaft Shaft rotation
timesignal (50).uff,97.076391,80.7803542,lower,2,8.1480184,8.11,0.0380184019,2nd shaft Shaft rotation
timesignal (50).uff,97.076391,112.772574,upper,2,7.84809134,8.11,0.261908656,2nd shaft Shaft rotation
timesignal (50).uff,97.076391,72.6823237,lower,3,8.13135579,8.11,0.0213557876,2nd shaft Shaft rotation
timesignal (50).uff,97.076391,120.870604,upper,3,7.93140442,8.11,0.178595584,2nd shaft Shaft rotation
timesignal (50).uff,97.076391,64.5842931,lower,4,8.12302448,8.11,0.0130244804,2nd shaft Shaft rotation
timesignal (50).uff,97.076391,129.068611,upper,4,7.99805487,8.11,0.111945127,2nd shaft Shaft rotation
timesignal (50).uff,112.772574,105.274397,lower,1,7.49817644,8.11,0.611823557,2nd shaft Shaft rotation
timesignal (50).uff,112.772574,120.870604,upper,1,8.09803056,8.11,0.011969441,2nd shaft Shaft rotation
timesignal (50).uff,112.772574,97.076391,lower,2,7.84809134,8.11,0.261908656,2nd shaft Shaft rotation
timesignal (50).uff,112.772574,129.068611,upper,2,8.1480184,8.11,0.0380184019,2nd shaft Shaft rotation
timesignal (50).uff,112.772574,88.9783605,lower,3,7.93140442,8.11,0.178595584,2nd shaft Shaft rotation
timesignal (50).uff,112.772574,137.166641,upper,3,8.13135579,8.11,0.0213557876,2nd shaft Shaft rotation
timesignal (50).uff,112.772574,80.7803542,lower,4,7.99805487,8.11,0.111945127,2nd shaft Shaft rotation
timesignal (50).uff,112.772574,145.364647,upper,4,8.1480184,8.11,0.0380184019,2nd shaft Shaft rotation
timesignal (50).uff,120.870604,112.772574,lower,1,8.09803056,8.11,0.011969441,2nd shaft Shaft rotation
timesignal (50).uff,120.870604,129.068611,upper,1,8.19800624,8.11,0.0880062449,2nd shaft Shaft rotation
timesignal (50).uff,120.870604,105.274397,lower,2,7.7981035,8.11,0.311896499,2nd shaft Shaft rotation
timesignal (50).uff,120.870604,137.166641,upper,2,8.1480184,8.11,0.0380184019,2nd shaft Shaft rotation
timesignal (50).uff,120.870604,97.076391,lower,3,7.93140442,8.11,0.178595584,2nd shaft Shaft rotation
timesignal (50).uff,120.870604,145.364647,upper,3,8.16468102,8.11,0.0546810162,2nd shaft Shaft rotation
timesignal (50).uff,120.870604,88.9783605,lower,4,7.97306095,8.11,0.136939048,2nd shaft Shaft rotation
timesignal (50).uff,120.870604,153.462678,upper,4,8.1480184,8.11,0.0380184019,2nd shaft Shaft rotation
timesignal (50).uff,129.068611,120.870604,lower,1,8.19800624,8.11,0.0880062449,2nd shaft Shaft rotation
timesignal (50).uff,129.068611,137.166641,upper,1,8.09803056,8.11,0.011969441,2nd shaft Shaft rotation
timesignal (50).uff,129.068611,112.772574,lower,2,8.1480184,8.11,0.0380184019,2nd shaft Shaft rotation
timesignal (50).uff,129.068611,145.364647,upper,2,8.1480184,8.11,0.0380184019,2nd shaft Shaft rotation
timesignal (50).uff,129.068611,105.274397,lower,3,7.93140442,8.11,0.178595584,2nd shaft Shaft rotation
timesignal (50).uff,129.068611,153.462678,upper,3,8.13135579,8.11,0.0213557876,2nd shaft Shaft rotation
timesignal (50).uff,129.068611,97.076391,lower,4,7.99805487,8.11,0.111945127,2nd shaft Shaft rotation
timesignal (50).uff,129.068611,161.660684,upper,4,8.1480184,8.11,0.0380184019,2nd shaft Shaft rotation
timesignal (50).uff,145.364647,137.166641,lower,1,8.19800624,8.11,0.0880062449,2nd shaft Shaft rotation
timesignal (50).uff,145.364647,153.462678,upper,1,8.09803056,8.11,0.011969441,2nd shaft Shaft rotation
timesignal (50).uff,145.364647,129.068611,lower,2,8.1480184,8.11,0.0380184019,2nd shaft Shaft rotation
timesignal (50).uff,145.364647,161.660684,upper,2,8.1480184,8.11,0.0380184019,2nd shaft Shaft rotation
timesignal (50).uff,145.364647,120.870604,lower,3,8.16468102,8.11,0.0546810162,2nd shaft Shaft rotation
timesignal (50).uff,145.364647,169.758715,upper,3,8.13135579,8.11,0.0213557876,2nd shaft Shaft rotation
timesignal (50).uff,145.364647,112.772574,lower,4,8.1480184,8.11,0.0380184019,2nd shaft Shaft rotation
timesignal (50).uff,145.364647,177.956721,upper,4,8.1480184,8.11,0.0380184019,2nd shaft Shaft rotation
timesignal (50).uff,153.462678,145.364647,lower,1,8.09803056,8.11,0.011969441,2nd shaft Shaft rotation
timesignal (50).uff,153.462678,161.660684,upper,1,8.19800624,8.11,0.0880062449,2nd shaft Shaft rotation
timesignal (50).uff,153.462678,137.166641,lower,2,8.1480184,8.11,0.0380184019,2nd shaft Shaft rotation
timesignal (50).uff,153.462678,169.758715,upper,2,8.1480184,8.11,0.0380184019,2nd shaft Shaft rotation
timesignal (50).uff,153.462678,129.068611,lower,3,8.13135579,8.11,0.0213557876,2nd shaft Shaft rotation
timesignal (50).uff,153.462678,177.956721,upper,3,8.16468102,8.11,0.0546810162,2nd shaft Shaft rotation
timesignal (50).uff,153.462678,120.870604,lower,4,8.1480184,8.11,0.0380184019,2nd shaft Shaft rotation
timesignal (50).uff,161.660684,153.462678,lower,1,8.19800624,8.11,0.0880062449,2nd shaft Shaft rotation
timesignal (50).uff,161.660684,169.758715,upper,1,8.09803056,8.11,0.011969441,2nd shaft Shaft rotation
timesignal (50).uff,161.660684,145.364647,lower,2,8.1480184,8.11,0.0380184019,2nd shaft Shaft rotation
timesignal (50).uff,161.660684,177.956721,upper,2,8.1480184,8.11,0.0380184019,2nd shaft Shaft rotation
timesignal (50).uff,161.660684,137.166641,lower,3,8.16468102,8.11,0.0546810162,2nd shaft Shaft rotation
timesignal (50).uff,161.660684,129.068611,lower,4,8.1480184,8.11,0.0380184019,2nd shaft Shaft rotation
timesignal (50).uff,161.660684,193.652904,upper,4,7.99805487,8.11,0.111945127,2nd shaft Shaft rotation
timesignal (50).uff,169.758715,161.660684,lower,1,8.09803056,8.11,0.011969441,2nd shaft Shaft rotation
timesignal (50).uff,169.758715,177.956721,upper,1,8.19800624,8.11,0.0880062449,2nd shaft Shaft rotation
timesignal (50).uff,169.758715,153.462678,lower,2,8.1480184,8.11,0.0380184019,2nd shaft Shaft rotation
timesignal (50).uff,169.758715,145.364647,lower,3,8.13135579,8.11,0.0213557876,2nd shaft Shaft rotation
timesignal (50).uff,169.758715,193.652904,upper,3,7.96472964,8.11,0.145270356,2nd shaft Shaft rotation
timesignal (50).uff,169.758715,137.166641,lower,4,8.1480184,8.11,0.0380184019,2nd shaft Shaft rotation
timesignal (50).uff,177.956721,161.660684,lower,1,16.2960368,16.21,0.0860368038,2nd shaft Wobbling
timesignal (50).uff,177.956721,193.652904,upper,1,15.6961827,16.21,0.513817312,2nd shaft Wobbling
timesignal (50).uff,177.956721,145.364647,lower,2,16.2960368,16.21,0.0860368038,2nd shaft Wobbling
timesignal (50).uff,177.956721,129.068611,lower,3,16.2960368,16.21,0.0860368038,2nd shaft Wobbling
timesignal (50).uff,177.956721,226.145002,upper,3,16.0627602,16.21,0.147239797,2nd shaft Wobbling
timesignal (50).uff,177.956721,112.772574,lower,4,16.2960368,16.21,0.0860368038,2nd shaft Wobbling
timesignal (50).uff,177.956721,242.441038,upper,4,16.1210794,16.21,0.0889206465,2nd shaft Wobbling
timesignal (50).uff,193.652904,177.956721,lower,1,15.6961827,16.21,0.513817312,2nd shaft Wobbling
timesignal (50).uff,193.652904,161.660684,lower,2,15.9961097,16.21,0.213890254,2nd shaft Wobbling
timesignal (50).uff,193.652904,226.145002,upper,2,16.246049,16.21,0.0360489609,2nd shaft Wobbling
timesignal (50).uff,193.652904,145.364647,lower,3,16.0960854,16.21,0.113914568,2nd shaft Wobbling
timesignal (50).uff,193.652904,242.441038,upper,3,16.2627116,16.21,0.0527115752,2nd shaft Wobbling
timesignal (50).uff,193.652904,129.068611,lower,4,16.1460733,16.21,0.063926725,2nd shaft Wobbling
timesignal (50).uff,226.145002,242.441038,upper,1,16.2960368,16.21,0.0860368038,2nd shaft Wobbling
timesignal (50).uff,226.145002,193.652904,lower,2,16.246049,16.21,0.0360489609,2nd shaft Wobbling
timesignal (50).uff,226.145002,177.956721,lower,3,16.0627602,16.21,0.147239797,2nd shaft Wobbling
timesignal (50).uff,226.145002,161.660684,lower,4,16.1210794,16.21,0.0889206465,2nd shaft Wobbling
timesignal (50).uff,331.419399,323.321368,lower,1,8.09803056,8.11,0.011969441,2nd shaft Shaft rotation
timesignal (50).uff,331.419399,315.123362,lower,2,8.1480184,8.11,0.0380184019,2nd shaft Shaft rotation
timesignal (50).uff,331.419399,307.025331,lower,3,8.13135579,8.11,0.0213557876,2nd shaft Shaft rotation
timesignal (51).uff,24.4375125,8.12500416,lower,1,16.3125084,16.21,0.102508352,2nd shaft Wobbling
timesignal (51).uff,24.4375125,56.4375289,upper,2,16.0000082,16.21,0.209991808,2nd shaft Wobbling
timesignal (51).uff,24.4375125,72.7500372,upper,3,16.1041749,16.21,0.105825088,2nd shaft Wobbling
timesignal (51).uff,24.4375125,89.0000456,upper,4,16.1406333,16.21,0.069366736,2nd shaft Wobbling
timesignal (51).uff,32.6250167,24.4375125,lower,1,8.18750419,8.11,0.077504192,2nd shaft Shaft rotation
timesignal (51).uff,32.6250167,56.4375289,upper,3,7.93750406,8.11,0.172495936,2nd shaft Shaft rotation
timesignal (51).uff,32.6250167,64.5625331,upper,4,7.98437909,8.11,0.125620912,2nd shaft Shaft rotation
timesignal (51).uff,48.2500247,40.1250205,lower,1,8.12500416,8.11,0.01500416,2nd shaft Shaft rotation
timesignal (51).uff,48.2500247,56.4375289,upper,1,8.18750419,8.11,0.077504192,2nd shaft Shaft rotation
timesignal (51).uff,48.2500247,64.5625331,upper,2,8.15625418,8.11,0.046254176,2nd shaft Shaft rotation
timesignal (51).uff,48.2500247,72.7500372,upper,3,8.16667085,8.11,0.056670848,2nd shaft Shaft rotation
timesignal (51).uff,48.2500247,80.8750414,upper,4,8.15625418,8.11,0.046254176,2nd shaft Shaft rotation
timesignal (51).uff,56.4375289,48.2500247,lower,1,8.18750419,8.11,0.077504192,2nd shaft Shaft rotation
timesignal (51).uff,56.4375289,64.5625331,upper,1,8.12500416,8.11,0.01500416,2nd shaft Shaft rotation
timesignal (51).uff,56.4375289,40.1250205,lower,2,8.15625418,8.11,0.046254176,2nd shaft Shaft rotation
timesignal (51).uff,56.4375289,72.7500372,upper,2,8.15625418,8.11,0.046254176,2nd shaft Shaft rotation
timesignal (51).uff,56.4375289,80.8750414,upper,3,8.1458375,8.11,0.035837504,2nd shaft Shaft rotation
timesignal (51).uff,56.4375289,89.0000456,upper,4,8.14062917,8.11,0.030629168,2nd shaft Shaft rotation
timesignal (51).uff,64.5625331,56.4375289,lower,1,8.12500416,8.11,0.01500416,2nd shaft Shaft rotation
timesignal (51).uff,64.5625331,72.7500372,upper,1,8.18750419,8.11,0.077504192,2nd shaft Shaft rotation
timesignal (51).uff,64.5625331,48.2500247,lower,2,8.15625418,8.11,0.046254176,2nd shaft Shaft rotation
timesignal (51).uff,64.5625331,80.8750414,upper,2,8.15625418,8.11,0.046254176,2nd shaft Shaft rotation
timesignal (51).uff,64.5625331,40.1250205,lower,3,8.1458375,8.11,0.035837504,2nd shaft Shaft rotation
timesignal (51).uff,64.5625331,89.0000456,upper,3,8.1458375,8.11,0.035837504,2nd shaft Shaft rotation
timesignal (51).uff,64.5625331,97.1875498,upper,4,8.15625418,8.11,0.046254176,2nd shaft Shaft rotation
timesignal (51).uff,72.7500372,64.5625331,lower,1,8.18750419,8.11,0.077504192,2nd shaft Shaft rotation
timesignal (51).uff,72.7500372,80.8750414,upper,1,8.12500416,8.11,0.01500416,2nd shaft Shaft rotation
timesignal (51).uff,72.7500372,56.4375289,lower,2,8.15625418,8.11,0.046254176,2nd shaft Shaft rotation
timesignal (51).uff,72.7500372,89.0000456,upper,2,8.12500416,8.11,0.01500416,2nd shaft Shaft rotation
timesignal (51).uff,72.7500372,48.2500247,lower,3,8.16667085,8.11,0.056670848,2nd shaft Shaft rotation
timesignal (51).uff,72.7500372,97.1875498,upper,3,8.1458375,8.11,0.035837504,2nd shaft Shaft rotation
timesignal (51).uff,72.7500372,40.1250205,lower,4,8.15625418,8.11,0.046254176,2nd shaft Shaft rotation
timesignal (51).uff,80.8750414,72.7500372,lower,1,8.12500416,8.11,0.01500416,2nd shaft Shaft rotation
timesignal (51).uff,80.8750414,89.0000456,upper,1,8.12500416,8.11,0.01500416,2nd shaft Shaft rotation
timesignal (51).uff,80.8750414,64.5625331,lower,2,8.15625418,8.11,0.046254176,2nd shaft Shaft rotation
timesignal (51).uff,80.8750414,97.1875498,upper,2,8.15625418,8.11,0.046254176,2nd shaft Shaft rotation
timesignal (51).uff,80.8750414,56.4375289,lower,3,8.1458375,8.11,0.035837504,2nd shaft Shaft rotation
timesignal (51).uff,80.8750414,48.2500247,lower,4,8.15625418,8.11,0.046254176,2nd shaft Shaft rotation
timesignal (51).uff,89.0000456,80.8750414,lower,1,8.12500416,8.11,0.01500416,2nd shaft Shaft rotation
timesignal (51).uff,89.0000456,97.1875498,upper,1,8.18750419,8.11,0.077504192,2nd shaft Shaft rotation
timesignal (51).uff,89.0000456,72.7500372,lower,2,8.12500416,8.11,0.01500416,2nd shaft Shaft rotation
timesignal (51).uff,89.0000456,64.5625331,lower,3,8.1458375,8.11,0.035837504,2nd shaft Shaft rotation
timesignal (51).uff,89.0000456,56.4375289,lower,4,8.14062917,8.11,0.030629168,2nd shaft Shaft rotation
timesignal (51).uff,97.1875498,80.8750414,lower,1,16.3125084,16.21,0.102508352,2nd shaft Wobbling
timesignal (51).uff,97.1875498,64.5625331,lower,2,16.3125084,16.21,0.102508352,2nd shaft Wobbling
timesignal (51).uff,97.1875498,48.2500247,lower,3,16.3125084,16.21,0.102508352,2nd shaft Wobbling
timesignal (51).uff,97.1875498,145.437574,upper,3,16.0833416,16.21,0.126658432,2nd shaft Wobbling
timesignal (51).uff,97.1875498,32.6250167,lower,4,16.1406333,16.21,0.069366736,2nd shaft Wobbling
timesignal (51).uff,97.1875498,161.750083,upper,4,16.1406333,16.21,0.069366736,2nd shaft Wobbling
timesignal (51).uff,145.437574,161.750083,upper,1,16.3125084,16.21,0.102508352,2nd shaft Wobbling
timesignal (51).uff,145.437574,178.062591,upper,2,16.3125084,16.21,0.102508352,2nd shaft Wobbling
timesignal (51).uff,145.437574,97.1875498,lower,3,16.0833416,16.21,0.126658432,2nd shaft Wobbling
timesignal (51).uff,145.437574,80.8750414,lower,4,16.1406333,16.21,0.069366736,2nd shaft Wobbling
timesignal (51).uff,161.750083,145.437574,lower,2,8.15625418,8.11,0.046254176,2nd shaft Shaft rotation
timesignal (51).uff,161.750083,178.062591,upper,2,8.15625418,8.11,0.046254176,2nd shaft Shaft rotation
timesignal (51).uff,161.750083,137.31257,lower,3,8.1458375,8.11,0.035837504,2nd shaft Shaft rotation
timesignal (51).uff,178.062591,161.750083,lower,2,8.15625418,8.11,0.046254176,2nd shaft Shaft rotation
timesignal (51).uff,178.062591,145.437574,lower,4,8.15625418,8.11,0.046254176,2nd shaft Shaft rotation
timesignal (52).uff,55.6875285,72.6250372,upper,2,8.46875434,8.11,0.358754336,2nd shaft Shaft rotation
timesignal (52).uff,55.6875285,80.7500413,upper,3,8.35417094,8.11,0.244170944,2nd shaft Shaft rotation
timesignal (52).uff,55.6875285,88.8750455,upper,4,8.29687925,8.11,0.186879248,2nd shaft Shaft rotation
timesignal (52).uff,72.6250372,97.0000497,upper,1,24.3750125,23.98,0.39501248,Output shaft bearing 250/251 OR BPFO/Outer race
timesignal (52).uff,72.6250372,0.562500288,lower,3,24.0208456,23.98,0.040845632,Output shaft bearing 250/251 OR BPFO/Outer race
timesignal (52).uff,72.6250372,145.250074,upper,3,24.2083457,23.98,0.228345728,Output shaft bearing 250/251 OR BPFO/Outer race
timesignal (52).uff,72.6250372,169.625087,upper,4,24.2500124,23.98,0.270012416,Output shaft bearing 250/251 OR BPFO/Outer race
timesignal (52).uff,80.7500413,137.06257,upper,1,56.3125288,56.74,0.427471168,Input shaft bearing 150 RE BSF/Rolling element
timesignal (52).uff,80.7500413,194.062599,upper,2,56.656279,56.74,0.083720992,Input shaft bearing 150 RE BSF/Rolling element
timesignal (52).uff,80.7500413,250.375128,upper,3,56.5416956,56.74,0.198304384,Input shaft bearing 150 RE BSF/Rolling element
timesignal (52).uff,88.8750455,145.250074,upper,1,56.3750289,56.74,0.364971136,Input shaft bearing 150 RE BSF/Rolling element
timesignal (52).uff,88.8750455,202.187604,upper,2,56.656279,56.74,0.083720992,Input shaft bearing 150 RE BSF/Rolling element
timesignal (52).uff,88.8750455,258.562632,upper,3,56.562529,56.74,0.17747104,Input shaft bearing 150 RE BSF/Rolling element
timesignal (52).uff,88.8750455,317.375162,upper,4,57.1250292,56.74,0.385029248,Input shaft bearing 150 RE BSF/Rolling element
timesignal (52).uff,97.0000497,72.6250372,lower,1,24.3750125,23.98,0.39501248,Output shaft bearing 250/251 OR BPFO/Outer race
timesignal (52).uff,97.0000497,145.250074,upper,2,24.1250124,23.98,0.145012352,Output shaft bearing 250/251 OR BPFO/Outer race
timesignal (52).uff,97.0000497,169.625087,upper,3,24.2083457,23.98,0.228345728,Output shaft bearing 250/251 OR BPFO/Outer race
timesignal (52).uff,97.0000497,194.062599,upper,4,24.2656374,23.98,0.285637424,Output shaft bearing 250/251 OR BPFO/Outer race
timesignal (52).uff,109.375056,88.8750455,lower,3,6.83333683,7.11,0.276663168,Input shaft bearing 150 Cage FTF/Cage
timesignal (52).uff,109.375056,80.7500413,lower,4,7.15625366,7.11,0.046253664,Input shaft bearing 150 Cage FTF/Cage
timesignal (52).uff,109.375056,137.06257,upper,4,6.92187854,7.11,0.188121456,Input shaft bearing 150 Cage FTF/Cage
timesignal (52).uff,125.250064,111.437557,lower,2,6.90625354,6.93,0.023746464,Input shaft bearing 151 Cage FTF/Cage
timesignal (52).uff,125.250064,145.250074,upper,3,6.66667008,6.93,0.26332992,Input shaft bearing 151 Cage FTF/Cage
timesignal (52).uff,125.250064,97.0000497,lower,4,7.06250362,6.93,0.132503616,Input shaft bearing 151 Cage FTF/Cage
timesignal (52).uff,125.250064,153.375079,upper,4,7.0312536,6.93,0.1012536,Input shaft bearing 151 Cage FTF/Cage
timesignal (52).uff,145.250074,169.625087,upper,1,24.3750125,23.98,0.39501248,Output shaft bearing 250/251 OR BPFO/Outer race
timesignal (52).uff,145.250074,97.0000497,lower,2,24.1250124,23.98,0.145012352,Output shaft bearing 250/251 OR BPFO/Outer race
timesignal (52).uff,145.250074,194.062599,upper,2,24.4062625,23.98,0.426262496,Output shaft bearing 250/251 OR BPFO/Outer race
timesignal (52).uff,145.250074,72.6250372,lower,3,24.2083457,23.98,0.228345728,Output shaft bearing 250/251 OR BPFO/Outer race
timesignal (52).uff,145.250074,242.250124,upper,4,24.2500124,23.98,0.270012416,Output shaft bearing 250/251 OR BPFO/Outer race
timesignal (52).uff,153.375079,137.06257,lower,1,16.3125084,16.21,0.102508352,2nd shaft Wobbling
timesignal (52).uff,153.375079,169.625087,upper,1,16.2500083,16.21,0.04000832,2nd shaft Wobbling
timesignal (52).uff,153.375079,185.937595,upper,2,16.2812583,16.21,0.071258336,2nd shaft Wobbling
timesignal (52).uff,153.375079,202.187604,upper,3,16.2708417,16.21,0.060841664,2nd shaft Wobbling
timesignal (52).uff,153.375079,88.8750455,lower,4,16.1250083,16.21,0.084991744,2nd shaft Wobbling
timesignal (52).uff,169.625087,153.375079,lower,2,8.12500416,8.11,0.01500416,2nd shaft Shaft rotation
timesignal (52).uff,169.625087,185.937595,upper,2,8.15625418,8.11,0.046254176,2nd shaft Shaft rotation
timesignal (52).uff,169.625087,145.250074,lower,3,8.12500416,8.11,0.01500416,2nd shaft Shaft rotation
timesignal (52).uff,169.625087,194.062599,upper,3,8.1458375,8.11,0.035837504,2nd shaft Shaft rotation
timesignal (52).uff,169.625087,137.06257,lower,4,8.14062917,8.11,0.030629168,2nd shaft Shaft rotation
timesignal (52).uff,169.625087,202.187604,upper,4,8.14062917,8.11,0.030629168,2nd shaft Shaft rotation
timesignal (52).uff,194.062599,137.06257,lower,1,57.0000292,56.74,0.260029184,Input shaft bearing 150 RE BSF/Rolling element
timesignal (52).uff,194.062599,250.375128,upper,1,56.3125288,56.74,0.427471168,Input shaft bearing 150 RE BSF/Rolling element
timesignal (52).uff,194.062599,80.7500413,lower,2,56.656279,56.74,0.083720992,Input shaft bearing 150 RE BSF/Rolling element
timesignal (52).uff,194.062599,420.062715,upper,4,56.5000289,56.74,0.239971072,Input shaft bearing 150 RE BSF/Rolling element
timesignal (52).uff,202.187604,185.937595,lower,1,16.2500083,16.21,0.04000832,2nd shaft Wobbling
timesignal (52).uff,202.187604,169.625087,lower,2,16.2812583,16.21,0.071258336,2nd shaft Wobbling
timesignal (52).uff,202.187604,234.12512,upper,2,15.9687582,16.21,0.241241824,2nd shaft Wobbling
timesignal (52).uff,202.187604,153.375079,lower,3,16.2708417,16.21,0.060841664,2nd shaft Wobbling
timesignal (52).uff,202.187604,250.375128,upper,3,16.0625082,16.21,0.147491776,2nd shaft Wobbling
timesignal (52).uff,202.187604,137.06257,lower,4,16.2812583,16.21,0.071258336,2nd shaft Wobbling
timesignal (52).uff,202.187604,266.687637,upper,4,16.1250083,16.21,0.084991744,2nd shaft Wobbling
timesignal (52).uff,234.12512,242.250124,upper,1,8.12500416,8.11,0.01500416,2nd shaft Shaft rotation
timesignal (52).uff,234.12512,250.375128,upper,2,8.12500416,8.11,0.01500416,2nd shaft Shaft rotation
timesignal (52).uff,234.12512,258.562632,upper,3,8.1458375,8.11,0.035837504,2nd shaft Shaft rotation
timesignal (52).uff,234.12512,202.187604,lower,4,7.98437909,8.11,0.125620912,2nd shaft Shaft rotation
timesignal (52).uff,234.12512,266.687637,upper,4,8.14062917,8.11,0.030629168,2nd shaft Shaft rotation
timesignal (52).uff,250.375128,242.250124,lower,2,4.06250208,4.11,0.04749792,Output shaft Wobbling
timesignal (52).uff,250.375128,258.562632,upper,2,4.0937521,4.11,0.016247904,Output shaft Wobbling
timesignal (52).uff,250.375128,234.12512,lower,4,4.06250208,4.11,0.04749792,Output shaft Wobbling
timesignal (52).uff,250.375128,266.687637,upper,4,4.07812709,4.11,0.031872912,Output shaft Wobbling
timesignal (52).uff,258.562632,250.375128,lower,1,8.18750419,8.11,0.077504192,2nd shaft Shaft rotation
timesignal (52).uff,258.562632,266.687637,upper,1,8.12500416,8.11,0.01500416,2nd shaft Shaft rotation
timesignal (52).uff,258.562632,242.250124,lower,2,8.15625418,8.11,0.046254176,2nd shaft Shaft rotation
timesignal (52).uff,258.562632,274.812641,upper,2,8.12500416,8.11,0.01500416,2nd shaft Shaft rotation
timesignal (52).uff,258.562632,234.12512,lower,3,8.1458375,8.11,0.035837504,2nd shaft Shaft rotation
timesignal (52).uff,266.687637,258.562632,lower,1,8.12500416,8.11,0.01500416,2nd shaft Shaft rotation
timesignal (52).uff,266.687637,274.812641,upper,1,8.12500416,8.11,0.01500416,2nd shaft Shaft rotation
timesignal (52).uff,266.687637,250.375128,lower,2,8.15625418,8.11,0.046254176,2nd shaft Shaft rotation
timesignal (52).uff,266.687637,242.250124,lower,3,8.1458375,8.11,0.035837504,2nd shaft Shaft rotation
timesignal (52).uff,266.687637,234.12512,lower,4,8.14062917,8.11,0.030629168,2nd shaft Shaft rotation
timesignal (52).uff,347.437678,274.812641,lower,1,72.6250372,71.65,0.975037184,2nd shaft bearing 350/351 IR BPFI/Inner race
timesignal (52).uff,347.437678,420.062715,upper,1,72.6250372,71.65,0.975037184,2nd shaft bearing 350/351 IR BPFI/Inner race
timesignal (52).uff,347.437678,202.187604,lower,2,72.6250372,71.65,0.975037184,2nd shaft bearing 350/351 IR BPFI/Inner race
timesignal (52).uff,347.437678,492.625252,upper,2,72.5937872,71.65,0.943787168,2nd shaft bearing 350/351 IR BPFI/Inner race
timesignal (52).uff,347.437678,557.125285,upper,3,69.8958691,71.65,1.75413088,2nd shaft bearing 350/351 IR BPFI/Inner race
timesignal (52).uff,463.875238,484.500248,upper,1,20.6250106,23.97,3.34498944,Output shaft bearing 250 OR BPFO/Outer race
timesignal (52).uff,463.875238,420.062715,lower,2,21.9062612,23.97,2.06373878,Output shaft bearing 250 OR BPFO/Outer race
timesignal (52).uff,463.875238,512.687762,upper,2,24.4062625,23.97,0.436262496,Output shaft bearing 250 OR BPFO/Outer race
timesignal (52).uff,463.875238,537.125275,upper,3,24.4166792,23.97,0.446679168,Output shaft bearing 250 OR BPFO/Outer race
timesignal (52).uff,463.875238,557.125285,upper,4,23.3125119,23.97,0.657488064,Output shaft bearing 250 OR BPFO/Outer race
timesignal (52).uff,500.812756,492.625252,lower,1,8.18750419,8.11,0.077504192,2nd shaft Shaft rotation
timesignal (52).uff,500.812756,512.687762,upper,1,11.8750061,8.11,3.76500608,2nd shaft Shaft rotation
timesignal (52).uff,500.812756,484.500248,lower,2,8.15625418,8.11,0.046254176,2nd shaft Shaft rotation
timesignal (52).uff,500.812756,520.812767,upper,2,10.0000051,8.11,1.89000512,2nd shaft Shaft rotation
timesignal (52).uff,500.812756,476.375244,lower,3,8.1458375,8.11,0.035837504,2nd shaft Shaft rotation
timesignal (52).uff,500.812756,520.812767,upper,3,6.66667008,8.11,1.44332992,2nd shaft Shaft rotation
timesignal (52).uff,500.812756,463.875238,lower,4,9.23437973,8.11,1.12437973,2nd shaft Shaft rotation
timesignal (52).uff,500.812756,537.125275,upper,4,9.07812965,8.11,0.968129648,2nd shaft Shaft rotation
timesignal (52).uff,512.687762,500.812756,lower,1,11.8750061,9.8,2.07500608,Output shaft bearing 250 RE BSF/Rolling element
timesignal (52).uff,512.687762,520.812767,upper,1,8.12500416,9.8,1.67499584,Output shaft bearing 250 RE BSF/Rolling element
timesignal (52).uff,512.687762,492.625252,lower,2,10.0312551,9.8,0.231255136,Output shaft bearing 250 RE BSF/Rolling element
timesignal (52).uff,512.687762,537.125275,upper,2,12.2187563,9.8,2.41875626,Output shaft bearing 250 RE BSF/Rolling element
timesignal (52).uff,512.687762,484.500248,lower,3,9.39583814,9.8,0.404161856,Output shaft bearing 250 RE BSF/Rolling element
timesignal (52).uff,512.687762,537.125275,upper,3,8.1458375,9.8,1.6541625,Output shaft bearing 250 RE BSF/Rolling element
timesignal (52).uff,512.687762,476.375244,lower,4,9.07812965,9.8,0.721870352,Output shaft bearing 250 RE BSF/Rolling element
timesignal (52).uff,512.687762,557.125285,upper,4,11.1093807,9.8,1.30938069,Output shaft bearing 250 RE BSF/Rolling element
timesignal (52).uff,520.812767,512.687762,lower,1,8.12500416,8.11,0.01500416,2nd shaft Shaft rotation
timesignal (52).uff,520.812767,500.812756,lower,2,10.0000051,8.11,1.89000512,2nd shaft Shaft rotation
timesignal (52).uff,520.812767,537.125275,upper,2,8.15625418,8.11,0.046254176,2nd shaft Shaft rotation
timesignal (52).uff,520.812767,492.625252,lower,3,9.39583814,8.11,1.28583814,2nd shaft Shaft rotation
timesignal (52).uff,520.812767,484.500248,lower,4,9.07812965,8.11,0.968129648,2nd shaft Shaft rotation
timesignal (52).uff,520.812767,557.125285,upper,4,9.07812965,8.11,0.968129648,2nd shaft Shaft rotation
timesignal (53).uff,32.4999834,88.8124545,upper,1,56.3124712,56.74,0.427528832,Input shaft bearing 150 RE BSF/Rolling element
timesignal (53).uff,32.4999834,145.124926,upper,2,56.3124712,56.74,0.427528832,Input shaft bearing 150 RE BSF/Rolling element
timesignal (53).uff,32.4999834,202.062397,upper,3,56.5208044,56.74,0.219195605,Input shaft bearing 150 RE BSF/Rolling element
timesignal (53).uff,32.4999834,258.374868,upper,4,56.4687211,56.74,0.271278912,Input shaft bearing 150 RE BSF/Rolling element
timesignal (53).uff,55.6874715,72.5624628,upper,2,8.43749568,8.11,0.32749568,2nd shaft Shaft rotation
timesignal (53).uff,55.6874715,80.6874587,upper,3,8.33332907,8.11,0.223329067,2nd shaft Shaft rotation
timesignal (53).uff,55.6874715,88.8124545,upper,4,8.28124576,8.11,0.17124576,2nd shaft Shaft rotation
timesignal (53).uff,72.5624628,80.6874587,upper,2,4.06249792,4.11,0.04750208,Output shaft Wobbling
timesignal (53).uff,72.5624628,55.6874715,lower,4,4.21874784,4.11,0.10874784,Output shaft Wobbling
timesignal (53).uff,72.5624628,88.8124545,upper,4,4.06249792,4.11,0.04750208,Output shaft Wobbling
timesignal (53).uff,80.6874587,136.99993,upper,1,56.3124712,56.74,0.427528832,Input shaft bearing 150 RE BSF/Rolling element
timesignal (53).uff,80.6874587,193.937401,upper,2,56.624971,56.74,0.115028992,Input shaft bearing 150 RE BSF/Rolling element
timesignal (53).uff,80.6874587,250.249872,upper,3,56.5208044,56.74,0.219195605,Input shaft bearing 150 RE BSF/Rolling element
timesignal (53).uff,88.8124545,80.6874587,lower,1,8.12499584,8.11,0.01499584,2nd shaft Shaft rotation
timesignal (53).uff,88.8124545,72.5624628,lower,2,8.12499584,8.11,0.01499584,2nd shaft Shaft rotation
timesignal (53).uff,88.8124545,105.749946,upper,2,8.46874566,8.11,0.358745664,2nd shaft Shaft rotation
timesignal (53).uff,88.8124545,113.874942,upper,3,8.35416239,8.11,0.244162389,2nd shaft Shaft rotation
timesignal (53).uff,109.249944,111.312443,upper,2,1.03124947,0.92,0.111249472,Output shaft bearing 250 Cage FTF/Cage
timesignal (53).uff,109.249944,105.749946,lower,3,1.16666607,0.92,0.246666069,Output shaft bearing 250 Cage FTF/Cage
timesignal (53).uff,109.249944,111.312443,upper,3,0.687499648,0.92,0.232500352,Output shaft bearing 250 Cage FTF/Cage
timesignal (53).uff,109.249944,105.749946,lower,4,0.874999552,0.92,0.045000448,Output shaft bearing 250 Cage FTF/Cage
timesignal (53).uff,109.249944,113.874942,upper,4,1.15624941,0.92,0.236249408,Output shaft bearing 250 Cage FTF/Cage
timesignal (53).uff,111.312443,109.249944,lower,2,1.03124947,0.92,0.111249472,Output shaft bearing 250 Cage FTF/Cage
timesignal (53).uff,111.312443,109.249944,lower,3,0.687499648,0.92,0.232500352,Output shaft bearing 250 Cage FTF/Cage
timesignal (53).uff,113.874942,105.749946,lower,1,8.12499584,8.11,0.01499584,2nd shaft Shaft rotation
timesignal (53).uff,113.874942,130.124933,upper,2,8.12499584,8.11,0.01499584,2nd shaft Shaft rotation
timesignal (53).uff,113.874942,88.8124545,lower,3,8.35416239,8.11,0.244162389,2nd shaft Shaft rotation
timesignal (53).uff,113.874942,136.99993,upper,3,7.70832939,8.11,0.401670613,2nd shaft Shaft rotation
timesignal (53).uff,113.874942,80.6874587,lower,4,8.29687075,8.11,0.186870752,2nd shaft Shaft rotation
timesignal (53).uff,113.874942,145.124926,upper,4,7.812496,8.11,0.297504,2nd shaft Shaft rotation
timesignal (53).uff,125.124936,130.124933,upper,1,4.99999744,4.11,0.88999744,Output shaft Wobbling
timesignal (53).uff,125.124936,113.874942,lower,3,3.74999808,4.11,0.36000192,Output shaft Wobbling
timesignal (53).uff,125.124936,136.99993,upper,3,3.95833131,4.11,0.151668693,Output shaft Wobbling
timesignal (53).uff,125.124936,109.249944,lower,4,3.96874797,4.11,0.141252032,Output shaft Wobbling
timesignal (53).uff,130.124933,105.749946,lower,1,24.3749875,23.97,0.40498752,Output shaft bearing 250 OR BPFO/Outer race
timesignal (53).uff,130.124933,153.249922,upper,1,23.1249882,23.97,0.84501184,Output shaft bearing 250 OR BPFO/Outer race
timesignal (53).uff,130.124933,177.687409,upper,2,23.7812378,23.97,0.188762176,Output shaft bearing 250 OR BPFO/Outer race
timesignal (53).uff,130.124933,202.062397,upper,3,23.9791544,23.97,0.00915438934,Output shaft bearing 250 OR BPFO/Outer race
timesignal (53).uff,130.124933,225.812384,upper,4,23.9218628,23.97,0.048137248,Output shaft bearing 250 OR BPFO/Outer race
timesignal (53).uff,145.124926,136.99993,lower,1,8.12499584,8.11,0.01499584,2nd shaft Shaft rotation
timesignal (53).uff,145.124926,153.249922,upper,1,8.12499584,8.11,0.01499584,2nd shaft Shaft rotation
timesignal (53).uff,145.124926,130.124933,lower,2,7.49999616,8.11,0.61000384,2nd shaft Shaft rotation
timesignal (53).uff,145.124926,169.499913,upper,3,8.12499584,8.11,0.01499584,2nd shaft Shaft rotation
timesignal (53).uff,145.124926,177.687409,upper,4,8.14062083,8.11,0.030620832,2nd shaft Shaft rotation
timesignal (53).uff,153.249922,130.124933,lower,1,23.1249882,23.98,0.85501184,Output shaft bearing 250/251 OR BPFO/Outer race
timesignal (53).uff,153.249922,177.687409,upper,1,24.4374875,23.98,0.457487488,Output shaft bearing 250/251 OR BPFO/Outer race
timesignal (53).uff,153.249922,105.749946,lower,2,23.7499878,23.98,0.23001216,Output shaft bearing 250/251 OR BPFO/Outer race
timesignal (53).uff,153.249922,202.062397,upper,2,24.4062375,23.98,0.426237504,Output shaft bearing 250/251 OR BPFO/Outer race
timesignal (53).uff,153.249922,80.6874587,lower,3,24.1874876,23.98,0.207487616,Output shaft bearing 250/251 OR BPFO/Outer race
timesignal (53).uff,153.249922,225.812384,upper,3,24.1874876,23.98,0.207487616,Output shaft bearing 250/251 OR BPFO/Outer race
timesignal (53).uff,153.249922,250.249872,upper,4,24.2499876,23.98,0.269987584,Output shaft bearing 250/251 OR BPFO/Outer race
timesignal (53).uff,166.999914,145.124926,lower,1,21.8749888,21.48,0.3949888,2nd shaft bearing 350/351 RE BSF/Rolling element
timesignal (53).uff,166.999914,125.124936,lower,2,20.9374893,21.48,0.54251072,2nd shaft bearing 350/351 RE BSF/Rolling element
timesignal (53).uff,166.999914,209.562393,upper,2,21.2812391,21.48,0.198760896,2nd shaft bearing 350/351 RE BSF/Rolling element
timesignal (53).uff,166.999914,80.6874587,lower,4,21.578114,21.48,0.098113952,2nd shaft bearing 350/351 RE BSF/Rolling element
timesignal (53).uff,169.499913,153.249922,lower,2,8.12499584,8.11,0.01499584,2nd shaft Shaft rotation
timesignal (53).uff,169.499913,185.812405,upper,2,8.15624582,8.11,0.046245824,2nd shaft Shaft rotation
timesignal (53).uff,169.499913,145.124926,lower,3,8.12499584,8.11,0.01499584,2nd shaft Shaft rotation
timesignal (53).uff,169.499913,193.937401,upper,3,8.14582916,8.11,0.0358291627,2nd shaft Shaft rotation
timesignal (53).uff,169.499913,136.99993,lower,4,8.12499584,8.11,0.01499584,2nd shaft Shaft rotation
timesignal (53).uff,169.499913,202.062397,upper,4,8.14062083,8.11,0.030620832,2nd shaft Shaft rotation
timesignal (53).uff,177.687409,169.499913,lower,1,8.18749581,8.11,0.077495808,2nd shaft Shaft rotation
timesignal (53).uff,177.687409,185.812405,upper,1,8.12499584,8.11,0.01499584,2nd shaft Shaft rotation
timesignal (53).uff,177.687409,193.937401,upper,2,8.12499584,8.11,0.01499584,2nd shaft Shaft rotation
timesignal (53).uff,177.687409,153.249922,lower,3,8.14582916,8.11,0.0358291627,2nd shaft Shaft rotation
timesignal (53).uff,177.687409,202.062397,upper,3,8.12499584,8.11,0.01499584,2nd shaft Shaft rotation
timesignal (53).uff,177.687409,145.124926,lower,4,8.14062083,8.11,0.030620832,2nd shaft Shaft rotation
timesignal (53).uff,177.687409,209.562393,upper,4,7.96874592,8.11,0.14125408,2nd shaft Shaft rotation
timesignal (53).uff,193.937401,177.687409,lower,1,16.2499917,16.21,0.03999168,2nd shaft Wobbling
timesignal (53).uff,193.937401,209.562393,upper,1,15.624992,16.21,0.585008,2nd shaft Wobbling
timesignal (53).uff,193.937401,225.812384,upper,2,15.9374918,16.21,0.27250816,2nd shaft Wobbling
timesignal (53).uff,193.937401,145.124926,lower,3,16.270825,16.21,0.0608250027,2nd shaft Wobbling
timesignal (53).uff,193.937401,242.124876,upper,3,16.0624918,16.21,0.147508224,2nd shaft Wobbling
timesignal (53).uff,193.937401,130.124933,lower,4,15.9531168,16.21,0.256883168,2nd shaft Wobbling
timesignal (53).uff,193.937401,258.374868,upper,4,16.1093668,16.21,0.100633248,2nd shaft Wobbling
timesignal (53).uff,202.062397,185.812405,lower,1,16.2499917,16.21,0.03999168,2nd shaft Wobbling
timesignal (53).uff,202.062397,169.499913,lower,2,16.2812417,16.21,0.071241664,2nd shaft Wobbling
timesignal (53).uff,202.062397,233.93738,upper,2,15.9374918,16.21,0.27250816,2nd shaft Wobbling
timesignal (53).uff,202.062397,153.249922,lower,3,16.270825,16.21,0.0608250027,2nd shaft Wobbling
timesignal (53).uff,202.062397,250.249872,upper,3,16.0624918,16.21,0.147508224,2nd shaft Wobbling
timesignal (53).uff,202.062397,136.99993,lower,4,16.2656167,16.21,0.055616672,2nd shaft Wobbling
timesignal (53).uff,202.062397,266.499864,upper,4,16.1093668,16.21,0.100633248,2nd shaft Wobbling
timesignal (53).uff,225.812384,233.93738,upper,1,8.12499584,8.11,0.01499584,2nd shaft Shaft rotation
timesignal (53).uff,225.812384,209.562393,lower,2,8.12499584,8.11,0.01499584,2nd shaft Shaft rotation
timesignal (53).uff,225.812384,242.124876,upper,2,8.15624582,8.11,0.046245824,2nd shaft Shaft rotation
timesignal (53).uff,225.812384,202.062397,lower,3,7.91666261,8.11,0.193337387,2nd shaft Shaft rotation
timesignal (53).uff,225.812384,250.249872,upper,3,8.14582916,8.11,0.0358291627,2nd shaft Shaft rotation
timesignal (53).uff,225.812384,193.937401,lower,4,7.96874592,8.11,0.14125408,2nd shaft Shaft rotation
timesignal (53).uff,225.812384,258.374868,upper,4,8.14062083,8.11,0.030620832,2nd shaft Shaft rotation
timesignal (53).uff,233.93738,225.812384,lower,1,8.12499584,8.11,0.01499584,2nd shaft Shaft rotation
timesignal (53).uff,233.93738,242.124876,upper,1,8.18749581,8.11,0.077495808,2nd shaft Shaft rotation
timesignal (53).uff,233.93738,250.249872,upper,2,8.15624582,8.11,0.046245824,2nd shaft Shaft rotation
timesignal (53).uff,233.93738,209.562393,lower,3,8.12499584,8.11,0.01499584,2nd shaft Shaft rotation
timesignal (53).uff,233.93738,258.374868,upper,3,8.14582916,8.11,0.0358291627,2nd shaft Shaft rotation
timesignal (53).uff,233.93738,202.062397,lower,4,7.96874592,8.11,0.14125408,2nd shaft Shaft rotation
timesignal (53).uff,233.93738,266.499864,upper,4,8.14062083,8.11,0.030620832,2nd shaft Shaft rotation
timesignal (53).uff,242.124876,233.93738,lower,1,8.18749581,8.11,0.077495808,2nd shaft Shaft rotation
timesignal (53).uff,242.124876,250.249872,upper,1,8.12499584,8.11,0.01499584,2nd shaft Shaft rotation
timesignal (53).uff,242.124876,225.812384,lower,2,8.15624582,8.11,0.046245824,2nd shaft Shaft rotation
timesignal (53).uff,242.124876,258.374868,upper,2,8.12499584,8.11,0.01499584,2nd shaft Shaft rotation
timesignal (53).uff,242.124876,266.499864,upper,3,8.12499584,8.11,0.01499584,2nd shaft Shaft rotation
timesignal (53).uff,242.124876,209.562393,lower,4,8.14062083,8.11,0.030620832,2nd shaft Shaft rotation
timesignal (53).uff,242.124876,274.624859,upper,4,8.12499584,8.11,0.01499584,2nd shaft Shaft rotation
timesignal (53).uff,250.249872,242.124876,lower,1,8.12499584,8.11,0.01499584,2nd shaft Shaft rotation
timesignal (53).uff,250.249872,258.374868,upper,1,8.12499584,8.11,0.01499584,2nd shaft Shaft rotation
timesignal (53).uff,250.249872,233.93738,lower,2,8.15624582,8.11,0.046245824,2nd shaft Shaft rotation
timesignal (53).uff,250.249872,266.499864,upper,2,8.12499584,8.11,0.01499584,2nd shaft Shaft rotation
timesignal (53).uff,250.249872,274.624859,upper,3,8.12499584,8.11,0.01499584,2nd shaft Shaft rotation
timesignal (53).uff,258.374868,250.249872,lower,1,8.12499584,8.11,0.01499584,2nd shaft Shaft rotation
timesignal (53).uff,258.374868,266.499864,upper,1,8.12499584,8.11,0.01499584,2nd shaft Shaft rotation
timesignal (53).uff,258.374868,242.124876,lower,2,8.12499584,8.11,0.01499584,2nd shaft Shaft rotation
timesignal (53).uff,258.374868,274.624859,upper,2,8.12499584,8.11,0.01499584,2nd shaft Shaft rotation
timesignal (53).uff,258.374868,233.93738,lower,3,8.14582916,8.11,0.0358291627,2nd shaft Shaft rotation
timesignal (53).uff,266.499864,258.374868,lower,1,8.12499584,8.11,0.01499584,2nd shaft Shaft rotation
timesignal (53).uff,266.499864,274.624859,upper,1,8.12499584,8.11,0.01499584,2nd shaft Shaft rotation
timesignal (53).uff,266.499864,250.249872,lower,2,8.12499584,8.11,0.01499584,2nd shaft Shaft rotation
timesignal (53).uff,266.499864,242.124876,lower,3,8.12499584,8.11,0.01499584,2nd shaft Shaft rotation
timesignal (53).uff,266.499864,233.93738,lower,4,8.14062083,8.11,0.030620832,2nd shaft Shaft rotation
timesignal (53).uff,347.187322,355.312318,upper,1,8.12499584,7.11,1.01499584,Input shaft bearing 150 Cage FTF/Cage
timesignal (53).uff,347.187322,333.999829,lower,2,6.59374662,7.11,0.516253376,Input shaft bearing 150 Cage FTF/Cage
timesignal (53).uff,347.187322,325.312333,lower,3,7.29166293,7.11,0.181662933,Input shaft bearing 150 Cage FTF/Cage
timesignal (53).uff,347.187322,317.187338,lower,4,7.49999616,7.11,0.38999616,Input shaft bearing 150 Cage FTF/Cage
timesignal (53).uff,355.312318,347.187322,lower,1,8.12499584,9.8,1.67500416,Output shaft bearing 250 RE BSF/Rolling element
timesignal (53).uff,355.312318,333.999829,lower,2,10.6562445,9.8,0.856244544,Output shaft bearing 250 RE BSF/Rolling element
timesignal (53).uff,355.312318,325.312333,lower,3,9.99999488,9.8,0.19999488,Output shaft bearing 250 RE BSF/Rolling element
timesignal (53).uff,355.312318,317.187338,lower,4,9.53124512,9.8,0.26875488,Output shaft bearing 250 RE BSF/Rolling element
timesignal (54).uff,500.999641,492.999647,lower,1,7.99999427,4.11,3.88999427,Output shaft Wobbling
timesignal (54).uff,500.999641,492.999647,lower,2,3.99999713,4.11,0.110002867,Output shaft Wobbling
timesignal (54).uff,500.999641,484.999652,lower,3,5.33332951,4.11,1.22332951,Output shaft Wobbling
timesignal (54).uff,500.999641,484.999652,lower,4,3.99999713,4.11,0.110002867,Output shaft Wobbling
timesignal (55).uff,24.3940674,8.09803056,lower,1,16.2960368,16.21,0.0860368038,2nd shaft Wobbling
timesignal (55).uff,24.3940674,40.6901042,upper,1,16.2960368,16.21,0.0860368038,2nd shaft Wobbling
timesignal (55).uff,24.3940674,56.2863112,upper,2,15.9461219,16.21,0.263878097,2nd shaft Wobbling
timesignal (55).uff,24.3940674,72.582348,upper,3,16.0627602,16.21,0.147239797,2nd shaft Wobbling
timesignal (55).uff,24.3940674,88.8783848,upper,4,16.1210794,16.21,0.0889206465,2nd shaft Wobbling
timesignal (55).uff,40.6901042,24.3940674,lower,1,16.2960368,16.21,0.0860368038,2nd shaft Wobbling
timesignal (55).uff,40.6901042,8.09803056,lower,2,16.2960368,16.21,0.0860368038,2nd shaft Wobbling
timesignal (55).uff,40.6901042,72.582348,upper,2,15.9461219,16.21,0.263878097,2nd shaft Wobbling
timesignal (55).uff,40.6901042,88.8783848,upper,3,16.0627602,16.21,0.147239797,2nd shaft Wobbling
timesignal (55).uff,40.6901042,105.174422,upper,4,16.1210794,16.21,0.0889206465,2nd shaft Wobbling
timesignal (55).uff,48.1882806,56.2863112,upper,1,8.09803056,8.11,0.011969441,2nd shaft Shaft rotation
timesignal (55).uff,48.1882806,31.8922438,lower,2,8.1480184,8.11,0.0380184019,2nd shaft Shaft rotation
timesignal (55).uff,48.1882806,64.4843174,upper,2,8.1480184,8.11,0.0380184019,2nd shaft Shaft rotation
timesignal (55).uff,48.1882806,72.582348,upper,3,8.13135579,8.11,0.0213557876,2nd shaft Shaft rotation
timesignal (55).uff,48.1882806,80.7803542,upper,4,8.1480184,8.11,0.0380184019,2nd shaft Shaft rotation
timesignal (55).uff,56.2863112,48.1882806,lower,1,8.09803056,8.11,0.011969441,2nd shaft Shaft rotation
timesignal (55).uff,56.2863112,64.4843174,upper,1,8.19800624,8.11,0.0880062449,2nd shaft Shaft rotation
timesignal (55).uff,56.2863112,72.582348,upper,2,8.1480184,8.11,0.0380184019,2nd shaft Shaft rotation
timesignal (55).uff,56.2863112,31.8922438,lower,3,8.13135579,8.11,0.0213557876,2nd shaft Shaft rotation
timesignal (55).uff,56.2863112,80.7803542,upper,3,8.16468102,8.11,0.0546810162,2nd shaft Shaft rotation
timesignal (55).uff,56.2863112,88.8783848,upper,4,8.1480184,8.11,0.0380184019,2nd shaft Shaft rotation
timesignal (55).uff,64.4843174,56.2863112,lower,1,8.19800624,8.11,0.0880062449,2nd shaft Shaft rotation
timesignal (55).uff,64.4843174,72.582348,upper,1,8.09803056,8.11,0.011969441,2nd shaft Shaft rotation
timesignal (55).uff,64.4843174,48.1882806,lower,2,8.1480184,8.11,0.0380184019,2nd shaft Shaft rotation
timesignal (55).uff,64.4843174,80.7803542,upper,2,8.1480184,8.11,0.0380184019,2nd shaft Shaft rotation
timesignal (55).uff,64.4843174,88.8783848,upper,3,8.13135579,8.11,0.0213557876,2nd shaft Shaft rotation
timesignal (55).uff,64.4843174,31.8922438,lower,4,8.1480184,8.11,0.0380184019,2nd shaft Shaft rotation
timesignal (55).uff,72.582348,64.4843174,lower,1,8.09803056,8.11,0.011969441,2nd shaft Shaft rotation
timesignal (55).uff,72.582348,80.7803542,upper,1,8.19800624,8.11,0.0880062449,2nd shaft Shaft rotation
timesignal (55).uff,72.582348,56.2863112,lower,2,8.1480184,8.11,0.0380184019,2nd shaft Shaft rotation
timesignal (55).uff,72.582348,88.8783848,upper,2,8.1480184,8.11,0.0380184019,2nd shaft Shaft rotation
timesignal (55).uff,72.582348,48.1882806,lower,3,8.13135579,8.11,0.0213557876,2nd shaft Shaft rotation
timesignal (55).uff,72.582348,105.174422,upper,4,8.1480184,8.11,0.0380184019,2nd shaft Shaft rotation
timesignal (55).uff,80.7803542,72.582348,lower,1,8.19800624,8.11,0.0880062449,2nd shaft Shaft rotation
timesignal (55).uff,80.7803542,88.8783848,upper,1,8.09803056,8.11,0.011969441,2nd shaft Shaft rotation
timesignal (55).uff,80.7803542,48.1882806,lower,4,8.1480184,8.11,0.0380184019,2nd shaft Shaft rotation
timesignal (55).uff,88.8783848,80.7803542,lower,1,8.09803056,8.11,0.011969441,2nd shaft Shaft rotation
timesignal (55).uff,88.8783848,72.582348,lower,2,8.1480184,8.11,0.0380184019,2nd shaft Shaft rotation
timesignal (55).uff,88.8783848,105.174422,upper,2,8.1480184,8.11,0.0380184019,2nd shaft Shaft rotation
timesignal (55).uff,88.8783848,56.2863112,lower,4,8.1480184,8.11,0.0380184019,2nd shaft Shaft rotation
timesignal (55).uff,113.272452,128.968635,upper,1,15.6961827,16.21,0.513817312,2nd shaft Wobbling
timesignal (55).uff,113.272452,80.7803542,lower,2,16.246049,16.21,0.0360489609,2nd shaft Wobbling
timesignal (55).uff,113.272452,145.264672,upper,2,15.9961097,16.21,0.213890254,2nd shaft Wobbling
timesignal (55).uff,113.272452,64.4843174,lower,3,16.2627116,16.21,0.0527115752,2nd shaft Wobbling
timesignal (55).uff,113.272452,161.460733,upper,3,16.0627602,16.21,0.147239797,2nd shaft Wobbling
timesignal (55).uff,113.272452,48.1882806,lower,4,16.2710429,16.21,0.0610428824,2nd shaft Wobbling
timesignal (55).uff,113.272452,177.75677,upper,4,16.1210794,16.21,0.0889206465,2nd shaft Wobbling
timesignal (55).uff,125.669437,105.174422,lower,3,6.83167187,6.93,0.0983281293,Input shaft bearing 151 Cage FTF/Cage
timesignal (55).uff,125.669437,145.264672,upper,3,6.53174481,6.93,0.398255187,Input shaft bearing 151 Cage FTF/Cage
timesignal (55).uff,125.669437,153.362702,upper,4,6.92331625,6.93,0.00668375051,Input shaft bearing 151 Cage FTF/Cage
timesignal (55).uff,128.968635,113.272452,lower,1,15.6961827,16.21,0.513817312,2nd shaft Wobbling
timesignal (55).uff,128.968635,145.264672,upper,1,16.2960368,16.21,0.0860368038,2nd shaft Wobbling
timesignal (55).uff,128.968635,161.460733,upper,2,16.246049,16.21,0.0360489609,2nd shaft Wobbling
timesignal (55).uff,128.968635,80.7803542,lower,3,16.0627602,16.21,0.147239797,2nd shaft Wobbling
timesignal (55).uff,128.968635,177.75677,upper,3,16.2627116,16.21,0.0527115752,2nd shaft Wobbling
timesignal (55).uff,128.968635,64.4843174,lower,4,16.1210794,16.21,0.0889206465,2nd shaft Wobbling
timesignal (55).uff,128.968635,193.452952,upper,4,16.1210794,16.21,0.0889206465,2nd shaft Wobbling
timesignal (55).uff,145.264672,137.066665,lower,1,8.19800624,8.11,0.0880062449,2nd shaft Shaft rotation
timesignal (55).uff,145.264672,153.362702,upper,1,8.09803056,8.11,0.011969441,2nd shaft Shaft rotation
timesignal (55).uff,145.264672,128.968635,lower,2,8.1480184,8.11,0.0380184019,2nd shaft Shaft rotation
timesignal (55).uff,145.264672,161.460733,upper,2,8.09803056,8.11,0.011969441,2nd shaft Shaft rotation
timesignal (55).uff,145.264672,169.658739,upper,3,8.13135579,8.11,0.0213557876,2nd shaft Shaft rotation
timesignal (55).uff,145.264672,113.272452,lower,4,7.99805487,8.11,0.111945127,2nd shaft Shaft rotation
timesignal (55).uff,145.264672,177.75677,upper,4,8.12302448,8.11,0.0130244804,2nd shaft Shaft rotation
timesignal (55).uff,153.362702,145.264672,lower,1,8.09803056,8.11,0.011969441,2nd shaft Shaft rotation
timesignal (55).uff,153.362702,161.460733,upper,1,8.09803056,8.11,0.011969441,2nd shaft Shaft rotation
timesignal (55).uff,153.362702,137.066665,lower,2,8.1480184,8.11,0.0380184019,2nd shaft Shaft rotation
timesignal (55).uff,153.362702,169.658739,upper,2,8.1480184,8.11,0.0380184019,2nd shaft Shaft rotation
timesignal (55).uff,153.362702,128.968635,lower,3,8.13135579,8.11,0.0213557876,2nd shaft Shaft rotation
timesignal (55).uff,153.362702,177.75677,upper,3,8.13135579,8.11,0.0213557876,2nd shaft Shaft rotation
timesignal (55).uff,153.362702,185.254946,upper,4,7.97306095,8.11,0.136939048,2nd shaft Shaft rotation
timesignal (55).uff,161.460733,153.362702,lower,1,8.09803056,8.11,0.011969441,2nd shaft Shaft rotation
timesignal (55).uff,161.460733,169.658739,upper,1,8.19800624,8.11,0.0880062449,2nd shaft Shaft rotation
timesignal (55).uff,161.460733,145.264672,lower,2,8.09803056,8.11,0.011969441,2nd shaft Shaft rotation
timesignal (55).uff,161.460733,177.75677,upper,2,8.1480184,8.11,0.0380184019,2nd shaft Shaft rotation
timesignal (55).uff,161.460733,137.066665,lower,3,8.13135579,8.11,0.0213557876,2nd shaft Shaft rotation
timesignal (55).uff,161.460733,185.254946,upper,3,7.93140442,8.11,0.178595584,2nd shaft Shaft rotation
timesignal (55).uff,161.460733,128.968635,lower,4,8.12302448,8.11,0.0130244804,2nd shaft Shaft rotation
timesignal (55).uff,161.460733,193.452952,upper,4,7.99805487,8.11,0.111945127,2nd shaft Shaft rotation
timesignal (55).uff,169.658739,161.460733,lower,1,8.19800624,8.11,0.0880062449,2nd shaft Shaft rotation
timesignal (55).uff,169.658739,177.75677,upper,1,8.09803056,8.11,0.011969441,2nd shaft Shaft rotation
timesignal (55).uff,169.658739,153.362702,lower,2,8.1480184,8.11,0.0380184019,2nd shaft Shaft rotation
timesignal (55).uff,169.658739,185.254946,upper,2,7.7981035,8.11,0.311896499,2nd shaft Shaft rotation
timesignal (55).uff,169.658739,145.264672,lower,3,8.13135579,8.11,0.0213557876,2nd shaft Shaft rotation
timesignal (55).uff,169.658739,193.452952,upper,3,7.93140442,8.11,0.178595584,2nd shaft Shaft rotation
timesignal (55).uff,169.658739,137.066665,lower,4,8.1480184,8.11,0.0380184019,2nd shaft Shaft rotation
timesignal (55).uff,169.658739,202.150837,upper,4,8.12302448,8.11,0.0130244804,2nd shaft Shaft rotation
timesignal (55).uff,177.75677,169.658739,lower,1,8.09803056,8.11,0.011969441,2nd shaft Shaft rotation
timesignal (55).uff,177.75677,185.254946,upper,1,7.49817644,8.11,0.611823557,2nd shaft Shaft rotation
timesignal (55).uff,177.75677,161.460733,lower,2,8.1480184,8.11,0.0380184019,2nd shaft Shaft rotation
timesignal (55).uff,177.75677,193.452952,upper,2,7.84809134,8.11,0.261908656,2nd shaft Shaft rotation
timesignal (55).uff,177.75677,153.362702,lower,3,8.13135579,8.11,0.0213557876,2nd shaft Shaft rotation
timesignal (55).uff,177.75677,202.150837,upper,3,8.13135579,8.11,0.0213557876,2nd shaft Shaft rotation
timesignal (55).uff,177.75677,145.264672,lower,4,8.12302448,8.11,0.0130244804,2nd shaft Shaft rotation
timesignal (55).uff,193.452952,185.254946,lower,1,8.19800624,8.11,0.0880062449,2nd shaft Shaft rotation
timesignal (55).uff,193.452952,202.150837,upper,1,8.69788467,8.11,0.587884674,2nd shaft Shaft rotation
timesignal (55).uff,193.452952,177.75677,lower,2,7.84809134,8.11,0.261908656,2nd shaft Shaft rotation
timesignal (55).uff,193.452952,169.658739,lower,3,7.93140442,8.11,0.178595584,2nd shaft Shaft rotation
timesignal (55).uff,193.452952,217.84702,upper,3,8.13135579,8.11,0.0213557876,2nd shaft Shaft rotation
timesignal (55).uff,193.452952,161.460733,lower,4,7.99805487,8.11,0.111945127,2nd shaft Shaft rotation
timesignal (55).uff,202.150837,185.254946,lower,1,16.8958909,16.21,0.685890919,2nd shaft Wobbling
timesignal (55).uff,202.150837,217.84702,upper,1,15.6961827,16.21,0.513817312,2nd shaft Wobbling
timesignal (55).uff,202.150837,169.658739,lower,2,16.246049,16.21,0.0360489609,2nd shaft Wobbling
timesignal (55).uff,202.150837,153.362702,lower,3,16.2627116,16.21,0.0527115752,2nd shaft Wobbling
timesignal (55).uff,202.150837,250.439093,upper,3,16.0960854,16.21,0.113914568,2nd shaft Wobbling
timesignal (55).uff,202.150837,137.066665,lower,4,16.2710429,16.21,0.0610428824,2nd shaft Wobbling
timesignal (55).uff,217.84702,202.150837,lower,2,7.84809134,8.11,0.261908656,2nd shaft Shaft rotation
timesignal (55).uff,217.84702,193.452952,lower,3,8.13135579,8.11,0.0213557876,2nd shaft Shaft rotation
timesignal (55).uff,217.84702,242.241087,upper,3,8.13135579,8.11,0.0213557876,2nd shaft Shaft rotation
timesignal (55).uff,217.84702,185.254946,lower,4,8.1480184,8.11,0.0380184019,2nd shaft Shaft rotation
timesignal (55).uff,217.84702,250.439093,upper,4,8.1480184,8.11,0.0380184019,2nd shaft Shaft rotation
timesignal (55).uff,250.439093,217.84702,lower,2,16.2960368,16.21,0.0860368038,2nd shaft Wobbling
timesignal (55).uff,250.439093,202.150837,lower,3,16.0960854,16.21,0.113914568,2nd shaft Wobbling
timesignal (55).uff,250.439093,185.254946,lower,4,16.2960368,16.21,0.0860368038,2nd shaft Wobbling
timesignal (55).uff,250.439093,314.823435,upper,4,16.0960854,16.21,0.113914568,2nd shaft Wobbling
timesignal (55).uff,331.119472,217.84702,lower,2,56.6362261,56.74,0.10377393,Input shaft bearing 150 RE BSF/Rolling element
timesignal (55).uff,331.119472,161.460733,lower,3,56.552913,56.74,0.187087002,Input shaft bearing 150 RE BSF/Rolling element
timesignal (55).uff,331.119472,105.174422,lower,4,56.4862625,56.74,0.253737459,Input shaft bearing 150 RE BSF/Rolling element
timesignal (56).uff,32.5625167,8.12500416,lower,3,8.1458375,8.11,0.035837504,2nd shaft Shaft rotation
timesignal (56).uff,32.5625167,57.0000292,upper,3,8.1458375,8.11,0.035837504,2nd shaft Shaft rotation
timesignal (56).uff,48.1875247,72.6250372,upper,3,8.1458375,8.11,0.035837504,2nd shaft Shaft rotation
timesignal (56).uff,48.1875247,80.7500413,upper,4,8.14062917,8.11,0.030629168,2nd shaft Shaft rotation
timesignal (56).uff,57.0000292,72.6250372,upper,2,7.812504,8.11,0.297496,2nd shaft Shaft rotation
timesignal (56).uff,57.0000292,32.5625167,lower,3,8.1458375,8.11,0.035837504,2nd shaft Shaft rotation
timesignal (56).uff,57.0000292,80.7500413,upper,3,7.91667072,8.11,0.19332928,2nd shaft Shaft rotation
timesignal (56).uff,57.0000292,88.9375455,upper,4,7.98437909,8.11,0.125620912,2nd shaft Shaft rotation
timesignal (56).uff,72.6250372,80.7500413,upper,1,8.12500416,8.11,0.01500416,2nd shaft Shaft rotation
timesignal (56).uff,72.6250372,88.9375455,upper,2,8.15625418,8.11,0.046254176,2nd shaft Shaft rotation
timesignal (56).uff,72.6250372,48.1875247,lower,3,8.1458375,8.11,0.035837504,2nd shaft Shaft rotation
timesignal (56).uff,80.7500413,72.6250372,lower,1,8.12500416,8.11,0.01500416,2nd shaft Shaft rotation
timesignal (56).uff,80.7500413,88.9375455,upper,1,8.18750419,8.11,0.077504192,2nd shaft Shaft rotation
timesignal (56).uff,80.7500413,48.1875247,lower,4,8.14062917,8.11,0.030629168,2nd shaft Shaft rotation
timesignal (56).uff,88.9375455,80.7500413,lower,1,8.18750419,8.11,0.077504192,2nd shaft Shaft rotation
timesignal (56).uff,88.9375455,72.6250372,lower,2,8.15625418,8.11,0.046254176,2nd shaft Shaft rotation
timesignal (56).uff,88.9375455,57.0000292,lower,4,7.98437909,8.11,0.125620912,2nd shaft Shaft rotation
timesignal (56).uff,145.250074,137.12507,lower,1,8.12500416,8.11,0.01500416,2nd shaft Shaft rotation
timesignal (56).uff,145.250074,161.562583,upper,2,8.15625418,8.11,0.046254176,2nd shaft Shaft rotation
timesignal (56).uff,161.562583,145.250074,lower,2,8.15625418,8.11,0.046254176,2nd shaft Shaft rotation
timesignal (56).uff,161.562583,137.12507,lower,3,8.1458375,8.11,0.035837504,2nd shaft Shaft rotation
